id_aluno,pib_per_capita_municipio,investimento_por_aluno_rs,taxa_frequencia_escolar,infraestrutura_escola_score,vulnerabilidade_social_index
1,32889.78238863349,4568.439600146601,79.5812121019745,3,0.12135608676115517
2,21739.594729599925,5543.411172135202,77.73109258983379,4,0.5824987446287757
3,48645.07204418313,5636.490053071356,87.12548668794959,3,0.5989669563659035
4,5798.7860394156005,6318.9806908356695,91.14436407884308,3,0.13726834391618004
5,46263.00416693903,5155.74109378897,96.09171941580298,3,0.17344489272679697
6,25845.740288975485,5375.460436270934,96.39106655904396,4,0.12771315684410078
7,13832.10670896675,6538.040126281978,93.38247590574048,1,0.292327639779267
8,6195.528508924939,5363.795682536259,91.77326769661272,3,0.20224567011006234
9,121749.1170859098,7089.767043255144,96.70707127816696,3,0.28825078588758524
10,5171.22837275425,6558.234099665365,98.29582734415332,3,0.6443920113220097
11,41719.41243177149,5691.276702624369,92.80049584769483,5,0.23056295527903603
12,39336.141606768724,6564.582380430511,91.45745688367907,4,0.28381814117231796
13,16847.839030329502,5884.193968090264,70.29634895243179,3,0.11051020899811637
14,22037.751493824384,6612.405667188984,95.28160285987802,5,0.22883870738430456
15,71108.71985227508,5233.441988008958,86.62351386981506,3,0.6257553546886373
16,17581.93973073252,4949.282355226403,83.37114397143995,4,0.5566930364732572
17,96199.48152208362,6110.4543809462975,95.66296555640736,2,0.04001814454697128
18,23580.22638246495,,94.21898102800812,3,0.33891075682522764
19,7457.225368963653,8403.308449027607,80.72476696957692,3,0.8735761553310674
20,46957.432246972436,7308.455383566165,89.94797328674109,2,0.6395365562315329
21,10946.494697051225,9171.360344646011,94.004680532653,4,0.010286307938347394
22,25205.298235919072,4990.400159936376,82.2238007910009,1,0.765237278907504
23,13642.284120861372,8015.733978391346,,3,0.4309710661560241
24,47339.8379103148,6263.745144977395,95.99815421314767,3,0.5178128011694844
25,49012.707768574546,4792.644972191939,85.44940659787301,1,0.13547499005660324
26,11262.141957462934,5107.704505878763,93.13390088446842,3,0.963984632899328
27,30879.299214798797,5589.913291521203,92.6750903740896,3,0.3326726257268119
28,7500.526066048906,6357.548785999603,83.74126242829777,4,0.8922041996144489
29,18261.394299263487,,96.85542685780332,3,0.04278443316599967
30,7547.088109062568,7384.072175947822,87.17165909828732,3,0.5448194085562458
31,8887.443802854174,7046.97431186697,91.80972468069287,1,0.8333854645246099
32,10962.65433911124,6425.876369887392,91.52085007476197,2,0.9947372531356883
33,21187.914562065387,6163.634341426525,68.52052139199435,5,0.8733967699900336
34,7019.782769757295,6892.247751388989,97.78920121814899,4,0.6210258703471707
35,11698.416938609222,8425.993936399693,78.93259094007651,3,0.822892920932124
36,5164.364196650105,5409.630153983492,87.35415422593337,5,0.6310199455014602
37,62227.95131862851,5416.734161369067,88.70217240667024,3,0.7301227599156026
38,25087.136445085387,6563.262727260429,98.26029004075369,1,0.5983877259990821
39,9584.451699063658,5936.172204032737,92.32235556977415,2,0.2555012895437322
40,71084.02866760312,6438.386350829452,,2,0.5650137247091118
41,24526.939883454943,8274.009137938925,97.53984096322422,3,0.02482616716402597
42,6066.386943883857,5966.047579802233,90.84928834087769,3,0.775746796743185
43,23604.53060663398,4654.327319433042,97.59611094137522,2,0.40200455670146895
44,30551.181795309265,4624.311601845388,99.30671905571636,3,0.7241983458020662
45,45318.35393292893,6716.746588512628,77.62292522956321,3,0.2985806366377327
46,50032.95295109367,5332.005921452708,88.11659225362854,2,0.3210584057294982
47,12279.947147256444,7275.477772350172,93.24664445492252,2,0.44303709685221515
48,91265.08469612007,7645.437013897578,81.75788269823421,4,0.6961968465930658
49,20695.13711586422,6169.243122856359,95.22966538428898,4,0.6736603586499668
50,12666.226000286628,4679.289101439132,95.0838566697258,2,0.8355305131198867
51,24928.183889608226,5676.6263972196475,96.63134596641834,4,0.8404211290186115
52,16843.616946063863,8462.090047144702,99.41522459202766,1,0.26010527144416984
53,10695.37199949222,6064.724739124458,92.28504427745295,5,0.7556887724222227
54,66764.00110033984,5719.555001764382,96.41095833211133,3,0.6651331623251796
55,74994.85562035763,7548.726996123516,93.84660435762466,3,0.9627362506336832
56,50425.94619208935,4961.795176756029,94.29213844696903,3,0.6357075366587867
57,19175.612534662985,6069.8736823861545,80.50370572790213,3,0.3700026268205445
58,36479.47094919692,5038.942017359916,90.55403006425645,3,0.193548823602671
59,52653.00760832108,6679.576072638361,88.97187236363476,4,0.4151315390646323
60,7058.648345440271,6150.800098541186,66.57387647842933,4,0.24669435202362788
61,18189.061670660107,5622.574336863014,86.0316824853452,3,0.6485368993784384
62,30650.554429494525,5853.676418240656,97.48560672805735,3,0.8672912035049528
63,98717.1401296377,4874.191854521973,91.97855876827117,3,0.32284451691260796
64,35543.947241715345,7796.036554642404,93.124955946673,3,0.2830372406651487
65,30307.66107409165,7298.410303396084,83.9695739354078,3,0.5356584585239638
66,10747.492785893264,5703.8164167362975,76.07407557369883,4,0.5461991260893835
67,13670.417870719155,5710.831660648,98.44793393936123,4,0.02204936680826275
68,9359.134502783492,,94.31497953713863,3,0.6420237436114538
69,14057.74129193576,7206.171519106246,91.74039133719674,2,0.7985736088721173
70,36691.13737920915,7198.673801487789,99.98688189240947,3,0.7416252645088007
71,84240.2389579361,5850.633112625219,83.38979253593122,3,0.571596508459658
72,5397.702140960334,5474.754698400997,99.58118681039629,3,0.6737071016805857
73,14370.771299275682,4404.821654820413,89.73945829186147,3,0.3399643784594213
74,6253.735221222996,6123.19626510469,87.86402501836787,3,0.08596933515185268
75,56940.258973636344,7116.566046098745,99.34424447243174,3,0.8635497209098938
76,34584.48279213572,7040.736488908567,95.02254415009577,4,0.2826391563505092
77,48797.87626132803,4495.38178425395,79.2125173272096,3,0.2971566969441256
78,67632.26965799942,,98.54803134755642,3,0.37142694535756005
79,9154.861157297244,7691.154844271699,95.43452297486094,5,0.4693367269618882
80,20873.306882960867,5360.74349077859,98.75678262884473,3,0.8141788359800833
81,24756.249098338943,6957.392914438952,96.4784072152771,4,0.05052728000039042
82,23154.826166492414,7374.572011322047,85.29836773965843,5,0.17742969624574434
83,36861.45166266504,6470.9270598155135,85.2745628124828,3,0.5915970690891478
84,48223.15911625831,5849.370167388572,98.81584278288142,3,0.025988243838604763
85,11705.698085496842,6724.338165838193,80.2252489644417,1,0.022309285805525603
86,7788.377621744303,5538.150830462746,93.70029246256507,4,0.411181006641372
87,28790.179633339136,5489.993838984976,98.77134936449585,5,0.8955588807713519
88,11981.484545354968,7335.388661092653,87.20737477427338,3,0.30149647951715663
89,48853.85652731961,6288.564656767343,81.17352926095572,1,0.24497678489939978
90,20661.955217324357,6751.651202258004,96.79581494380221,5,0.5129220114803613
91,34362.76753536807,4415.770830101676,99.96507936754476,3,0.1653088765581111
92,15954.990115388464,7115.440022671002,75.59091851638885,5,0.5694425373237585
93,7730.485752200352,7243.556550559562,69.76939189425433,3,0.04526908461448009
94,13876.884119954842,5622.570526220835,90.64336889566714,5,0.2292026435322294
95,9454.519834075578,7391.559927104339,91.89701492640626,4,0.5108188879491731
96,11625.980674839288,6480.142289760914,98.06906584641766,2,0.2936691042073134
97,24654.456686613954,4077.6569367351094,93.94900190582422,4,0.16479711003134156
98,15959.183079851324,5664.144571571408,84.0403657077878,5,0.8417283797962594
99,39127.734105756615,6612.428494081823,71.31580945430082,2,0.009841337318966081
100,31114.384987816546,7676.963320582738,91.16892096445028,5,0.0772440994367869
101,41745.989862582544,4828.620550525733,99.79197206055662,1,0.0639507200149464
102,44055.719747266645,8211.159384917244,90.61122153338053,4,0.4049989803458294
103,23694.643130050117,5037.443011905887,89.74328493559179,2,0.12749807365392207
104,12402.69104028627,7559.916868566149,82.03533862733387,3,0.564063640132002
105,139352.33304082407,6686.109132774319,94.01566693276698,3,0.9227284879502374
106,7818.6757192405585,5140.29333459845,81.45525551414713,3,0.36771330001392943
107,18401.076695801396,5374.214941049137,84.51563159824022,3,0.22839686135796822
108,9199.230151791831,6260.50094363701,98.01017791628549,4,0.7233418868583186
109,22685.185224448756,4670.701822510579,89.09755991647643,3,0.06326747369121377
110,46110.64969532764,6979.580441380017,89.9199794561013,3,0.544069289145978
111,21097.621430968233,,74.80870153068832,3,0.8842832773320609
112,19235.29406478186,8302.989254271975,98.76454604334278,3,0.6976175114564268
113,15075.582932206888,4865.889722195438,92.10215367873758,1,0.27202734720348154
114,6996.336870523723,8803.439239548225,86.90716745138323,3,0.4688527855217539
115,37204.288507924546,5435.532918684595,96.88188760398268,3,0.3688577826369127
116,39793.098008604626,5321.48561329397,89.40473017523315,1,0.818096070027954
117,28865.357852935158,7493.11075831842,97.23684182465622,3,0.0860103716225118
118,63115.50504003222,6278.772353915066,85.10052134301695,4,0.6997888838260659
119,8571.831174209772,6091.058285103326,97.5139692371476,1,0.7879349842198948
120,10599.199086190063,4966.598202231564,99.18463504661544,3,0.5635384837688403
121,52135.16892302388,5877.32972506171,66.68287772026926,3,0.5750457096441051
122,32052.508592202863,7825.861394287832,77.12123551686109,3,0.8961280020749008
123,23164.317656579457,5879.594484901511,98.57972431621388,3,0.3168557891283107
124,42023.975968385224,7743.96336849993,98.63829101417903,5,0.5770062127439441
125,42449.995342290735,6830.6273857387405,88.04288324433851,1,0.07449819134511071
126,25234.38540294056,6110.006168667052,95.4593259314808,2,0.12001071579579059
127,34241.829127523946,4436.241943989638,91.20352466280531,3,0.8656062591055513
128,12163.313074609985,5652.682828280062,80.28151083843728,3,0.19980498117985934
129,35381.308896998584,6024.400046505583,93.5790407325127,3,0.11284380469850808
130,17748.167692067727,5226.3839097095215,90.20355190028982,5,0.09902984212282995
131,29052.40538705464,6021.562712570633,95.35078425110203,3,0.047995124782747034
132,27956.44926395565,6304.20615861724,67.88756577484767,4,0.7598785853819945
133,28587.90948253321,6062.050234552657,98.60485367086447,3,0.7927081877521479
134,35358.43558595367,5962.160203881704,88.64994488384067,3,0.1564459102262804
135,7000.1421791963185,4562.547375312116,95.50172724867706,4,0.573781570046289
136,10951.921203384554,8518.569607562065,89.91299857966744,3,0.9101056908913985
137,13861.619532064095,6123.8410090551915,93.6988392148331,4,0.7039776914073316
138,89586.78809932565,6397.108427955628,81.13496160464099,4,0.9222009792585758
139,31795.533131892702,7167.462874126695,81.17280951320453,4,0.9824873420667942
140,9781.465021785909,6500.292497932987,91.63920266550146,3,0.3571848151278141
141,33623.62309181558,6057.731423180776,86.28278744487359,3,0.34486788567578064
142,50981.169035868515,6494.105772938311,97.86850729457622,3,0.8047076188019765
143,62578.965235075986,4719.956639095573,93.58326408280641,3,0.5987539187195712
144,10828.89649381302,7889.295790118285,80.01209495562964,5,0.36792306783596396
145,78699.56810795968,5986.941617819633,89.18085841006945,4,0.18016396876546814
146,11591.368113620341,5045.476357813202,99.42573556825477,3,0.23489499037463757
147,9174.240880217574,6027.883554006585,85.6081866114457,3,0.007604600407393525
148,29908.132358090603,6348.999123509522,80.75495953797994,4,0.6187923519008559
149,5931.370379093213,6672.8003857187405,92.22992448648503,5,0.307540839279026
150,44726.903238036335,7351.313876317567,91.24767941077239,1,0.07477736468208585
151,8852.21705149833,5500.188769799623,92.58833933569464,3,0.6563843415115984
152,7261.551876170848,5042.753870744653,89.56125333516056,3,0.8285636675175393
153,47728.48493330091,5913.132144085577,99.20801205017436,3,0.8141287861579701
154,87603.9297371708,4679.682437894142,89.81067587512752,4,0.6054128164642713
155,40784.38500498669,6085.816473979672,82.43136846890458,3,0.4120206686280681
156,47794.62647396245,7682.777942160706,86.05652704306735,2,0.9244288718202639
157,74070.32974260754,7142.478598659197,98.42293456383221,3,0.4651398171830964
158,18354.093258983088,5167.053731955762,98.1794224800714,3,0.4955931502239955
159,14601.072139442631,6607.362775789766,83.34594426178859,2,0.7376767182816926
160,35713.71697340056,5479.12323330307,89.17137372375143,3,0.8424351787173384
161,29712.15807352209,6599.780960367452,93.55289484817585,4,0.4756926767836237
162,33881.197019138956,5343.8585520565375,89.92938066385058,5,0.16650350111156687
163,36218.13484553438,6186.63328049334,89.60840487997568,3,0.9563460459742712
164,36382.14675850214,6315.697528890479,89.88287049071239,4,0.00013400446723810244
165,11275.867429260881,5637.112568919335,52.33352323279854,3,0.8838839095248446
166,7171.756435504204,5017.674114469482,99.95524264971135,1,0.1713285344539789
167,22348.6958529251,7538.983529894058,85.72250799662861,3,0.4714586514604123
168,75378.05556324475,5550.255541390422,86.43195168239741,4,0.2803309981981472
169,38150.71063182255,5136.921106547007,92.56071452033915,1,0.6900767289402808
170,9492.356382304943,5046.097514623485,73.72610814037063,2,0.5603853951628731
171,6720.539352466597,5107.733879241464,85.631838671005,4,0.15851449798324302
172,26870.302644389954,5766.989698174297,93.75369999510733,2,0.3568487112961589
173,26884.084349471184,5765.164579346874,90.21450477526152,4,0.26271800322993943
174,33049.429066258475,5748.268247420609,96.90288577448175,4,0.6793526582495744
175,11938.230478320493,7708.868831581787,93.82180316851525,3,0.05529629493095589
176,19906.09763007387,6409.442066764655,79.08626368326686,4,0.9860124579147471
177,35018.83529180696,4689.490917491793,93.21752543801436,4,0.38132928191902804
178,9317.30155014952,7035.7583797829475,81.93699703866638,4,0.047561300325485334
179,10184.400249465867,5888.551229368166,90.31345605249089,1,0.12656565527510844
180,19443.107451907614,4366.228785647027,70.99397396048198,4,0.7946954105852428
181,12208.429827822667,7418.374545724376,88.90944316014352,4,0.07536846613662362
182,67986.46493094834,7571.190868403652,67.97490939733895,4,0.34863122264565416
183,10264.954983642878,5849.056244941322,96.65368573747119,3,0.32619268410182123
184,17758.55214252461,5687.812975195694,88.61585063544271,4,0.9846015262390249
185,47521.04838366847,7406.543776749675,99.92045322191284,4,0.21562174425831304
186,5979.028637523932,8319.75866086514,95.51744361935403,2,0.17418025944360194
187,32574.28986841364,5165.6856417299,80.7080908390104,3,0.80038153684441
188,5353.551499453721,,99.79695695469857,3,0.5091542783273622
189,70835.15213682027,8537.507575249558,93.90743719139643,3,0.8204825072848849
190,8031.545542436999,6692.9286144741145,92.67602524236771,2,0.8753155835516772
191,9118.158933393213,8125.2455796122285,87.27206765742481,2,0.8217173156304352
192,28452.22907450625,5009.77007820347,75.86825371594527,3,0.214877168842305
193,51974.844614612986,6003.846249179206,85.5252152707609,2,0.7413275538471806
194,19334.026039523356,5667.5990635848175,87.90729890846569,3,0.1437807152069165
195,20655.26280864895,4413.735106485458,95.99366088376672,5,0.7428209394974452
196,50245.67877504409,,98.68048140349909,3,0.3528740302753064
197,22815.700429694818,4029.4402072811026,81.45615605819077,4,0.2789962332456736
198,20435.570324084732,5036.439444158725,90.60998258864508,4,0.24609962269919605
199,13690.638952053758,6147.2029742006625,97.43480990889081,4,0.7691717187285604
200,16251.953359588999,6668.200784230706,98.83413218928168,3,0.5636208986640823
201,14933.567999645666,5019.321498135299,95.39950828157076,5,0.37147865052778983
202,26032.0507575557,5603.750237379125,95.43327319412411,5,0.32854254756948154
203,43078.06427671162,7793.649942934709,89.00212397514531,3,0.9172987999810476
204,37000.13031935118,5490.022914275783,,2,0.9337018796916037
205,33380.83328689994,7799.925245553124,96.48433471656534,3,0.4834144077911803
206,70958.31595631444,5111.000509308358,78.13408823194771,3,0.9520903637298809
207,55456.07258009437,4638.897883617099,99.5873400736754,4,0.8826325798596392
208,69683.33201930381,5571.506395488476,94.6624873519398,4,0.1433038474013879
209,6073.964824701379,5241.107263660784,98.33857739798536,3,0.5724330569705344
210,17514.404539533516,4424.288085182892,96.2970697236893,4,0.6742779060439417
211,26895.700712005473,6303.584504516393,89.60665747935462,4,0.5873636405551931
212,20491.12454927605,7746.727432996648,94.67871164202352,1,0.5797834266013647
213,33435.23117312431,5194.010952353829,99.71580109445448,3,0.5907424130372646
214,114382.7954116187,5615.096562234467,76.16417464980331,3,0.014800952253737565
215,9167.44473848348,,76.6293851584695,4,0.1728132782666323
216,15131.461746425693,5160.4496800712,80.82084908087008,3,0.072476273475511
217,81506.89227062148,7295.620135873671,87.15515255361488,2,0.94772180563324
218,18914.902460181173,5591.966042646243,99.95532513261905,3,0.8556177263336885
219,18492.593781454714,7511.997700389842,97.69193122621024,2,0.555262176303679
220,56239.42759085568,7194.533897348111,74.3046075880508,3,0.36101321291608146
221,6065.499425857943,5750.895763556465,94.65407348782357,2,0.36885094390252104
222,8182.208688739644,4960.981841944533,99.94401116348429,3,0.9527591852416355
223,8386.657869885932,5429.04707049161,78.24759434137721,5,0.7450479054479507
224,118930.94133377878,6481.999971074735,99.27475105268415,3,0.8335944693592234
225,7340.926564025282,6650.316879001371,88.54418631301596,3,0.17597224394794653
226,17873.888692540597,6052.835050912381,70.03379052191347,3,0.8789807182640403
227,60440.24471178532,8742.20143304619,90.48703324885537,3,0.898638240637032
228,17122.345322348196,,93.70449252691593,4,0.3031859286860513
229,5602.284039897092,5534.492343214982,83.24642958872992,1,0.4642699622034543
230,18592.240828508562,8349.979657115418,96.90295558422851,2,0.001541085396459252
231,7187.972103828968,5401.002092481285,92.49195500894142,2,0.8172752239689527
232,27353.79541080999,,98.47201719134317,1,0.6357171361227477
233,20759.148090618903,4634.563936689397,86.1527140368318,2,0.33706552824870717
234,16015.901080962558,6382.928866609154,77.13038087780465,3,0.7374762437188942
235,52296.60784770482,4111.067829397176,85.48073642790666,2,0.5433486605286033
236,65297.32525158495,7416.83427393615,97.72532932362836,2,0.44694224840936847
237,22097.69120177942,4814.026331395743,94.91315297366518,2,0.7250196120405098
238,19834.584228244363,5115.158985282936,90.34644121242667,3,0.9212032561667917
239,67375.59797362782,,82.20101525609867,3,0.31152109629579827
240,57698.95640260854,5260.676964967379,99.74409130855231,2,0.5250599876944675
241,51879.64592100257,4770.056724082639,91.18521517019589,5,0.816757169591681
242,30853.61081730609,5808.055533944706,99.44191713724634,3,0.2628172647876772
243,23973.154547976486,5675.126340232858,96.63931974594817,1,0.11348959221882338
244,88713.01378166943,5084.31015474713,92.73944370442851,3,0.8527521824907974
245,13640.789936012996,6050.879047605573,93.38229857296702,3,0.5175310949757005
246,14134.16288069121,5797.436095953157,84.62274904517444,2,0.24311943806338288
247,7673.79980305215,6688.030520634942,99.16002874003244,4,0.40288485483345726
248,17905.922863159194,6876.553587140205,84.55739350193484,1,0.9468834009356658
249,23265.05097802919,6832.812350768467,92.05721526824055,4,0.7208387303012814
250,7743.4088697518,,84.69317955726055,2,0.6941059684171598
251,15181.884312410803,4994.87546961976,66.4954301570455,2,0.9582278748448836
252,18723.208994354158,5484.150734775867,93.31312322577733,1,0.11617125268671202
253,118633.63388823111,6878.472174385772,95.8357997319872,3,0.9444373608654828
254,99410.48350652221,5921.964791148631,95.60699672015188,5,0.7722832560962277
255,8073.441302122501,5573.034880749444,76.6042136283138,2,0.1188330047601891
256,18260.41702655891,4518.374997232608,97.16577142124278,4,0.2929954391925439
257,43506.063781218494,6755.438933153561,87.97086980056129,5,0.5120087494658568
258,28814.92940889265,9493.717304561547,86.97519513126244,2,0.6615509450234298
259,35561.517482318566,8280.23188644547,95.55219265959548,4,0.3204947054563829
260,53769.45934710204,6779.856430101435,99.5404031165528,2,0.039825367200348016
261,16006.521202783177,5746.499209903393,79.9858625864643,4,0.8617905967642716
262,35125.482954449486,5048.498280846655,85.63714147261173,3,0.9435094039102156
263,30522.888252718843,5522.5296251590125,89.9799552925922,2,0.6332255300872538
264,6699.942468183607,4926.022112630644,74.76381848484814,3,0.04239751107908685
265,32321.807978001707,5907.37154664109,93.13600449437128,4,0.8414197016933874
266,6308.356334811049,5827.884591593779,65.9447837517045,5,0.8872103146407706
267,11525.60184606343,6934.4663983306955,91.67894409581075,4,0.8139379981653069
268,7922.569628573289,5950.725517609575,98.62275345543509,3,0.20700314682228238
269,11592.327676317214,6633.270337417573,98.25720012590232,1,0.14961752135461348
270,80285.02385923303,6259.476088948057,90.36356195713188,1,0.6267985430956559
271,54276.68136448936,5803.7276724273015,90.86989391366225,3,0.27196946763515495
272,13662.323825900345,7636.471926305823,95.62777746782302,3,0.6286115154275589
273,81695.77035434653,5732.36206987739,51.30159960032202,1,0.7039551453329242
274,8234.04984761867,6188.027801659442,83.9950757191576,1,0.15568998324046335
275,9977.689146777922,5794.828218042299,89.85401363475226,3,0.7179114782985085
276,20156.75742537089,5653.7053224975025,93.7617743185585,2,0.4975027201604053
277,6408.077190223157,4352.571423485255,98.30147107968315,3,0.1255658426371754
278,18229.67585517806,6592.72876424414,83.30496575954764,2,0.7929061310467298
279,26095.186724345767,6566.644805420717,75.81788192970772,5,0.8512624586282248
280,42703.14967580989,7321.277306685802,94.90100885143734,3,0.36330885989124095
281,41201.86948690251,4630.151753916888,97.0129904107368,1,0.6784604012271268
282,189216.51214254514,7829.869629992742,72.2101772138044,3,0.8419840211146202
283,23821.528082793502,6395.517640826995,86.68899220477185,1,0.415598665534488
284,49540.75588879423,4473.620651706015,95.92013644063964,5,0.351879515007397
285,37117.02361481798,4763.544361064105,91.33765338402438,5,0.1015725032267486
286,41612.86800486626,6738.855587217889,89.13863558914412,4,0.31105395430853866
287,13679.8119315153,5693.970846985286,95.05583003564033,3,0.2903629116600709
288,25884.600468914854,5823.72880558043,89.79034779387429,2,0.3841285196343336
289,46295.701766440834,5392.351476343599,95.09564924686704,5,0.07739974763031532
290,24698.664537633023,5711.506161739453,56.80358955457416,3,0.631560650972739
291,53285.2396813498,6738.37644017936,94.02787733585004,4,0.15908737089672953
292,22533.7584164928,7022.58867458724,81.20058591852741,3,0.23818979858880174
293,12253.104709806401,6561.039000160052,77.87981905493896,4,0.5860207730390634
294,7955.539301202463,4368.698682440365,87.93692807513277,5,0.26429483698355416
295,12450.755137174106,6282.40998079961,84.4527640650026,3,0.7343042236279765
296,29059.69046732892,7815.14930870313,97.88485953216231,3,0.350501370567581
297,20423.193475530126,4946.216104032901,85.23272125177735,4,0.7161674572573427
298,38730.491831689964,5907.16317359102,95.9729080771568,4,0.33690201615034143
299,16826.610732646506,6272.074458910713,98.53052341253533,3,0.6246703349735844
300,41781.46958277966,5989.707592265449,96.15236687867235,3,0.5172884664629709
301,14676.950759152267,5688.792178412126,86.99963126415415,3,0.42351750982023495
302,98663.00130799077,7218.434131436238,95.61988109553674,3,0.042365266275212976
303,13872.974075593196,5262.590476403897,84.75990925345107,5,0.3247983763053238
304,54842.97319360004,7843.548321116054,97.79733536646647,3,0.6169263104981358
305,19044.74647519974,8134.441102882039,98.21106439004964,2,0.18582591865701092
306,12023.961299434373,4829.66105163917,94.9338706256729,2,0.5558769742275991
307,84173.04157449897,6408.244807190889,83.74210961435182,1,0.4925218129722574
308,17425.531399868803,5472.128284063559,97.09544068753921,3,0.11932919209230775
309,36806.08459908499,7216.435543056793,93.51299430940816,4,0.30675805726091665
310,9536.525574235246,4942.670377979189,97.80250497585922,3,0.12047677403751444
311,88231.8897958496,6411.930869893784,99.16104767872893,3,0.52021946619801
312,8731.362454060985,5452.718855446738,97.18384372886729,3,0.6813732937956948
313,57069.035622151474,7647.657757952366,90.62589543719253,3,0.41544110977453463
314,5371.6312637118635,6097.003351509869,80.02629463443924,1,0.4837418877541484
315,14526.837701670154,5889.588677242117,97.84599130258775,5,0.06179700636428964
316,21156.84510109623,6774.3620297536,96.08917444857006,4,0.24283768156905805
317,36530.11449553787,5390.758048273256,98.99020355275174,4,0.9562506920523897
318,34925.156083657916,6258.547523555295,95.32836033588995,5,0.033621193960963636
319,13111.124708568856,8937.957601028378,99.23956774791448,3,0.6495925996554769
320,6944.570951572465,6005.5557783682925,84.58452274810477,3,0.8703165594489322
321,7555.392552808862,4295.270316995074,60.21044781039717,3,0.9838397940718501
322,5000.434982826803,5889.894336536603,97.69094527769633,4,0.9198092385852454
323,41154.244434346416,6606.465876959407,96.15635965083236,3,0.7535604101155656
324,8644.771523702546,6256.655203224482,87.81174478235201,5,0.17386890934261667
325,47121.82785027918,6889.062321748136,99.57593969538266,1,0.8528153031526114
326,13108.165155252918,6868.517240388696,94.56964271240498,3,0.6703676123356734
327,9827.18902723943,5846.468827594284,90.34185203270198,5,0.7169264327354379
328,20585.41978217299,7567.155747647041,99.64565284807198,5,0.7301034883749427
329,38466.74975570909,7568.062663726001,95.17880191834291,3,0.5743685004077888
330,51904.08424498105,7460.090520675302,78.65698049987869,3,0.8802463944140585
331,23407.68158253104,6411.101602533845,87.3888704784208,3,0.7702917628336826
332,13561.082507991683,6294.094108318433,91.10868048682332,1,0.6275239356877843
333,18801.450455722355,6233.941647490357,74.36672213970131,4,0.3905480943438622
334,82456.23622073175,6326.583571366705,81.34660521370685,1,0.5728909252667985
335,45427.93193097383,5776.141681630961,82.96770795819222,1,0.7525422619287724
336,17043.863916842507,,94.88813566481235,3,0.2740282452094567
337,34771.35640585949,6342.059815576838,73.17255793857885,3,0.4473221374869494
338,18861.902308356108,7613.28184240936,91.01159466336982,3,0.9533497196249576
339,42755.81674073978,,88.47685516963901,3,0.5983677384889446
340,13410.868131248788,7549.114627000834,93.93300827630168,4,0.7066965833881339
341,18400.931752688615,5295.389393438691,94.6653694221255,2,0.9796862917993141
342,29168.859442859142,6075.350116017676,99.87933362009865,3,0.8204894580107945
343,9189.617434796708,8029.29678425853,98.64283287136226,2,0.630711450990849
344,37645.94876253431,5860.321357984293,89.99998137423673,3,0.15397563094857503
345,32453.947985896142,4580.088149954355,75.6710914996048,1,0.26499947979918204
346,112242.22720461183,,97.59216846299398,2,0.7873515555742665
347,37006.168571027156,6824.872982563009,95.4844132352292,4,0.9469219030683901
348,29452.62460958918,5648.238650744461,81.00031713992554,5,0.41414186966187283
349,27137.82585971569,7145.545773005949,99.75738810959493,4,0.7843013973555288
350,31337.522705239975,5107.975583888457,84.19304110045702,3,0.22915686338099617
351,84537.04151381439,7293.102177832349,99.41638612806588,3,0.4046248220173406
352,7913.242840498295,7391.145910435615,68.30938227725042,3,0.9308003230852735
353,59741.591142706035,6269.5792096784235,95.5139681733958,1,0.38433666710463454
354,14708.953265261356,5297.14149057351,85.60728714714915,3,0.37050187026639103
355,5114.218853828368,6076.917682160257,99.37529010772764,5,0.6696910724914006
356,11691.828192092999,4502.505536414934,93.96165832235792,2,0.5073995022897163
357,23644.41965331631,7799.911628519394,,2,0.4085203745288919
358,25161.193652811147,6166.230185421471,75.61160030005591,1,0.9892226336077065
359,24812.603858736467,7740.362099277309,95.42063202352725,3,0.3691725266254481
360,27329.749227954984,5639.923663968333,96.94487268321977,4,0.2439390279720438
361,5817.541904388736,4448.633282017705,88.47761679755205,3,0.3504288346658023
362,184054.92160634027,6255.5632155926605,99.69638930094989,2,0.20816733736643855
363,18894.764810995606,7868.076056425898,91.0398269885561,3,0.31980083211271537
364,9345.407374286391,9211.778360115663,94.58630481509383,1,0.5242578019751482
365,11305.22577761941,4151.640121178163,84.92645931673492,1,0.45579861205040895
366,36973.99090108009,4005.699061113074,87.80242062879523,3,0.3669415451189676
367,15133.15339202146,4452.537229884116,81.62100306508047,3,0.9663769633125737
368,25680.90938470902,6289.015672647209,97.42159910522072,2,0.31009718862994207
369,81410.83641732826,4067.8366574012966,99.58766588541177,3,0.7394259222153946
370,20652.845782944903,5515.311156006825,93.30066107861848,2,0.7271986800560127
371,25543.848989547405,7021.960247213369,91.88972649197912,3,0.8849713722591319
372,14285.559607523623,5616.2165679361515,96.27560744913701,3,0.8953873015123647
373,37556.618884730895,6933.515875607071,72.59452542926951,2,0.1536861711602594
374,36883.15317362416,,83.46990708964941,3,0.2884622141374039
375,17510.15662039437,4025.071621470118,95.4694207323002,4,0.26789011874715063
376,16830.128394290692,6146.39638330388,81.19648814779656,4,0.17287674707209366
377,33087.31997841115,4414.420022696039,75.07220437614916,3,0.7221849678757393
378,33068.57927662719,7362.62772706822,97.51534275297615,3,0.6988387265118136
379,52029.82776806409,5697.6820845891625,98.15628788229259,2,0.3741920989258498
380,92497.8362619685,6069.063150944682,91.12145043250207,4,0.7101359095626548
381,13816.168848285022,6334.623315868918,97.14270372788062,2,0.522196404543771
382,15397.384072730845,,87.72367163820695,3,0.0254316055380297
383,16253.417062359296,4945.604020082607,97.82178395888144,5,0.8612410591575641
384,26321.787465140595,4987.439521879158,93.60154989445017,2,0.6184315182088945
385,13483.613797772237,7397.565740777529,96.69375203970363,2,0.004117458069457625
386,27628.95074679403,4438.819990111399,90.30197408414226,3,0.22486938905069487
387,23948.189868677026,5544.874604091765,80.99423904495184,3,0.6708296078560282
388,10370.08279529943,6271.398986496506,98.51016044919089,2,0.15449043047812194
389,42488.622227461616,5239.91260207706,93.12003667476492,3,0.20823084920310564
390,41371.631218226634,,93.0428872145356,3,0.6704312521865601
391,7427.498240754,5361.755856708288,84.75361834515192,4,0.9904453715454322
392,27299.94710110857,7574.483257456143,90.92081042516452,5,0.6110865966548868
393,30394.544177814667,4432.593418013036,81.59892592853448,2,0.3705640900784256
394,7639.260494339231,8324.936000316495,99.02751782027786,3,0.5981376591938471
395,11159.019871512186,4916.285417315139,88.59156711614008,2,0.4716468219307124
396,37823.74748303465,7860.8688957249615,91.99589866027976,3,0.5284770164950728
397,11553.68992703105,6933.547180880832,69.21640039069617,3,0.5298802636028239
398,10297.157625573866,4260.1897585463175,90.08234877844534,3,0.41301282628530134
399,7613.819795205281,6744.914981874623,98.0261689889049,2,0.9142413668594752
400,23750.79967287647,5883.670684062558,69.28770378345006,3,0.09282577794748692
401,132735.4428227447,5998.701734654229,93.63074958292891,2,0.4509115077202157
402,21449.02220524754,7962.008798487791,95.52204729723535,3,0.3684002078665918
403,44625.63513101731,4566.670076342551,99.4520486922893,3,0.7141694943044903
404,49458.841146138526,5723.999161230152,87.58274397669483,4,0.8123160710201944
405,23232.128122300546,7495.755776022041,93.31485021136032,3,0.926897834953213
406,9417.433579569311,7578.747328538695,96.77421697173129,4,0.6810820193700257
407,8959.472734390964,6383.476924346738,97.14246419945333,3,0.18783945492160237
408,37944.332292457104,5037.622275334062,82.67848602760539,1,0.8068734377802254
409,43329.018849999,6439.188718241636,99.73554056429606,1,0.45845560884392034
410,18661.08000692041,6041.074084829712,96.55975683143267,5,0.14749253893450454
411,24597.28938492079,7899.2495316797895,91.30078753252648,2,0.369270631252546
412,20438.04375783662,4206.434313895689,64.82693364174796,5,0.9019712051405786
413,18620.041713938626,6145.89436769467,82.20889078764138,5,0.7524452332368328
414,48819.231195206026,6785.624201877518,89.49237945518209,2,0.6246962297847641
415,17626.046405643054,4812.171753533166,96.27014403543677,3,0.8489463417892096
416,33196.676916975804,5271.547672205135,76.20538769199135,3,0.002867858472435647
417,6509.268023576251,6628.738980330214,99.16074132298203,3,0.6559948161822327
418,8324.373880755878,6773.9144651120705,93.21799854292648,2,0.5005588407444828
419,11558.7088246991,6782.28083352893,85.54849225115309,3,0.6266757319290086
420,28096.67757641225,,95.80620989994368,4,0.7758765638295867
421,18189.178529310833,5343.651690217582,93.65539594341249,2,0.4271704284885881
422,37256.37293362933,8933.603779672882,92.9732869126723,3,0.4263168637960443
423,11777.756281957336,5388.863725019189,77.46566202509305,4,0.5208299073160021
424,92003.39767123113,6606.370927994657,88.55952307515322,2,0.7099793201772425
425,27924.89751189784,4733.196285941177,69.89586795554294,3,0.4014818263763389
426,61446.96741116009,6602.638244049941,98.19096490819427,3,0.010120221148488429
427,8400.726907421837,7262.15105857904,86.94313979732799,3,0.4013456775284252
428,12066.248117832434,5077.061316837126,73.0868828137915,4,0.358029308246405
429,21246.288737910858,6407.918746914512,92.59001544929946,3,0.24565461249751852
430,27023.437169361634,7236.692391623788,99.56651235612517,4,0.28869087797701787
431,32210.158839105403,4744.273230865694,75.12115822119495,4,0.2599150801432043
432,5391.172241372593,4411.773042810463,94.72221859730784,3,0.3632646162146327
433,48363.19379900995,5874.288086111009,87.81731832622668,1,0.48523325688001995
434,40034.993997223064,4946.848279041565,87.58893698731892,2,0.3287846540996958
435,106710.04906713123,5718.01601896699,81.25691623080627,2,0.9570091252920071
436,12383.679166529513,6259.342908794561,95.28765843273868,3,0.06855675228387659
437,33475.15206025589,7467.641199450635,93.55482700439218,3,0.09614982898585134
438,34021.802851931105,7087.96917812486,97.79345084992539,4,0.6935250975607308
439,22480.84800324548,4240.561913024925,85.42506761413863,2,0.3650457363899563
440,8422.37065667507,7395.310076882679,90.76582130372465,4,0.38488082022006964
441,12520.371932942813,6340.511468730413,91.95195093660794,1,0.22931433317267003
442,163578.60384450975,,95.92502209323975,3,0.651245859687513
443,78181.28028124415,4656.431557832171,72.71454665983127,5,0.5634022250646723
444,39369.47060745452,,88.19631203800981,3,0.014666110396138743
445,33880.92160308829,5142.194950666928,75.1388873157243,3,0.6967830806352282
446,60166.65034014517,4487.127324305445,98.86183920943107,4,0.5487767204318926
447,12678.321756150995,6464.277198623276,91.05288326515222,2,0.4840756881911754
448,8942.127832474274,5413.910839313766,83.6636056457253,1,0.18940723992825326
449,8581.157286718322,4674.327857652844,84.00575381943523,3,0.17651016139902964
450,21750.851255373334,5677.5619793852875,95.67319519972358,3,0.29830930572615644
451,82788.20484249377,7934.588055777698,91.47967809221886,2,0.4354466056605124
452,21658.217185453435,7661.254951551011,70.10451936880447,5,0.812772948855971
453,44636.12259644095,5489.894960281675,94.77874580380909,3,0.27654790721041167
454,47013.60763995699,5561.516539448354,90.82012086571561,3,0.8829029743193603
455,14321.724333311107,4341.799810073628,92.17580971212668,2,0.142952428173877
456,17674.207345903873,7243.926068732853,95.3844313107204,3,0.35846048377308937
457,8163.779553746675,6511.002898670733,85.83417291497268,3,0.7891791156586054
458,34643.09739137332,4534.260568729089,81.10459685565229,4,0.7892584224149513
459,100773.14873831648,5470.344667532381,99.39093867307493,3,0.07557620288448907
460,13634.523741388062,8245.412928984422,84.35541971410106,2,0.9440556902840351
461,39308.04386696914,5639.307861953708,94.37140242662743,3,0.9925378804583836
462,25677.978718627233,8328.953140012303,98.66279190702029,3,0.4256892243679664
463,9126.829861637345,5443.20985049507,75.44443704748541,4,0.8657404968320506
464,51432.24211363189,4424.754361488549,97.82994360517675,5,0.28687701131331067
465,11276.42639454659,5554.28067748588,95.82328271642969,3,0.4628374057491017
466,13338.171052773045,5315.664996290164,98.73308808332668,2,0.3514501544175982
467,19210.777385190595,6537.140858558156,99.67182835268473,2,0.3925344399673427
468,24169.883452320348,4749.153630661443,96.05525938905633,2,0.23407840491901022
469,51125.33347881992,6461.101603234354,75.63913679677522,4,0.863718690457475
470,19900.438828739258,5680.587678122844,71.47639060126815,4,0.7151479841341061
471,21229.258580383,5958.3882834895485,96.99328894834389,3,0.3025075358338206
472,7988.587732112537,6359.512093338311,94.83198026535139,5,0.5312190259179997
473,65367.76366957275,6282.364948286029,94.42389026415742,3,0.8950718471949842
474,14346.03014273175,7668.3098936671895,88.34034863930009,4,0.3417097355996086
475,18631.217309303887,6475.792632882154,86.01756471996428,1,0.2554338622473
476,41746.70366502413,6363.164850146419,61.72222063141886,1,0.679795523839167
477,14281.827352444789,8550.661971314963,88.25267120982659,2,0.7860152528390385
478,10727.792226437297,7488.950017039262,90.31343268429805,2,0.3232919891068371
479,25012.465779881237,4756.3838298620485,96.40080254340472,1,0.8931547827567105
480,24987.02798187695,5607.594247624365,91.25105804546932,3,0.8257419429941099
481,7836.613340943992,7610.27158701474,99.76265889881132,5,0.9125477509815832
482,54977.942335273416,6223.5519147950345,99.06246972355832,3,0.4296563971112738
483,7318.4332080985405,5499.329489306655,93.56854960469622,3,0.5601785126877847
484,72413.44026784886,4966.670776767531,99.86985851768165,3,0.36995712273938
485,76744.57804748135,,98.78083837669894,3,0.25014176742382943
486,66217.43551691071,7781.705238593387,98.88202602989901,3,0.29847018820814886
487,53598.88142113417,5477.694819659924,63.18418545586897,1,0.5273251599356882
488,39304.62045663133,6900.09337950028,97.31845925301172,3,0.8321554316290419
489,45023.90539959707,6171.017263767343,87.35346902100464,4,0.4521964383371383
490,14538.771967474628,4728.716491194786,82.30918162955228,3,0.9751864404439505
491,7752.990076502521,6989.0341961710565,96.27666975588518,3,0.34871040873447534
492,17119.4665753785,6524.223154335255,81.9235275693433,4,0.8209429631923514
493,8609.189121545502,8522.790156514267,62.136979704923455,5,0.31493485245096253
494,46896.17794540818,7083.240348874132,87.0364317902098,3,0.5830916391278513
495,6232.0379882014895,5376.445484186869,93.15597977423204,3,0.40646211027959545
496,153975.80954380237,7041.805733144454,98.71064136631801,2,0.6759116280478155
497,19543.61493761342,4934.2854990947135,83.85923079406658,3,0.6303185640619164
498,121228.07613112152,7268.510012915343,99.73850738045826,3,0.9178640056675411
499,32493.335046311335,6771.76619761411,87.39906138904699,1,0.02853502880025338
500,81208.80463622087,6534.449211388288,81.8503802826959,5,0.7532974525632838
501,25908.376599285526,6057.5896490706755,78.84814189843115,4,0.31373795327135356
502,32457.66451824232,6548.862966973012,95.70564070760726,5,0.5552533681104249
503,59401.79509467842,6358.700291769966,97.41300432980857,3,0.5571146297073823
504,12659.781044122094,5813.382892206566,96.32976330255742,4,0.44456251945035485
505,9422.3632784875,8033.694427092734,96.34229928840442,2,0.6370662883981514
506,72013.70075842639,5257.162845218343,90.09348562013044,5,0.4346274281288567
507,22267.10409426894,4309.8361478446095,90.70986903302072,3,0.5952396138847048
508,6022.107674442642,5105.244931230138,99.07622317560353,3,0.7412642250776219
509,13417.92351895223,8225.997011168933,96.86248443558883,3,0.13248163221669962
510,13554.587481784933,6262.435597345817,88.11548182782222,4,0.43295607704392447
511,8349.66508771471,,95.84541218148561,3,0.6578059687657034
512,76633.2636018184,6194.487336298216,99.31564926333559,4,0.9031325318156866
513,10522.172431554725,6053.108346719545,78.90108189557891,4,0.5971558831821285
514,23976.560369546314,4784.038465588604,88.31483508569255,5,0.5782701768173235
515,6323.7502772851085,4295.340035129692,88.3038968102665,4,0.035625932008807926
516,32834.08556117113,4923.679864865594,96.05504512368003,2,0.6032895447757465
517,74410.2836820368,6110.050975075939,88.42982900423407,4,0.44520042749326183
518,23959.714916136578,4101.2401210847,62.63928242358592,2,0.4395067531002683
519,30586.517629961203,4384.395161320423,96.31263118763859,3,0.964873679485145
520,51316.62853801484,5119.470629932346,66.17867693176835,1,0.9683846916630938
521,37109.21488310132,7163.07652486044,83.00289318595145,3,0.0101927197485705
522,10566.460018897274,4635.682277997486,66.4835892775943,4,0.9158221158137788
523,6006.9585316806815,6282.329758240946,63.74526840433864,5,0.12492572043227712
524,101762.34129289449,4688.3233717494095,98.81212253112245,3,0.6452452194587245
525,25555.732026004036,,82.57170328807372,5,0.7386076513138965
526,42524.13962854553,,79.93685590975561,5,0.42696587471540604
527,18726.209456761346,5831.17396872683,84.79620684955648,1,0.11910059419892738
528,17087.82202970882,5291.120571246342,98.43415880061673,3,0.4805660548472751
529,10124.532096558822,5979.99312531291,83.38963598127893,2,0.026002638075086293
530,53450.54322870969,6075.05370131616,93.76109756473615,3,0.013902826327048978
531,49194.17925948641,7602.700965339005,84.60098518777191,3,0.8780160275254337
532,7796.621932031194,7824.186591161837,78.36872797238438,1,0.5642121073834345
533,21057.82636203408,8039.03112221807,98.43321628827067,3,0.38093766622194825
534,29486.072829185345,5580.807716619848,88.9098170907519,3,0.5990794941330149
535,69046.52288392393,6825.114895380562,90.91985627260232,5,0.6641026111412187
536,14898.49086321696,4522.6211603559,88.31419746508621,2,0.536953605351771
537,24112.46414994279,5182.793317944948,78.76809205523075,5,0.7412245891431396
538,18078.470795480644,6277.6234911539395,94.28366163789318,4,0.2510234965618323
539,10745.386147929208,4518.717355194472,,5,0.904739111199182
540,19855.031806474188,6230.28842274054,96.55079487164392,3,0.10078991346874422
541,6707.550420946457,,92.9161453278034,2,0.6402872655126051
542,58625.38388903565,5167.041775365625,99.5662339246759,3,0.26803412149950245
543,48029.18041083773,5687.3347166885205,99.41338060594353,3,0.8496114789860304
544,17228.711889838138,5186.594837903864,98.50225699746139,3,0.3569912206287392
545,18837.049172142077,5861.603254939917,98.42445787963048,2,0.9948242757396746
546,22724.698162890552,6564.813194732689,99.97785762183689,5,0.26453205163895666
547,43539.475813888916,5547.268939007976,77.31549067442218,2,0.6805356977768469
548,111772.75038222068,5203.036393143697,99.70969940241807,3,0.2584406741436923
549,9515.273869892411,6229.465281003031,84.89017643616033,1,0.7141468489761436
550,57064.265341082995,5731.722732248943,99.88719805128332,1,0.6573212052215988
551,11827.419560185459,5876.059160602373,87.85088197984601,5,0.9026386966715728
552,58690.04697570341,6259.607261485205,91.02451863630966,4,0.4591565281839074
553,9832.465309424857,6424.68288689959,71.84158805020766,4,0.0665470236557878
554,25208.88607982464,6566.87396841905,97.36405845442755,3,0.8873156493753618
555,36335.99855580508,5832.612699686266,79.27089850745271,3,0.21393726068939922
556,36606.28699469651,4890.047228492601,88.92679341411372,3,0.10978414923292645
557,24807.84596834507,6751.721672800133,92.96645951635408,4,0.42502020126774487
558,138111.56556617186,5799.854153426479,96.4669044270919,2,0.0006002515760430427
559,30212.030271731837,5679.688072032104,89.14771093771604,2,0.4843787081006675
560,46949.20834569657,7142.693075596077,79.88757957569251,3,0.8838717720868159
561,11276.571041682904,6124.365133472367,96.03518965437699,2,0.07421790765364189
562,7605.926367915196,4643.656651673319,87.49018322890417,1,0.48682612175715145
563,34712.33409633636,6477.181781716816,84.49875050273987,2,0.9706785266047367
564,24974.85842978154,7100.100238254449,98.14422163584356,3,0.17617955796098939
565,10338.426643362054,7379.555313646018,99.50901482539723,3,0.05345866733285887
566,9598.615226349066,6428.636087091535,91.114176856317,5,0.9851307450174193
567,72473.7730843738,6424.632816738722,72.08381922751582,4,0.7558107027503551
568,5719.021075904953,8618.327642285924,99.8821383355354,4,0.4457755526589843
569,16322.572433053798,5266.8169825714185,91.33079034329194,3,0.1500329198882867
570,5170.419976871126,7426.89332513639,97.12245479003747,2,0.07562515548371096
571,13407.600540119509,6219.990248597271,80.82546357203613,3,0.8872343253014191
572,49844.668011966096,6548.008774477056,78.0768598965866,2,0.48003165148104454
573,12833.209038047673,,95.66505097885371,3,0.4191287642841003
574,13813.029266029413,5886.906184163191,88.3152519604781,2,0.44553330824178017
575,16802.917852384133,4442.835043361289,78.14958758514491,3,0.42034437372232203
576,36130.39886271776,4761.360590755799,90.78586287399982,3,0.08192882308936733
577,11162.81318955485,9991.444012447133,92.46477843283385,2,0.3307371547594231
578,20272.858700406614,4610.331281968299,95.93374543638049,1,0.07226218634522996
579,5716.704523291617,7687.141589948637,89.96650273122656,1,0.5025811822406279
580,18280.278963871584,6874.64077968486,55.334458492811535,2,0.4828471770055639
581,6514.138013787412,5229.068029238115,85.84483559573799,4,0.08784623413776038
582,14785.05946388389,4725.671994061624,92.64129730221757,5,0.7411819814983757
583,7670.630777505778,5544.10751500736,83.87098669101394,2,0.7827924364644235
584,96302.25893874203,6252.929529543378,83.23831198957188,5,0.7894697965038922
585,5380.431748632222,5348.2004854401175,90.43305717328475,3,0.3828754637565751
586,28131.50753839379,6160.681110372173,92.53806719354222,3,0.5933662552160747
587,7049.223588363486,6862.36372173621,86.50029399460658,1,0.9420537890484654
588,16824.2794632357,6243.234628718309,97.66434371036074,1,0.4828762488290329
589,44309.329772638084,5079.894028489283,81.59591533647371,2,0.22172518048178014
590,12864.617057406449,5617.838515758834,94.47766924681159,1,0.3030074826822631
591,51949.56181149055,5618.597992631967,89.97488160378097,2,0.3509964189548491
592,20583.747711933378,5974.787003334805,88.88778640906591,1,0.9474026838186689
593,8965.56844179229,7353.97538946928,97.11398272415687,3,0.998011951501436
594,11684.317085879564,6837.800068130305,99.73923721747796,3,0.17860576896997227
595,19972.004019028816,5612.912071263139,81.85035936578183,4,0.11768818405986803
596,56322.17880950204,6604.64824044508,97.28270094921389,2,0.19671400186097088
597,8632.419987729625,5295.882328321439,83.9646107851503,4,0.33706770567676503
598,10436.834717378784,7526.431779690734,89.86092897639035,5,0.052498938509233595
599,22957.620919827565,4977.671603301598,93.79350515098625,2,0.6800661595475319
600,45968.76856602897,4431.010753435882,83.1806281208679,3,0.0066181481862412905
601,43519.2002717663,7566.869261579179,86.59503907833812,3,0.23492500145103423
602,32682.415180250573,6141.388325759029,97.84675645002022,4,0.3198830811656177
603,9539.911262652375,5477.830554461153,96.15981936486985,3,0.8928394047458188
604,30485.635955494752,5686.074192879965,88.2891339412854,4,0.8882741531980916
605,45435.78269921635,5665.61112241778,98.35907819677627,3,0.8972487074577844
606,27227.644940517454,6860.294827904969,89.84884736401622,4,0.8454032562124308
607,28283.26668366781,5021.788776334954,83.97131369644191,3,0.6107862447179543
608,60681.881643950306,5402.300009464254,72.97893879672928,3,0.06887131199458374
609,6108.251922499535,4841.88844731576,93.32863820780541,5,0.5446863582497803
610,7794.907745317316,8465.61455656548,82.26949106458062,2,0.9535225104488699
611,49701.39724169535,5885.365516186598,91.64376010786918,5,0.6856306035359471
612,14602.368870469583,6437.599258973979,82.59693197897657,2,0.739431054424527
613,26808.369970492062,6409.370878987457,88.70330358402502,4,0.8983887396416791
614,16253.1308004087,7577.5614229709545,88.6111787380581,3,0.49370532731451056
615,15644.965285914734,6455.025139172321,85.95098280754937,2,0.29962993838334084
616,37621.00018719857,4864.815305575674,96.98166989825965,4,0.25229140534087746
617,12981.41939447185,4606.802472678322,87.76051128248682,3,0.2989916989947041
618,23034.698571351364,5836.000443514937,85.86138151816955,4,0.9680188806344767
619,45797.62552352323,4887.341332304279,70.29432254395209,3,0.2290930955942283
620,104746.86806407825,9112.376284629769,85.95728292741839,4,0.8002372515818603
621,6115.625595412519,6877.994721159058,80.56777500409535,1,0.3892961725757492
622,20534.516638100366,6259.4401163945195,90.94640439404972,1,0.28403461769433425
623,25768.546352309175,5628.981555167481,89.7490983730615,4,0.2920174612062858
624,10171.296908092805,5269.615321696,98.46011147408397,3,0.041893824437084115
625,27982.7828530074,5790.216563510518,90.83061252196998,3,0.25459346243119874
626,33016.9699665002,5567.2142515678115,97.84613412556735,5,0.6638040199120626
627,55385.12559320658,6880.109357855463,82.41460933897014,3,0.27080428413598245
628,59361.09021600521,6799.822772514305,94.0302415334923,2,0.3358120279116472
629,41730.79493062961,,55.336376566095346,4,0.6091717629572564
630,18896.800923098654,5344.816413810105,70.74322531458658,2,0.37933062825613795
631,29689.81283273654,4186.238090752271,95.06733020473463,3,0.13452337004713977
632,25421.162601446784,,97.04842172834081,4,0.17043229939140314
633,5902.321786597913,,99.60031383372362,4,0.7733956802195824
634,7882.461431879949,5725.431346491539,86.95517423703846,1,0.22830854677304901
635,56808.73787903222,6342.994471505346,96.39644823828209,5,0.6995510601878678
636,17684.03456501999,6223.544674971621,89.60353431539421,3,0.8417846666153729
637,19628.793203287685,7005.6522398926,98.89246026300809,2,0.4452261583309406
638,25422.465540608577,5887.277253173355,98.59214996376221,4,0.09036506349533302
639,11753.566445612807,4676.291281959236,74.44277455994626,3,0.11168115213174767
640,34162.306019326876,4071.3892438125786,67.86443773065544,3,0.05076236736666706
641,25672.64957625169,5794.1107572569235,96.93996198826356,4,0.4230893351482483
642,6289.5911727672255,4903.266743256056,97.20556384752624,3,0.0452807786725663
643,37113.20815579442,6113.048466585935,83.18576867507775,3,0.829215244008258
644,24666.72231835336,7570.170009210348,98.08109809497134,3,0.26137513078160135
645,24057.45519163131,7017.605381490274,98.50551290293431,3,0.10587873661298475
646,130607.38722209903,7074.80727065256,91.70417690986211,3,0.12885526050153318
647,10774.138547345086,5355.337050891568,85.23005913438706,2,0.8407833642203334
648,14748.093862048463,5490.348197255785,83.61001860170447,3,0.0357641022007229
649,33494.42073286178,4441.581651355182,83.8754262140346,2,0.6412670171366571
650,12589.17050924255,5758.169678135962,94.09080670011221,5,0.6458253551128672
651,88772.12244663047,7403.38994269696,93.59329421961094,4,0.5272047968742425
652,47467.831972546,5724.506879768114,84.19840770608307,4,0.2274540796805261
653,13771.48342765865,4757.288045207884,88.98438519015666,3,0.5648393423247962
654,83587.26263292362,7222.564260009278,96.64688644710668,2,0.6274013405090839
655,34205.96247405979,7591.919468556924,97.13621597522567,3,0.3316233369538425
656,17821.611185135916,5873.311904958219,90.17690142290589,4,0.07500108500927583
657,87390.5715116723,5596.8448807033565,94.8555811259324,1,0.9524144943865702
658,12690.281175715189,7067.049541835034,85.58614478877367,2,0.7952823694427074
659,41102.28253711631,6471.954912436577,99.01581615258299,2,0.5528552562295004
660,30014.99825084904,4195.580409603496,93.05917509153646,3,0.3426390441901497
661,42535.924325747896,5006.24374839745,80.74661472063062,3,0.6169730608308966
662,20909.792770113003,5517.484349610938,99.49131141093103,4,0.5145169060899222
663,23251.787763555225,4475.415831261409,95.55037811283043,2,0.8935884447024394
664,5351.315976263802,7275.63977517368,95.95214336460019,3,0.4247520032943186
665,41448.82151924833,6454.548544375575,59.748193621758695,3,0.6596464399549514
666,6986.604930364268,6808.647620087782,93.09838029027239,4,0.2566843672274177
667,16621.671044742987,5673.518637792178,97.65468141401197,3,0.7304837568997183
668,16340.984245980111,6703.092271388152,95.772934966908,3,0.6534785630245759
669,66825.96405287819,5207.734670363945,97.17615243886395,5,0.3225670124335108
670,10554.734551468318,5079.335673582203,74.36915402481733,4,0.006919441093584555
671,67740.98091301214,6299.771080748126,90.60650281915603,3,0.4736953874668044
672,8025.252565703326,,91.92726431035949,3,0.9471150275053356
673,39435.03667156322,7396.210815695411,89.60845850884571,4,0.21356593503867627
674,8944.597008928242,6638.765826715727,94.0907879468715,3,0.7950160778771558
675,56476.75184340775,6050.660432985867,77.02977103653426,3,0.2670614077776432
676,33808.205528549464,4344.005536562906,95.93299231754298,3,0.022243246977718067
677,84635.05877398109,7276.240362049095,96.36557560993145,5,0.05728476799859206
678,6642.74452752477,7876.724627465428,85.14450807480098,1,0.04367568274578226
679,12149.867199061688,6513.963851143567,92.91722941733576,3,0.7505387850821879
680,24536.345278661884,6981.818557169079,82.88062921769675,2,0.971037647806738
681,11095.221262638073,6205.264855869466,78.5314656371639,3,0.7663675366813859
682,9309.281448899894,5878.946641470944,92.27758185287983,1,0.20898869496713157
683,51849.142698064425,4855.418991363971,74.98910209776052,5,0.5546099767598662
684,35088.57265809415,5422.124991780171,99.94396476140517,3,0.21391987781825006
685,12979.393346313904,,96.03119843464259,5,0.03824382156837258
686,17297.463532011498,4139.8884676614125,99.45972835657741,3,0.4543496238286997
687,42844.81693957123,5257.60319023035,99.48714929670253,5,0.5167151023163064
688,27519.74333521372,5106.237658318694,75.91635747281174,3,0.7091377195600285
689,19040.463039087525,,98.54464616744025,3,0.7515787244554812
690,44204.1058486481,6048.2670282073195,90.1692379664383,1,0.06428916107832827
691,6774.425462755218,5153.111811303575,99.82138834625042,2,0.4928313015675867
692,16394.66519010398,6700.930802606962,99.52997750844776,2,0.2704056868428404
693,20372.79264862124,6272.558405758467,98.04691436927061,4,0.5935900756134469
694,49880.66950847517,7277.785987669914,70.46189937452854,3,0.27764807259724633
695,23513.184341351545,5629.101593596877,92.1889651456363,2,0.537933094573083
696,75570.16592429219,6919.424824856138,88.86036292200704,4,0.2368081901824316
697,7007.056731331763,6005.258483575661,85.91584489509103,2,0.8202206536551742
698,187525.33980080916,5871.273072972204,97.35559556168639,3,0.13724925857640113
699,119543.9589208159,7330.912315045949,95.96720299026411,3,0.7266417826730677
700,46370.50503740732,8188.577852217642,96.72083019578562,4,0.3728536305226545
701,57057.18915780192,5765.803773919714,97.19585866047102,2,0.335863867062118
702,55230.892215014646,5443.880412508396,96.04139028692138,3,0.599630657941589
703,9096.150544108848,6216.394848263753,92.3636225818619,3,0.9268206621509053
704,71207.19260662033,5763.0055737224275,69.72525511284442,2,0.08658471151018576
705,33146.72792959215,6979.504327141136,84.28099729435125,1,0.7447651704523957
706,27726.29870631012,5890.297904768967,94.3457879183345,3,0.12557777380397261
707,117414.83211333207,8086.277183552744,99.5678654803318,5,0.7489791456301982
708,12332.78059877803,7407.691013172865,82.99949946044171,2,0.8385690909607412
709,129085.04279371297,6443.62316350499,77.91271310014729,3,0.406771983459321
710,142742.0134702174,4882.770674049647,96.01753750171204,3,0.596134838368475
711,67711.43428428328,6678.728304264387,89.99339518560743,1,0.7091571487228052
712,12133.644256111831,5390.146163008443,82.62794776746017,2,0.42148195208575223
713,5220.8304598079185,7077.96495416183,85.58963678522197,3,0.19849776545787856
714,18893.3889755678,5861.133653022285,86.94722863027677,3,0.6748032077414131
715,66349.5464325221,7046.400483425048,73.26531256277325,3,0.8881919760204191
716,44078.16615554499,6089.826635496709,70.2264887331284,3,0.8335028716731245
717,11741.15353952377,4651.104109364244,84.86413537600234,4,0.079677492430417
718,15931.128222644133,6389.196556686643,88.08107699941672,4,0.7548162130696632
719,22337.157004995322,9219.173368239564,90.07234529260165,5,0.020105031696392883
720,17550.51066187477,5696.152787534345,90.80215606204787,3,0.279927426428503
721,67577.89662337724,,99.64254988450983,1,0.58252889083131
722,18775.616269519443,5805.783932302296,66.2094609852123,5,0.25375850358196206
723,13154.106046938678,5802.708708687484,91.3369579083594,3,0.8129634159340922
724,20497.957414935183,5724.638251630767,99.63459698293521,3,0.5023319986873155
725,28387.399967001373,4418.018826714833,78.37578270111707,4,0.5420073912299033
726,23906.72201923468,5301.178370353464,61.125637414481695,3,0.8643741133485523
727,54430.7761582062,6115.878437396661,91.86248431253095,5,0.5808501444897385
728,14277.026080033898,6505.1410870434875,90.71535326929029,3,0.6353339907691108
729,91510.5986431426,6735.603425742687,98.8688656534436,3,0.32947739361760564
730,41497.5444927942,4864.1949255844675,95.2531183721184,3,0.3376603140287284
731,14212.207105203335,5841.377726302726,84.68492470292736,4,0.8677178521899792
732,34827.15130705478,4886.395324254626,98.43966611031856,5,0.7321452543104637
733,154993.5022973149,6154.200128573327,98.86553555832621,4,0.0829724601796612
734,72395.23162325664,4051.580506811337,86.55161324112379,3,0.010806782802282311
735,33522.00488714714,4397.705312006608,98.80227712338144,4,0.9094799207109017
736,9830.080312293248,5518.129281951429,99.1367288277569,3,0.27931069920674045
737,12483.971222282145,5796.695389987824,91.68671272492064,3,0.8683913037469548
738,16911.977912135815,6893.477225684964,87.7195201537183,5,0.6114636722530467
739,30225.508927491413,6145.890593460933,92.16422036406574,3,0.4574276234044782
740,23193.765442569485,5108.5395664701055,83.61337223506324,3,0.4867233169816627
741,17484.632804713106,6090.904065229345,82.6945729550646,3,0.14626559049003318
742,14251.558111053464,4043.9572025859934,94.98981740335233,4,0.8490406008335161
743,9052.31336066534,7775.12157186896,91.65640810456668,3,0.8581957203624866
744,39269.46099747815,7082.216499379632,98.52348878287954,1,0.017572941910670936
745,12597.01452436607,4786.701044251305,96.48928518570325,3,0.20880014047408746
746,7663.368467604987,7314.259642469244,90.83695642980425,1,0.8756738537365792
747,12269.185500408985,5122.539973449475,93.37567386670135,2,0.9809095826516696
748,7792.9865294810115,7316.806533554802,96.3480930176126,2,0.051905245447491755
749,45228.765246571995,6770.612641040263,96.25742651782637,2,0.13011071969282684
750,12271.906071074169,5930.909744095376,86.9512272623242,4,0.3537623115762992
751,8889.536757830736,5660.314857539916,97.03152619505914,4,0.3107603348987694
752,13125.921090586002,5164.801221392612,94.11594659781552,4,0.8799348121098197
753,70390.40873168182,5997.226736563108,78.28107548023534,3,0.6803477325451838
754,28698.440098196035,5395.22282436624,94.02378511165311,5,0.5737847594493655
755,47779.26883251371,6894.302751394741,93.49437983245377,4,0.523839048065522
756,65897.06739688576,6406.253684694466,73.90003556154107,3,0.06606586181594265
757,58650.435030316854,6338.5352869895005,88.57542821178599,3,0.3178520294979925
758,40219.01276628829,,79.41366084412242,2,0.9970191996498877
759,17758.23561163403,5936.6293090762265,96.3458373268159,2,0.9000525980997299
760,25544.413081138606,6520.951257945499,71.74368176064942,3,0.5745614032425194
761,15171.278922119842,6943.218270057207,83.19732465831808,2,0.8762831729206926
762,13589.043032820438,7800.188517253504,98.56459598489064,4,0.07786975903824722
763,23565.137545063564,6367.067226230785,81.6054360581087,5,0.955685603989452
764,9774.200286752912,4647.589129947875,98.32711367329367,1,0.40639605242004384
765,53961.81730343998,6370.671441128191,91.17531112087161,4,0.7134697590306754
766,22787.53988297871,4793.10881569402,97.49927292725351,3,0.10359001976156457
767,61535.28837215735,5191.872347581943,95.08224030430792,4,0.4060190997595696
768,7984.369477747752,6185.669265385561,95.31027946244684,4,0.8087506549608854
769,9382.0594969948,5470.016148686979,92.3974420433938,3,0.7365768689528825
770,19964.280046761087,4813.868527168079,92.47507968062901,5,0.36289289324351326
771,29669.910794407366,7175.599634198088,86.58121116417128,1,0.49766697717704145
772,31389.850324096413,8519.71782619624,86.04173550769018,1,0.970891962862111
773,64397.55210533698,6811.6224489455835,88.76563718823519,3,0.4017211780781671
774,48527.76561214639,5284.949373064812,81.2801453235372,3,0.4530424032038247
775,35237.82350622633,7021.833835221436,71.96731670338235,4,0.2849202200962365
776,23979.39875545037,4994.287993043145,71.4616030782803,5,0.48115306260848645
777,21818.8234002149,4972.55866647432,83.89476662828064,4,0.3683247494613291
778,25143.417536398738,4867.910565546807,98.78580280735905,3,0.6919112706497097
779,46810.24783250066,5996.358028540129,98.95851309130703,3,0.15275760978599384
780,13582.345636439015,5421.332079881539,89.41166594662435,3,0.8890800540682011
781,58846.84662254713,5326.354669518233,87.26141879078064,1,0.06384501546724375
782,16709.36102066931,5627.568343192441,88.08466953466095,1,0.6690480433020688
783,13872.000764125327,5339.680337113607,56.39489696611726,3,0.26523468045034315
784,50393.30375141631,,98.40835657658727,2,0.4140234310300037
785,33802.74946366442,6988.465627753292,96.17902203718266,1,0.31340638094678563
786,38973.14530462607,5913.073991012759,76.2771182522785,3,0.3159968380441801
787,50502.61929170374,5175.4064545827905,87.38891617128061,2,0.07235173832291308
788,19135.574764635865,6109.537649679361,88.70742408881355,2,0.3583447039891854
789,22777.72318404668,5020.403634373241,88.20925336279858,5,0.27985680139243885
790,24090.872918801586,7137.191614103391,96.17798099447234,3,0.8855332186557598
791,19707.753417418913,7623.972556800929,86.17687855478695,3,0.8283357644668767
792,10362.510156810897,5942.52592777983,75.29319301725069,1,0.48130191729250316
793,8550.651494398786,4137.245905311216,87.81306734554248,2,0.6088143240085155
794,13841.836830837992,5662.0765495683,98.76033067315534,3,0.39563970788682234
795,121582.44220596112,5359.592806661096,88.1848950438297,2,0.12265197573163689
796,6628.747811583116,7403.380590353445,96.95087705957816,2,0.3534289881493581
797,32052.004767564984,6178.4702123789175,98.77309903503654,5,0.806550515749711
798,25018.94385120072,6462.7628986570735,92.72203474640061,3,0.8178886264917578
799,8283.276458694352,4845.939129751648,73.76289626140154,4,0.6251632654126923
800,28122.696985682447,,97.09793695357439,5,0.6765342515581657
801,10739.142739474342,7256.962299654964,95.6874077058114,3,0.8180035470233501
802,30837.448181157175,6537.122304963792,75.41609812365124,2,0.6651495747645956
803,38815.18107401001,6740.126557330189,91.28628338978199,4,0.07750472887307192
804,75185.87323136773,6579.634656368473,94.88492354105361,3,0.8547597515513208
805,28501.077468458203,,77.98794991872424,3,0.5248722010373233
806,58125.21212474615,6343.966008171813,97.10183148893272,4,0.34888166431342205
807,8967.376344860199,5204.498976950634,84.18880312561919,5,0.47852202969745616
808,55329.9260514098,7501.591111367996,99.27074883667787,2,0.610169599684428
809,9401.631364157807,7847.736477880038,99.34467170066699,3,0.9481332050758255
810,12988.325888707992,,93.5296646891126,3,0.020340758890113997
811,46254.26857834529,7506.12183966591,97.93517050013513,4,0.8415457821619264
812,28932.926452772743,5124.177676112127,89.98538857632946,3,0.523163556272352
813,24368.489445070238,6378.649028284664,96.53083520001562,3,0.3053682713481246
814,45652.96425241001,7087.602028510269,89.08176124180386,3,0.8104043220404487
815,12966.432170097734,6761.167245528057,69.19210047128804,3,0.34721886352924225
816,70340.06250271937,5397.63351393451,98.05844384896149,5,0.19101796906519108
817,12972.486506639487,5396.63008636687,80.66373343545857,5,0.09440410697060808
818,11854.178227057835,4849.455250497292,84.17560948265876,3,0.9318271044929174
819,16846.169389164497,5059.734982880342,98.7837449274735,4,0.18389459837726452
820,39153.63958781938,6655.387160380396,86.71020004360246,3,0.8694711441114342
821,18291.422836651618,7308.706576411652,99.00204140839413,3,0.7122825421841454
822,38204.665395315686,,99.22671128649864,3,0.11528468618983745
823,59840.35767394324,7552.152377864864,93.62953152741999,5,0.40279164828002945
824,134143.78361394204,5112.425243750883,90.12979226211188,3,0.9851212373601488
825,54475.274113967615,4804.816993190941,96.59252945773373,4,0.2501453906278107
826,53000.27420783612,7737.492912719923,73.05024123513918,1,0.11103258776759739
827,18692.135495696384,4799.479762125888,89.61862636391999,3,0.40245360308971934
828,13139.12515774175,5606.298921574908,91.74045422006195,3,0.5614772568763522
829,55897.72776515742,6427.684022679447,75.25498784321735,3,0.3088001375426582
830,104201.52776926456,5586.72399922387,79.59479122177497,5,0.5904938543657197
831,13255.804000834722,7528.219545853195,84.4941266223985,1,0.3861993829698993
832,71862.471886923,6964.140170282306,90.97439414750234,5,0.34379700498245225
833,30331.76937691229,5848.978530501853,96.62630123150622,2,0.4426140225805574
834,24055.07675875888,7649.443951256953,91.00774760264952,2,0.27687104589209177
835,21565.740155916745,8470.662552895636,67.67365758037158,5,0.9789024095319531
836,115483.19261732078,5963.082566075356,,1,0.16598306250857753
837,14227.433307405949,6769.397870519677,78.0080806564307,3,0.35124600930355176
838,6990.072793861126,6673.6806665827835,96.84122054510965,1,0.559905279663868
839,28210.06578219725,6018.858039974647,87.89434143952577,2,0.43334694802722185
840,31074.06680461971,5214.048623787861,89.25518426492994,3,0.47397285414463497
841,24276.586066112806,5438.605662296264,96.04317136656739,4,0.10603020444791678
842,39106.832810929984,6080.941957344837,95.34073549976854,4,0.05453409552572852
843,6170.945575281796,6594.792242920623,67.98982121791228,3,0.2591053321551743
844,72811.14239639358,6378.14061123368,99.8291241964576,1,0.3038130785373504
845,25401.192516152758,6521.339493366628,55.25577813420037,5,0.0335832874713623
846,6258.120565221971,4018.1101958481822,81.82277870200144,3,0.4710856064198061
847,128782.07268457666,5954.277155057953,99.8830549841035,4,0.6218953958051394
848,5819.756944625509,5859.771280204337,93.1986950526313,4,0.8027403057365203
849,44016.96277578046,7263.54055912712,67.91909761842587,1,0.9302242629478371
850,20156.99064062781,7851.288964063536,90.24321085117877,1,0.7846070373659073
851,15013.749786286799,,97.01731107003505,2,0.038913260329034194
852,26160.369971522185,5638.50184768518,99.65357623312858,3,0.5661953950912357
853,18655.11416757228,5686.115799635896,91.43185685465382,4,0.0009574941325879438
854,9292.441146831887,5997.3755877444955,95.27081660719286,2,0.9398025447287652
855,18776.541548172616,5487.684754086062,95.9129533710531,1,0.4988261279579068
856,34919.04650035813,8461.15410987321,96.95341807617334,2,0.49998020413000577
857,73749.6479903203,5633.733123985554,93.276459559479,2,0.404427586174374
858,34164.71428090064,5366.740276416981,90.45994127812868,3,0.11479468594831743
859,47464.796456685064,7139.402302421948,89.32684340947418,2,0.665796594549522
860,42691.77345757051,,99.38125701938145,4,0.520133598654434
861,5114.724917568293,5932.035428180496,82.21934419170996,3,0.7757603548901763
862,99238.1205875523,5627.3432554293395,94.11899469881652,3,0.7005757729025305
863,47591.93793770928,5632.2883614406455,87.61947546232433,2,0.6879331363817294
864,14707.961214332658,,85.91989923883247,2,0.5119834058266143
865,45446.66754378463,6832.145060502385,97.27239392931698,3,0.1576467301332577
866,13712.792013795668,7583.810223768449,90.70161255767567,1,0.681478823664207
867,8631.548810899098,5119.9530693926135,99.30835412904081,3,0.42332690280652685
868,11125.484785206916,7580.231149444257,99.30130439004076,4,0.3128609344730151
869,7066.734663319423,5499.911336626388,71.44684815200677,2,0.30632133166510367
870,20697.88199321599,6405.656956034152,75.25671380764867,3,0.9366790093427428
871,32150.561899860186,6860.351552249804,88.75030708916802,5,0.10510290167797498
872,24103.10277457631,,,2,0.7728593128775153
873,23531.171759877452,6546.361222652724,93.35200155097442,5,0.9678377426352787
874,16129.033186854762,6780.842636520554,92.82586793642069,3,0.03350656149172382
875,23393.156605544824,6325.691736211747,94.31965224438122,4,0.7978629480911711
876,17020.164823995867,7813.784018991717,81.29524093522775,3,0.8270187195747133
877,20130.01029196772,5136.525198504669,79.33079149544574,3,0.012159795221963865
878,16126.535731958995,6022.648121879836,98.67470613784879,4,0.5474557916138822
879,80125.41166871833,7523.18431177675,67.12338577510877,4,0.5315962492778743
880,50709.74535007571,6626.094350283942,88.82489595818282,3,0.9452944528809287
881,10259.128881902398,4125.647530374742,90.65686531927143,4,0.3079931347580208
882,24316.147430922712,8113.481717722578,86.31625767862494,3,0.6717040542564665
883,75700.23651617744,,86.72356148061144,1,0.6399663937864921
884,26963.108122431055,5231.769498224741,91.29630998177547,5,0.4303063378117421
885,12602.121241256318,6498.132088924848,98.72708613763241,3,0.861919996222958
886,30665.45152783644,,98.98039580852476,3,0.7720258779455399
887,12956.241503747955,5292.734351038719,85.07677449722091,2,0.4264158482401116
888,49485.26057431327,4959.946955078502,72.05753215507113,4,0.4034364361442022
889,46427.73058023619,6740.82112958484,56.53233688274545,3,0.09752720464494313
890,31129.123091225036,4303.5661523550825,96.69749954782272,3,0.7612379549190946
891,43117.371580057756,4864.490473969368,71.48569552286953,1,0.15608356273760615
892,9422.907987874543,5109.184050622533,79.43498643981755,1,0.507287219831399
893,11714.782645832975,6312.016902831128,86.54516065852998,2,0.6057145045717299
894,14971.487480724227,5842.337461489352,78.75977284131216,1,0.06818614459384242
895,7514.174077887827,5841.857150107792,98.52240172259297,3,0.21808027248376605
896,47649.423956012,6616.858805564286,86.26134687975565,2,0.1669199029164894
897,29291.464671103484,,88.44175883764389,3,0.4534603008787571
898,5033.317508026324,4102.121222057096,98.53307053531972,3,0.9065430856452397
899,15072.726018718047,6039.375015087559,78.38855781679395,4,0.947016358306817
900,30642.288650718114,6267.650881116603,95.83891020810556,2,0.3353625488173684
901,33534.02725864499,5948.703265723849,97.21181566003129,2,0.8171469864733656
902,35918.20260470664,4891.643219766519,89.86020816296126,1,0.30913127192682377
903,67733.11214235237,6813.23110216664,88.948596896794,4,0.6547569926663628
904,8194.873735814723,6327.753821738116,86.5542538468594,3,0.6490362696913864
905,17075.236910387954,7132.733643094565,81.59956615939382,2,0.1926393543692526
906,10719.140232890448,6323.223980464124,97.36788908909185,2,0.012559008204972022
907,48893.25689134052,,73.55017483616825,3,0.13339826459331594
908,5962.322500164563,8311.696705424036,83.23873000211478,1,0.599674272521289
909,9677.932741303317,5605.983978998107,85.71151317773189,4,0.8956585016260827
910,21647.809093561456,,60.34717447661758,5,0.08609824569670221
911,6018.473750527556,6219.4558828775525,81.8864514544008,3,0.11005691682827312
912,22463.96779866466,6977.562905926455,99.6156347248363,2,0.768472901068808
913,111494.36215727532,5221.155457208534,77.49273969638905,1,0.2144042999886122
914,70509.5384515966,7021.514232076228,90.5514339233633,2,0.5988208113348913
915,10289.469229454018,5355.036317190551,94.37074612368866,3,0.07465601092378227
916,19197.605676921183,5543.100537382334,65.16173353703562,3,0.42563357251703704
917,18594.49377617911,,75.18080737707791,4,0.8139129419270122
918,8920.185668339967,7982.921155434626,92.41839132876689,1,0.9399773121489643
919,54915.33575003782,6594.108640454923,72.38401481341583,3,0.061162097462275966
920,34030.555649101865,4331.3969378760585,92.1427989816802,4,0.38873421457672974
921,76191.20508806863,7828.924134509647,86.4241915402346,4,0.33048466102579666
922,47232.97734867288,6110.327448060029,94.44810823275837,3,0.6291498812762217
923,20654.011440047863,6895.836114144893,86.56140487200102,3,0.020659459099750865
924,14377.518747063321,7491.950438499083,97.60247229844656,3,0.07833726508679206
925,23418.53949896684,6705.566369843857,97.26790644428932,2,0.8834521388147126
926,32601.135213143752,4688.202146166507,85.70129969212768,2,0.14305318542762158
927,17172.548932955295,6361.049973715708,72.56954373819163,2,0.48757443803787015
928,12793.158244954773,6808.755404008661,86.23073037299854,3,0.3016873456100968
929,58925.38559136051,6309.496087204124,87.05435343958953,3,0.2534096179751265
930,29122.619192935526,8219.336217742684,93.33170056181032,3,0.6930607851213494
931,29599.936233531815,5348.6526865248325,99.81817683389718,4,0.12100511229025235
932,26709.84637428323,6384.256471053102,76.93751616474216,4,0.8139514801278437
933,53970.46383642073,5227.595586259618,94.40345657506609,4,0.6485794939380297
934,35211.3475981764,6296.478378147698,96.01096694025983,5,0.5428025302884163
935,25631.80035118263,7824.113063608154,99.91104000245484,3,0.1424182524327804
936,25066.016822645113,4895.982931054261,92.99531815625691,1,0.8957179689519511
937,123287.15897916257,4219.723979259738,90.28243924058854,3,0.13167957897006677
938,20905.168503292847,4556.002866573596,90.79203218004109,2,0.8853330837324426
939,24176.315091400298,5745.699925859255,99.68843553408774,1,0.28544352221276437
940,36189.808478927196,5595.7001867698655,89.51229435843061,4,0.04771087579713473
941,165337.4901312316,6240.685291959642,75.97959094448339,4,0.3490043627734448
942,24780.115870708112,5632.498462130971,97.63842679978745,5,0.7309936830914775
943,39394.87479248026,6861.539783235244,75.90965528018668,4,0.04676939204951591
944,9825.010232272316,4671.51637641739,98.63065137172539,5,0.7326082947448583
945,52632.670286667264,8124.22047410606,85.28534917154245,3,0.7821394718484376
946,16513.44899240329,6192.8884876805,89.6531674267211,4,0.5854568429875417
947,31920.8151975837,6816.113229830835,94.48756955120629,5,0.012941631324940417
948,20578.70094858769,8939.983575413551,96.5129948170779,3,0.2155482628573916
949,39106.350934950184,6532.460146057627,77.7407638340384,3,0.8336325579385246
950,6657.369121493454,4870.149857695271,96.33710883056565,3,0.9085521202803745
951,10965.339506321978,7261.955938519106,91.85050344915715,3,0.15012242690165478
952,25659.490814281373,4696.222418712212,89.43091167150084,3,0.7848133943896151
953,43458.45833089164,5253.6392873008745,98.05580814932006,1,0.26423040443091417
954,32491.952374575845,6856.063477593664,88.63500171271545,4,0.6759907567830554
955,22029.62160582675,6780.095062217438,99.31606759247671,5,0.9675975323831252
956,18314.16575934377,6611.518582502572,81.94216932596159,3,0.4660044855663693
957,8981.27484390617,,89.19387379127382,2,0.5376572483402022
958,51386.04033369275,6544.241419366959,97.9373055739544,4,0.688822104254355
959,8226.338552524394,6449.94156325046,96.89186420497595,2,0.3221710819343394
960,77140.24591744247,6737.416843138095,96.45539809453611,3,0.4940114837791394
961,14340.460564583937,,99.49778914046396,2,0.12065311955793556
962,57910.67711059217,6185.212425477655,95.83812691727343,4,0.718475377077975
963,23007.97850003952,6190.753014386896,92.67971976167787,4,0.7849063564919148
964,5076.716524513357,6148.532991692751,87.39365560693878,1,0.32775026492411286
965,29478.95256208854,5781.010109518492,85.01519451736034,4,0.024249780066036508
966,5109.215054264348,5666.048008134928,90.31481411359627,3,0.5890784431321684
967,10620.75341430217,6520.762111257445,84.72084069333195,3,0.2902581012820038
968,35261.89778184771,7907.82929133074,59.60340812084047,2,0.744671835806449
969,5000.442584023228,4670.110748408747,85.98935454871607,2,0.8931175917888906
970,56244.33331908023,5902.706710821334,96.43966704870928,5,0.29742551700927844
971,11099.342805739787,5019.783896923187,81.56382357456032,3,0.31251114174184247
972,37646.541854631534,5859.760531460345,96.57661440677421,3,0.5712460130936338
973,16191.907477302308,5191.754683405468,96.15206695979921,4,0.9510644236590612
974,59069.02772663862,4334.4322678373155,97.84496501832326,2,0.32314706251730363
975,24369.562825883615,5012.609925682857,86.31695275111592,1,0.9522090263754077
976,13590.38685574689,7011.225275531481,97.94377028804352,3,0.8657412293968937
977,56047.43202056171,5280.941717475112,97.82375434294688,5,0.16205521820084468
978,14553.599005957492,7236.140099537331,86.85481229360829,3,0.33017781009113467
979,8555.578554381336,6324.944832218267,73.03353911928797,2,0.7622622637568712
980,54316.780141188865,6791.730836635749,87.6736329465776,3,0.015694501337729205
981,44570.809605041955,5039.63784799367,84.7707429158413,3,0.21767985665954226
982,32783.181663483745,5476.191284399973,94.09981749509309,4,0.7969565719893751
983,46819.41335919356,7510.694999705347,98.63060794864919,3,0.396789850894691
984,33421.75305285063,5501.991724449773,97.7052198493263,3,0.24269848975334585
985,62394.755279145415,5808.2216619328565,92.97444888711888,3,0.4367198381709271
986,8638.925270199925,5733.114297823435,74.84316673394387,3,0.4213207826577885
987,35426.779310492595,4645.929966471293,95.83218747756273,1,0.36694171963095723
988,34369.34525515319,6505.03717604518,82.55001378984032,5,0.8945400663673297
989,33570.41179906224,7657.9503492281,94.85479068016815,2,0.25106360141428496
990,11752.941969936117,5274.489625220789,94.28380412459026,2,0.29933854701823315
991,19908.17682794899,5558.402252540583,97.85632261495346,4,0.8840460149761012
992,34061.40615294335,5821.953544930905,63.770886013372596,4,0.6188566649091323
993,36959.69801147848,6892.532597669568,98.24269085714667,3,0.4857958789407858
994,27041.749729286454,6454.178014696769,91.71760586552918,2,0.5015483240958888
995,9428.38614693356,5229.424688832349,80.18201966942453,5,0.3764979526614025
996,108667.88497556598,7676.085033854067,88.12846303822951,2,0.4069106278055741
997,12268.28270182143,6941.184465753324,98.01726696324002,3,0.5381940440041255
998,44070.00089803008,4488.791521410209,90.59543136694809,3,0.5935621215359329
999,45228.42294569408,6959.415824332558,91.48327675605647,4,0.7120797554902313
1000,20512.647056898873,4636.365648318618,82.31133776641336,4,0.7488573819415353
1001,39247.53391527544,6331.554272970025,98.23977411616511,3,0.688167440223009
1002,12876.812442263596,5216.6284830531295,87.16335732314836,2,0.2421688178977074
1003,32597.176191801904,9368.045978179343,92.8529933054975,3,0.26222624029701724
1004,45620.98242621812,7556.553080945097,84.21545990797219,4,0.33619284683603445
1005,31501.771680519752,5679.627568952136,93.23827415825204,2,0.5575056694046608
1006,63379.77590633885,7033.885227370021,95.49859580983237,1,0.8919737894477453
1007,10520.549205836938,7505.213784060983,63.945189819464886,2,0.9621613364797287
1008,78868.94577436925,4756.917153078105,98.20683721385738,2,0.8072611947740947
1009,35412.24853307154,7604.128963220991,92.37108684128955,2,0.29829150809895444
1010,71887.3437332435,6458.5052129961505,87.4768366297187,5,0.5156187173168418
1011,10822.008705972446,4881.12378037831,95.39202323628786,4,0.913629755585988
1012,24072.434694213054,5911.669048259349,85.6856657044664,3,0.08845546091349521
1013,6557.057746358595,8230.153215462577,96.63756996928407,4,0.7301270727704693
1014,11312.14763719897,5736.034605471248,88.48585514334376,5,0.5071408327724867
1015,65161.12132334714,6331.929551387163,90.61177410399813,2,0.23135964093165973
1016,26278.714945846787,7226.805466808945,95.48301088081016,2,0.42019583765408564
1017,5595.23868036393,5150.235242528355,92.98926340022012,2,0.002873520848346134
1018,20829.7216994518,5531.567635253307,91.93500733260012,3,0.12164859828827856
1019,11474.87856897162,8645.669065071088,95.5418661321433,3,0.6304494594287949
1020,30004.573532007624,5098.103081417594,84.40869928269834,3,0.5850226173978218
1021,23003.30132777227,6211.492263669475,92.58554417372153,3,0.720231680721249
1022,15790.735591179677,7811.023583835717,98.87934009099659,3,0.4450414394198271
1023,12655.320643907908,5946.761006936398,82.09746570400695,3,0.10739900084118348
1024,16503.334734235537,6147.458118826148,78.92066777005444,3,0.13164619944226885
1025,10311.66983604628,5901.098703614431,95.1328017530338,2,0.06239424822759543
1026,8572.075430711271,5609.158177344826,98.15795114376424,4,0.6517033681927495
1027,24724.492758738867,6749.950850156621,83.84815762941743,2,0.0374680770578828
1028,52325.9152092914,5182.505474415664,64.61037790761657,4,0.3669399169572274
1029,8573.675055775806,6792.953943418492,97.63568666092407,5,0.5510474021687685
1030,5693.346393101593,6195.452266312644,93.79043034648191,3,0.547300840210473
1031,40097.06859454611,5615.747480647632,83.01608368861967,5,0.15054298472098504
1032,39322.53895523549,5885.7328265239075,99.66371912377163,4,0.6977665794699939
1033,55314.80910696513,7675.513755306436,95.4443202973447,1,0.8852035094375362
1034,42318.05579022011,7914.338459885581,90.25723699031725,5,0.4795113431378316
1035,5647.2462990380645,8136.654605715168,80.71282072628048,3,0.802741380866487
1036,11874.331924396618,6283.337527091009,78.08861751383809,2,0.6957372834003545
1037,12346.402439172549,,99.19081604328288,2,0.9947914065279803
1038,7348.460332163193,5801.039908480948,98.94495360204736,5,0.3675782889712036
1039,45590.49379857064,7106.831507524519,65.52781610474165,3,0.2937549229175117
1040,56066.214377055294,5831.329852451256,92.21167946952892,4,0.16481432143358354
1041,22564.4137180315,5346.593450603523,82.85298135522669,4,0.36572207784381283
1042,23986.47641602901,5255.463842173569,87.19566112875661,3,0.46641434706523477
1043,10816.747195733304,7440.1246562064025,83.68635258668525,3,0.1624701495924069
1044,15042.430333383338,5532.160814531005,79.8047569234677,3,0.8166266617620881
1045,29565.34810591229,5041.185957651445,94.85720427053364,3,0.7540580140625266
1046,16770.075032497654,7771.61190400781,94.52022555788105,2,0.1781332222997034
1047,37742.95964615708,9263.299759709978,96.12398061193008,3,0.12542142561182068
1048,12225.525189631126,5109.856877889471,75.4473483841193,3,0.9590189590846163
1049,12280.623957142107,5220.6470001094585,74.65767164131505,4,0.952405941846114
1050,40216.30751107277,7283.194045087465,87.18229371319804,5,0.8176087444461023
1051,42192.3344059901,4337.731176207562,80.59238576473288,3,0.7164245631359575
1052,5809.044130121605,,84.1036065038714,5,0.43675761835956795
1053,50751.56669636325,4874.6411122823765,98.88500929284267,3,0.6793011801889672
1054,30950.38710427961,6641.585571478881,98.91720785431633,2,0.828302843776646
1055,25904.167992157527,6860.124781243668,68.072939033622,2,0.20723574537972167
1056,14272.411810339145,5242.099276907435,95.21563313920272,2,0.03735783569946838
1057,7266.965451746732,,79.46810331386604,3,0.9881672383949764
1058,6066.342629738627,6580.9151522013535,94.8102963800564,2,0.5335141738718695
1059,20879.54962349587,5540.848933844984,94.27570855808618,3,0.30095917790545257
1060,50879.935246838715,6652.9932028209805,90.59232655621975,3,0.7488255623459298
1061,10852.908329264497,6767.397778245522,92.24980749532857,2,0.1850734944377832
1062,9526.12994658629,,97.09473531153809,1,0.4522256627060559
1063,21033.268871506283,6953.957869695285,78.76991439354354,1,0.661183771807912
1064,18494.580083847835,7110.5293411946295,77.94091672460408,4,0.20223763235770942
1065,55242.66118123462,7085.220994351552,99.2610940845055,2,0.7833735631282117
1066,6885.785753310526,6478.945537430848,98.57540725674404,4,0.01752568747097827
1067,10841.994624387753,4554.703751685022,84.58033193059005,3,0.0002155090560157502
1068,27478.294409410526,6213.857440171901,92.36264960372671,4,0.09055868786367838
1069,12255.290090530018,6238.048435718589,88.0581500415614,4,0.889803348146293
1070,97726.83534342711,,95.52154257198853,3,0.4236058916648432
1071,63284.094269505425,5056.275862448399,85.20366870227048,2,0.24510634369692552
1072,21017.01588973312,5726.627299560125,94.01727834637323,1,0.2005586398966941
1073,62023.07859298974,6295.377285961865,93.21908608178767,1,0.009917912503114579
1074,18751.037611841835,4374.850651074705,68.70992590928695,3,0.44029061052127605
1075,18167.59263028179,7148.010989545631,99.04445407834129,3,0.6448608136517793
1076,9655.553101998707,4081.8872252674237,62.21406636733672,4,0.16026124710187295
1077,16477.36751076231,7105.863327017764,83.34625427860438,3,0.6871473616764435
1078,36232.03160802093,5667.969868963757,99.96276082780243,4,0.5698192011259443
1079,5199.910174607902,7991.812100363104,99.1511077577236,3,0.10277637199548395
1080,54012.5111036366,6302.160232861387,89.34128668822679,3,0.03922498250432038
1081,23055.28951447932,5329.993544119567,90.57226242351152,3,0.3162061149479344
1082,22305.509785551065,6359.582743610073,96.01548356094469,2,0.44979062493612976
1083,27633.84443193019,6310.906126577632,93.46839225542662,3,0.6012073505603605
1084,73716.36292673003,4354.819278546425,96.16403897643832,4,0.28722235804542584
1085,18440.1973847026,7181.387357775053,88.87338348847372,3,0.6136163349089703
1086,12003.969047566316,5019.4379196681275,80.5551097993652,4,0.17621770314512186
1087,9997.534773448733,6076.020007404784,97.44755853006855,3,0.4299488569484553
1088,17393.731021325482,6610.7465495010565,90.97852144559963,4,0.4070461375334281
1089,34609.325351697466,7173.671480892964,75.14066820737123,2,0.981999018370448
1090,9056.998521210287,5492.0702930962225,97.25616659864949,1,0.523471475224829
1091,29685.45547987046,4065.588484095986,97.95443274164295,4,0.8074667855923697
1092,7893.689999725655,5982.207699855947,94.4466351347814,3,0.16149034087720404
1093,17701.127837325002,6646.950235945704,96.99488113615996,3,0.3382093713466545
1094,16770.278386592225,5522.5902429920525,95.83455826829727,3,0.12145436147155364
1095,28123.45527175239,5826.804901265083,98.18020834428447,2,0.360058151687804
1096,33859.86307201417,6649.747258702462,78.4466567362369,4,0.12037379279984572
1097,45907.95164393484,7499.057144985293,87.25752792035357,2,0.6991600890561955
1098,42824.975023644314,5370.730602380459,86.2774020418982,2,0.576509775089007
1099,56416.057029753014,6124.711722060643,84.11324687331346,3,0.8234453513156563
1100,16183.31573627117,8708.95227145776,85.38117729973969,4,0.6219207965324272
1101,43359.35293832231,7351.693964518077,99.42193230516166,4,0.07866955092134276
1102,12399.03190659298,,99.21567472171525,3,0.19543384251960694
1103,46487.1439845781,5492.814571132568,66.6842529683198,3,0.7536704750738175
1104,11870.14061112862,4435.878378089725,98.60225171538673,2,0.6633969371276748
1105,44169.99550446204,7498.671145655569,63.89921357714322,2,0.29861453711788755
1106,51429.82363517359,6381.931135651161,82.61701825048536,1,0.9670110421757642
1107,8456.428677123758,5596.508616965732,78.48746379855413,3,0.42051484462566435
1108,8234.471716448568,6430.485341347996,96.81474004516075,2,0.8975077115956442
1109,17751.034407350806,5376.032702013525,84.83093747328104,2,0.8829182062259218
1110,13951.858367376222,6189.316615779138,89.9776274849598,1,0.6916872580462663
1111,71229.4419571346,6630.828246848545,89.70447179412288,1,0.10611097243167
1112,86902.29403127558,5468.61405908621,98.53331470603882,4,0.6033532394829336
1113,18207.921457311273,4444.934257201797,94.91567961968215,3,0.028212512397260303
1114,56950.884988434234,6075.282698315586,71.73211303903106,1,0.9191426324272614
1115,50539.99612671754,6195.643090207716,87.74770027712219,3,0.7893703711157761
1116,85223.43363387891,7818.291306672178,94.83865955441301,3,0.2909545201025707
1117,6966.410237886194,5652.037732621414,97.64933566983592,2,8.901644877645776e-05
1118,13324.499649754713,5344.143131646158,89.17766036855285,3,0.7343102743618759
1119,25949.872460842606,8484.399420019456,87.39852715723984,2,0.6300146681174593
1120,56781.06444118237,5362.169755005099,98.52279451185862,4,0.522773034505469
1121,7772.191164716519,7409.068238082367,76.74103133418275,4,0.43694219028478076
1122,14280.08605322467,5650.240332346962,93.75676733102894,2,0.850112195393652
1123,6371.214259918939,5027.550339697005,97.14878839727078,2,0.9939184415746503
1124,14307.274415112606,6936.650973085781,98.85407005264769,3,0.25521368298055225
1125,25240.645857665906,6420.840554098701,98.5740082148459,3,0.5624218745614332
1126,58457.6561094778,5667.813156383402,94.64034162588871,4,0.494104201518729
1127,21560.574182056716,6376.339075308075,96.56841177940976,3,0.8104597741902565
1128,22286.86766721742,8228.506532117297,73.51737522668894,2,0.9562715433872996
1129,87888.43574825056,7769.480377409694,90.84186675358423,3,0.31129486092954695
1130,15383.87772553136,6423.058099438696,71.9681974926798,4,0.750401727429725
1131,31287.618427729198,5327.02833016351,98.58165885643038,3,0.2714124199326672
1132,14866.727119860487,5709.8800368863485,87.03488766402215,4,0.8030530147715697
1133,12402.17779930912,5902.02221442848,97.58528893292988,2,0.15286692319307427
1134,14869.042195888574,6272.468919187149,91.54212956928184,5,0.3449331118044997
1135,13701.35667864837,7255.113924771878,92.94821878706527,3,0.9478870128214577
1136,12092.19555650941,7590.189373695564,86.2604934533444,1,0.8424642801426391
1137,7184.516967064825,6894.618956925775,90.41168457225402,3,0.31517647103045476
1138,13558.031924211378,5442.657091750814,99.61135303778863,1,0.7049819317699915
1139,6299.394299344003,5377.640322602068,68.69368131241065,3,0.4201395984214986
1140,16398.45726210113,,84.41765883195202,3,0.7389753162782231
1141,16710.33841382378,5114.985899423117,89.99991261995166,2,0.9872579314412857
1142,20793.666873497743,7799.0030312866265,85.13084776603293,3,0.8877662407439225
1143,55302.138697473,8205.17157795665,72.14748006549381,4,0.4796607534869526
1144,45454.8069810564,7890.111839201136,99.1238478279105,4,0.5847416756916132
1145,14825.327608185498,6695.266024457357,99.96753393930396,3,0.6124345947073933
1146,35909.12199088959,6011.0312559736485,72.15232090212658,1,0.32368991192637175
1147,24830.016243063772,5519.751581487683,86.12997427446798,3,0.3314159758692551
1148,77479.18119948887,7085.246704161306,99.08626323656551,4,0.7125702077026091
1149,134321.3011509432,5836.9450859445205,81.72006438924166,3,0.23052201750728774
1150,67432.80418005667,6540.340553651251,88.54871340972102,5,0.7046144784413348
1151,6196.018776754044,5916.480774255469,77.67684344196853,1,0.5601889196132648
1152,63929.38100585119,5369.978655309241,94.57265449472526,4,0.6963421665141535
1153,31300.9569216267,4204.095795398366,81.11268887998561,3,0.044017262623592734
1154,38181.965747514776,7010.133751541983,93.20671967573637,3,0.39580994442060924
1155,25054.735199216517,7023.2559738323525,90.8788744904181,3,0.6396907872209098
1156,49497.9762818732,7293.278373707287,79.74796809854303,2,0.4154736824776669
1157,80994.87889283575,6795.018095556592,94.41942662784318,2,0.9851912730002902
1158,23474.068080069424,4358.4709764351865,95.48194417568585,3,0.3590824784780967
1159,5627.419360669817,6155.861100693722,96.57984337557305,3,0.9986987950083955
1160,5971.261120824213,5489.981469293173,61.78749765799449,2,0.47862657743623915
1161,22449.672379168347,7583.97012731853,95.36184001216209,1,0.3670611513396983
1162,46911.668150349346,7539.806079756357,93.39113285960667,1,0.8002753955787737
1163,38002.92799148565,6657.301071313798,98.26980825706649,4,0.7692387830671658
1164,8549.604688698542,4932.037487933019,93.62048779167235,3,0.04142190809316182
1165,9019.244809279788,5916.825357629623,95.01661215982939,3,0.2531265155173681
1166,27961.55648302414,7580.640850365204,97.02621195088554,4,0.11798625539538432
1167,8409.78732497136,6312.589619385241,98.03041804831727,5,0.6508827789967897
1168,6367.7384114132055,4728.208436145915,87.71759100469217,4,0.9718247008991828
1169,15861.166835336018,5193.264039972863,87.4394264897744,2,0.02030727582771008
1170,9153.27179216872,8985.791908818477,96.47157522095812,3,0.8305397107106816
1171,52664.76706345126,6327.5406650698005,91.48232807845741,2,0.44766283985947786
1172,11004.65838275972,6850.315839857161,95.39150479857807,3,0.8580479882943179
1173,9864.994263040486,9202.283436568794,98.63514455821073,3,0.4431998757094273
1174,37905.90186547637,6799.055102254252,81.70139854592823,3,0.4999913795110017
1175,13937.504472745108,5690.424790754146,95.34365542229479,4,0.1691014483843245
1176,15246.962491870989,6829.767813919079,97.20047485126855,4,0.158551911352647
1177,25059.921879427995,6159.621485332095,79.00646694124445,2,0.00917253471683177
1178,7483.362945742374,7109.833086307348,99.3547505280556,5,0.13426261837764464
1179,28080.037701244622,4363.011526493877,88.70261004792921,3,0.9646483664348678
1180,67399.32628475576,5926.237592577594,97.65522414281354,2,0.33765520439370333
1181,9459.937292805593,4379.703875195162,77.01969092709157,3,0.22954583399195805
1182,77346.46817412683,,91.55933120706766,3,0.7799522311409142
1183,10113.946737557402,5079.836992685852,62.41213782962854,5,0.8264453525910473
1184,26524.990816288293,4329.119184114797,99.73187529886825,3,0.45259315666385413
1185,30739.788479361174,6707.604973632076,98.16586191008413,1,0.2879481709185011
1186,58352.8361981904,6261.052308554996,97.6489395695745,3,0.7859794977342326
1187,16936.86280798861,7127.098265564946,87.03606723668041,4,0.9865147463467653
1188,95246.48074390828,4959.904403954942,83.76536057709033,3,0.11830597061358472
1189,23088.672799248794,6021.530633843916,96.26159138828304,4,0.12216612719484043
1190,110691.34910138474,6210.671904800714,67.98333857669587,4,0.17743821976956697
1191,48966.967676358334,7023.759819276858,76.09936688204544,1,0.4123492050877381
1192,20472.681316006587,6943.189805317785,89.77693199937508,3,0.9915685952855829
1193,34144.590903739285,8623.76240926325,81.85765248016295,3,0.08789438607912681
1194,6889.317296560983,5851.884000593163,89.08428855580202,3,0.922752593616188
1195,37824.172651822926,4757.049190034379,64.8265400641398,1,0.4045330176216615
1196,9547.791061029562,,84.30818322090452,2,0.6011131316180455
1197,42212.31054894252,6708.068012941016,90.6611712509567,3,0.9344894099993294
1198,8614.822143813402,,92.68887809806223,3,0.6408717826659927
1199,7345.18538192354,4500.8105863939545,90.22864927496882,2,0.13026117200729126
1200,25191.79754260111,7439.946457877046,88.60209107906721,3,0.7940206540198352
1201,21396.780832820696,6434.986738317344,92.00009309733902,3,0.5067421614032277
1202,28112.04664776435,4952.166624190545,82.4908603071078,1,0.1604271441567774
1203,47302.212300487045,5986.469546106282,79.7131267764328,3,0.26290823143354947
1204,42696.66423265182,5909.958493758816,80.86001837397951,3,0.6669892654320783
1205,26723.73696071214,6300.321243600236,81.31805820806062,3,0.523725917364867
1206,9748.508927105922,5161.2238653169425,61.79031761049145,2,0.8587931385742549
1207,10036.229460872622,5765.539485971808,99.92634718190871,3,0.7769857729618299
1208,12951.879292589832,6493.197045327424,92.59771368546373,5,0.15391683171300674
1209,23155.10172706589,5485.472694246929,89.53924088343965,1,0.874079639449879
1210,22227.514166968544,7087.978670293914,82.22319931455124,3,0.12295306892934088
1211,9766.086339612688,5763.119388967627,90.17008746762905,2,0.22827645086656922
1212,40280.434455212504,8728.899376780955,99.94081468877887,2,0.8464367681786593
1213,66904.9050102026,4761.828460722891,98.91391801448798,2,0.0722893497546564
1214,21523.213424841135,6865.404614605681,99.76534497779691,5,0.548041294019586
1215,27424.259115108118,6586.35797569532,76.9196507891808,3,0.2442323275717565
1216,44569.92173496096,6137.751405232871,99.93049401260639,2,0.6163807804306353
1217,51217.89022139789,7932.278499380037,85.35567112977101,2,0.36717529542890237
1218,11625.815811763003,5102.351696728382,83.36839862304323,2,0.03231450173980921
1219,12772.485738455716,,75.32771345203825,4,0.31663510615906754
1220,13932.37324505171,,84.8136003269467,2,0.6244461476590564
1221,17427.691335119827,7477.615246201822,94.93560768712544,4,0.6605734063542933
1222,32713.620183334002,5779.231678662521,80.3222317576219,3,0.3244674230828454
1223,32446.497027115358,7319.663789667645,94.70451293135747,2,0.6860594299292708
1224,23759.796993518074,6270.102267677714,74.55083720074396,3,0.5122612008401247
1225,15648.369079427306,5910.412891578582,89.1003883688264,4,0.1586988238148408
1226,26722.701916680973,7660.339000017861,91.81977449296149,3,0.7038922933835019
1227,12440.633153333716,5578.528835639209,82.47105638696624,3,0.8993682596389744
1228,33806.15884052949,4477.7891595608735,99.59804763581437,3,0.10423314864225652
1229,41631.29724669858,6100.823103342039,93.51080453048598,2,0.5315193823757864
1230,13528.65870300429,5462.455079579936,86.27941449297262,2,0.8233786774436543
1231,63516.52469025314,7294.390136923289,99.14195295385909,2,0.2306370413393357
1232,73192.18864690888,5769.2249218798825,93.5536643584468,4,0.5472193077368479
1233,79884.1855586181,4826.579111192808,91.87057793770191,2,0.8815215277124929
1234,41153.17606061014,4134.969670073315,85.32854654305531,3,0.7230593173611469
1235,12974.689188564571,7310.7093384204,66.6221004392707,3,0.8064175504344974
1236,5456.698532125479,5583.781232749921,79.5883325919506,3,0.6637384956336733
1237,7894.023205883181,6293.201902482233,83.7424738604084,4,0.8962376584258532
1238,53151.83704961884,,93.63004742763302,4,0.17932076389125995
1239,7241.879222946495,6438.34944160834,99.22305276694907,2,0.37853760889448285
1240,89212.72509800756,5262.142365051969,,3,0.1521644733573383
1241,33834.05643831768,6225.967338464586,89.25053724835468,5,0.11266485289466377
1242,36578.33702460714,4093.8255551371776,90.28838832810378,3,0.6007675122121633
1243,23928.992461705435,,99.15851480832826,4,0.7609117791682107
1244,25195.80619384893,7383.89227301884,88.33007759796003,3,0.3011306111952353
1245,23572.499611314353,4958.141798610408,61.22460977012837,4,0.8954880828897739
1246,67576.5454267175,6977.747128210237,93.45457554336949,3,0.052672512686362194
1247,5670.163775330711,5626.958956627148,65.3683791453911,3,0.7454632208450258
1248,84270.88727753602,4970.649455828099,98.53642819056599,1,0.9452904159616556
1249,49309.30915213646,,97.17289255076965,4,0.28469019942860707
1250,7074.7432687391365,5379.765960907344,94.94322303914342,2,0.841367940483637
1251,29311.080029139262,5621.051993967865,80.90831508993557,4,0.8507087282704178
1252,24703.587510346137,5497.921251301766,93.84482194923969,5,0.20465389822733615
1253,16791.987877187472,4819.057588817441,88.5543907142039,2,0.06998896565282864
1254,78285.50361527094,6063.74200242197,99.85125550415749,3,0.23064533273949606
1255,19605.91599049821,7263.381825183622,95.22450480995006,3,0.8044729730194378
1256,9058.951904056164,5469.737203378463,97.66494032712369,4,0.08791849666842633
1257,30862.581611326048,6009.177746813862,94.9201268549169,3,0.615813666596786
1258,31202.781953821446,5514.245254230733,93.29015439712487,2,0.3910993614688748
1259,8234.314440197782,6768.8363383395335,,5,0.14427056745016464
1260,5560.349484152832,5037.405001246977,85.28385108619966,2,0.2918362151262799
1261,13480.772898499288,4610.210493224996,99.17861554768382,1,0.5967901089569286
1262,44754.75409792753,6549.21617651249,98.31131899851448,2,0.755262686903614
1263,78678.05619846149,5940.233600275671,96.92363448327134,3,0.02134127029498989
1264,52821.90833396522,6525.82893325835,95.9178829904461,2,0.36031673185176905
1265,9380.404630788551,5642.513359466316,95.31866746840839,3,0.7603165346019869
1266,44412.66781743521,6087.44828087319,64.99356359494055,1,0.5768084861779217
1267,26604.901585377454,7176.436878024234,88.43093144694986,5,0.374982419925027
1268,12766.039960245274,6225.932461149423,79.99843264629398,5,0.5002206022051744
1269,77582.610819304,4610.587520530588,65.53927945950228,3,0.9738143401721785
1270,9472.155073763632,6811.852072271606,83.32761385554814,3,0.5714246296479539
1271,21008.018416260624,4598.699941710733,84.90258332672039,4,0.0270758911444684
1272,13134.463167387523,,72.95909382938142,5,0.838858956360589
1273,12511.13801354118,4994.24120976808,98.39605538870444,2,0.3516926064546855
1274,63463.605869832245,8209.484266860927,81.85901428864308,3,0.5028729796798764
1275,54553.18896360875,6719.775356274164,95.6024963734411,2,0.5596327042494013
1276,25049.380203355406,6250.98913642397,81.13650789004518,3,0.6337734388335207
1277,9071.480898792452,6741.8790707211465,93.12707365297982,3,0.34370350136816397
1278,13914.040368195592,7748.836843759461,98.69031771260572,3,0.046354406963676875
1279,7021.835415607233,6199.410582954617,92.8136972551888,3,0.5446050218205779
1280,46401.88163403579,5626.944740953216,96.83893680164097,4,0.6310336641918954
1281,7492.759271141055,6346.142035516991,99.43836323796396,5,0.9493998138235373
1282,71688.49578721207,5732.588115052209,90.00412446514945,2,0.9025532288340444
1283,19927.659740092935,5743.645096258109,82.94347841788334,3,0.22586978256190948
1284,27705.02883940949,8222.938735123582,97.13647630636048,3,0.6446822362399608
1285,6951.534748687052,6251.369780271911,82.5305304485119,3,0.14032525350614233
1286,56213.68030923026,5990.588348177454,84.53440797805364,2,0.38395246295791474
1287,20022.717649574814,6643.449924118233,98.82839328392636,3,0.3265083548120391
1288,23715.77621387565,,99.88003148246149,1,0.5260185202402706
1289,17968.852866099784,4631.426298507341,97.35885455750902,3,0.10525668361274476
1290,48538.92842352855,4759.804835553286,82.16388016174898,3,0.72046569998806
1291,46890.786945952415,6363.112565692901,99.19457118702643,3,0.6302179787208918
1292,90803.91570058039,8868.85975370428,97.24015992758443,3,0.7988706957726379
1293,7422.897187791552,5409.234712287499,96.25635098248598,3,0.2048646294370351
1294,35667.639472132214,6513.729551067333,94.76305225103404,4,0.45932088242519287
1295,26745.55290972576,5881.92980119211,96.66969984630477,4,0.6169151427281898
1296,6504.092486045844,6058.141876856037,96.48229392099604,4,0.25615428927172534
1297,8359.758034727149,5240.17519888907,97.60126624494993,2,0.5244533810698045
1298,29825.837804023464,5345.4305719790145,85.10156222186671,3,0.23571046106159543
1299,33705.09841033587,5211.376440556567,98.46328480644225,2,0.5952502627666812
1300,67960.72763866073,5732.064075914284,85.41925684540274,1,0.5016334526252368
1301,13916.379710274989,7178.161226596173,97.67438295283787,3,0.26795522240011904
1302,36852.26362229174,6682.031373829084,92.950390445013,5,0.6041149901893945
1303,32291.021107921264,5320.200525666388,99.18228450839793,3,0.0806351104575792
1304,14505.367433840616,6669.139535223466,95.15865497481553,3,0.35842079060891674
1305,26822.57227837832,6807.70397615582,70.69642780635262,1,0.5278655090751283
1306,17204.749491242754,6892.815698669847,88.87891598780675,2,0.7186444444066049
1307,11709.975911340487,5792.599845128769,72.62049381811173,4,0.0024636231238964745
1308,61996.52976398977,7110.3122676133025,77.89737033831567,3,0.11334519853250591
1309,98616.63491843006,6387.7662157458935,98.40960080109403,1,0.8388300706206427
1310,38319.89295595298,6958.485827621913,99.5295911374501,3,0.2157068850998698
1311,47255.65833886312,6002.724130493961,97.80717464061468,2,0.4133781079776977
1312,30512.22175998895,5470.523012027221,82.5345524808512,4,0.6594726909689035
1313,48784.33826783324,5659.586523808116,76.2525173505768,3,0.8232455184887675
1314,25513.972977704467,4052.9623298989545,92.4840475403203,5,0.8510837173046848
1315,6989.456936086942,7108.503153890761,69.99562266851044,3,0.848931959009092
1316,46721.66300380655,5957.472579313409,84.29265691196319,3,0.7334770958214782
1317,34454.45437905876,6145.414381876568,78.69389157560782,4,0.7687726850251257
1318,38690.78641447728,5587.556538350136,86.49744935749888,1,0.08608471830627662
1319,15680.889048649473,6164.702664928704,68.79104099652643,1,0.8811164377720568
1320,17378.669692183947,7997.243792220456,94.92890998242041,5,0.27636338679119155
1321,19213.276787267925,6745.33442099282,90.15110992604318,3,0.7063625824572192
1322,17057.688066717907,4088.345442487857,84.83432529937222,3,0.26733069267935194
1323,35521.798042750575,5792.776549986914,80.27318882572013,1,0.5964884454810139
1324,32663.87308516029,7614.55042157987,91.7528040679111,4,0.2287272131856224
1325,85128.20332749469,5211.278908675558,52.56245099989837,3,0.4357647503760135
1326,15273.514790582567,7046.7527306323445,89.13990999733225,5,0.43604486532711606
1327,23543.94506890895,6793.100777486009,93.22991161095328,1,0.527961058274598
1328,11280.198929832786,7076.453485188685,97.1655130273736,4,0.3861545428556552
1329,77428.57272902537,6215.171760170454,84.28943207797967,5,0.871656781953395
1330,42445.417781072334,7746.182350427872,86.44838297070595,2,0.5515410449561851
1331,22618.570351912087,7229.752392880004,90.99874427712274,1,0.22102094574217745
1332,7679.837596512489,5798.561088123551,92.99041548684347,2,0.7360188355865496
1333,6944.289166665024,5240.441390565066,66.64064254492453,3,0.07966981456359845
1334,7517.536104442759,7319.16611494059,97.15308945180043,3,0.04321817999848909
1335,12468.86458442856,5137.255614829101,99.38819200305285,3,0.7010586995783783
1336,27874.45495629343,8881.659292638997,67.66954864632963,3,0.7080048621519297
1337,50727.113554720985,6769.288162174157,86.60232446491787,3,0.7216340953292443
1338,23606.412184001332,6062.926364572452,97.58778864027555,3,0.47992659430069196
1339,10183.046610837624,6711.129366798581,96.78258498459927,4,0.7076047197008654
1340,18447.31909613146,5528.472971660112,96.10862645769777,4,0.09725684258244904
1341,37957.959594676046,5491.392384238702,98.7182878199932,3,0.14542731378704787
1342,45710.383561751434,5695.563049202007,99.27819073408855,3,0.691930328991599
1343,9117.590389109619,4157.590307008271,81.66063353331087,1,0.25609163315544226
1344,14765.175801259833,5167.880765315185,87.5781558762791,5,0.5805857560802095
1345,29948.165800751267,4967.043000722914,98.53916246507791,2,0.6446998773681658
1346,22550.207408082108,6928.5340625498,97.04126904551502,4,0.8961201964514581
1347,8939.668346907547,4019.551444864508,70.94695445302686,3,0.3998896554469855
1348,11997.46815279219,4479.591262047163,99.57526641647623,1,0.39945333798795446
1349,7121.403638083122,,94.48849149131958,4,0.17874447619991174
1350,38625.600545274996,4634.5832055739975,60.96838157343257,5,0.6748013913340525
1351,12991.096078116207,6038.575544031941,91.32775133789623,1,0.2831980889483423
1352,26374.227541040796,8064.117569411542,92.15478403219768,3,0.021239150078306568
1353,26891.149712553146,,97.7932596347532,3,0.6576779620664337
1354,49141.15393987898,5871.018579630243,92.6199082130673,3,0.40712928084558375
1355,25634.708996987487,6227.326409531308,93.11042483263705,4,0.12526960243749852
1356,38412.464333162214,6607.661387395402,86.11159530024388,2,0.13243427852875467
1357,8389.05416614038,5733.924848663804,77.76524297981501,4,0.6621402163780428
1358,39044.01150436891,5658.188745251699,91.55235371609783,3,0.12605610485746022
1359,28778.45042330107,8225.968032632558,91.64807232620281,4,0.35091994326641496
1360,8855.227172738569,6375.303254053777,86.41128870216522,2,0.666989528345537
1361,55925.67177197712,7123.0359767592545,85.94397752388316,4,0.7038848737869328
1362,5502.162914263052,7766.940867664967,96.87149024634772,2,0.658387047978564
1363,5744.788889686599,6572.410626155729,97.134438654895,2,0.6419340931465984
1364,20040.78756077666,5584.37587545506,88.1743612606617,1,0.6385562222904962
1365,11640.676891286552,,88.63962888828358,3,0.5227870118145801
1366,30037.06296386047,5852.524306393421,91.17942271510563,1,0.3721075162259274
1367,12386.31454790587,5751.593781438048,71.27304075829701,4,0.1331091901014847
1368,10140.764414839723,6302.002172839838,86.70788345785492,5,0.4437084601857483
1369,67622.17474257502,6418.6419735427335,93.92173825996899,2,0.9152522211511646
1370,50858.515450736064,5106.293042216626,84.71782659731049,4,0.2633051348842679
1371,16068.494351885467,7412.462549486321,90.92260874571848,2,0.7600458957940497
1372,12319.260564374767,7194.884937308573,86.43397879718448,3,0.8325602950717141
1373,22362.582606425818,6349.497456570964,90.81995083051714,4,0.34212894699225094
1374,12215.371187381708,4282.5330883307015,98.11965747271046,3,0.3129159038383532
1375,6246.012966881219,4227.657798259573,62.81686165845359,4,0.15128186692094825
1376,39216.0655796358,5136.581388476149,84.01917815985396,4,0.22995295524544945
1377,24103.773245804558,7312.633695409711,82.27219622999273,3,0.13932445342519628
1378,34850.65150116571,4637.599992750289,86.95176896530037,2,0.48737967988912156
1379,6086.606486702507,4698.221444691315,97.36900874267388,3,0.6693922346266054
1380,5981.153450579375,,90.5644584322645,5,0.12129327091961495
1381,5418.766779229335,5604.708093491217,96.93934436159421,2,0.9435360704473956
1382,20642.16442266901,6577.339603607233,90.3602332412982,4,0.4093528667340154
1383,22191.763757852797,5847.040675025725,90.47809165571444,3,0.1796515891335677
1384,53233.05684109205,6228.040349900305,89.67329756242405,5,0.5425669146002995
1385,10930.514268644954,5753.513971570469,91.73143884244377,3,0.9265043782763998
1386,42363.14176382958,6890.9919322913875,97.37368240232988,3,0.8113677442634839
1387,84327.35879675971,6347.116821779323,91.425960419785,4,0.9567378048365572
1388,6477.077763266679,,83.07259308336211,1,0.21623246313601596
1389,22417.1353682144,6914.463027696224,70.93258535495339,3,0.10964733699264562
1390,31021.312497270555,4532.830981603594,77.88354910445857,4,0.2907451071760465
1391,35744.068817677515,,93.33188996168434,2,0.4779232187170882
1392,13533.337864254374,5747.270899228726,98.62139439090765,5,0.8512054077203168
1393,6332.954295474582,4529.9225800528375,86.36593375489838,3,0.8175480490212006
1394,40042.86040129795,5581.235769612893,93.31862360905706,3,0.7979584287079323
1395,32522.175980013246,5639.220129374784,92.20979241764252,4,0.8024910326698124
1396,39087.45879762388,4422.420348797491,95.91456270736609,3,0.4482772726772233
1397,11370.461292451895,5413.825447460626,95.3611465311463,4,0.08506562495006431
1398,14071.163367499626,,75.51879795174324,3,0.5784432648866282
1399,9635.688245769466,6964.7842919102395,98.99642538318405,5,0.06148300487886127
1400,23714.761107205923,8892.986019397082,80.15153471342171,2,0.746644539347871
1401,6881.815608823989,4668.752129415358,78.4931733613727,4,0.3914896366132693
1402,32436.687563801413,5933.0182351143,77.27407743806253,3,0.5743083089731438
1403,10857.098610435663,4365.357906843262,99.47080948882594,2,0.5046630883548735
1404,100522.56412269038,7412.714639851047,80.21204650263971,2,0.6894381915023468
1405,13922.03695251059,,84.01599174414247,2,0.5211109113086737
1406,45597.80194466062,7000.816815232294,88.11590465345469,4,0.9331500382205012
1407,5104.823806448202,5867.968325873587,93.80958394257027,2,0.0029879803695863627
1408,83964.68431570873,9785.295569982323,96.53610503617884,4,0.9805702231126658
1409,6210.798087156908,4603.554795287832,93.16160094752873,1,0.5059543254463876
1410,60785.41652278225,5770.801886016382,93.47292438841474,3,0.16129581891116151
1411,20467.464417665407,6174.025479021285,74.15218755718195,5,0.1778357641971534
1412,45672.42615212717,4934.727199928682,97.38256316565503,3,0.022129081308789544
1413,71046.86784889868,7087.601244480328,99.47710413449481,4,0.07984301574500263
1414,40603.755909945125,7959.465929508822,96.3538210487032,5,0.05389022596623394
1415,21640.058414484956,8280.732266106808,93.86111189558194,3,0.35526497143120495
1416,19963.03079914726,4684.815597897696,96.19593980814305,2,0.2461747316303986
1417,51994.571791249655,5937.735883927944,97.47280501771954,4,0.4178298342560096
1418,95986.41048579218,6263.151185207218,84.76615169007376,3,0.8270890939651854
1419,24947.779155868935,5060.140300709143,90.65671562996053,5,0.8405365097846506
1420,7436.740484800808,6225.337341488418,72.68804099194396,3,0.6570098541261087
1421,33574.26768455672,6874.195716155152,92.74554455351749,1,0.06888023054455394
1422,19363.079018731514,,92.37482257731239,3,0.1847203832634604
1423,8002.873139324588,6148.589788115846,89.5877571433216,2,0.2899651643921607
1424,60004.95211119151,6064.5946231079415,93.55219279718129,3,0.1535301160042204
1425,15224.826655070658,5705.013522599659,69.89789038233445,4,0.8079782777921906
1426,32462.22733872517,5849.0540204272,95.11292501631426,4,0.0828707721875992
1427,7942.399725160891,6218.158831922209,84.41649598430769,2,0.3027636071837283
1428,85026.43279041171,5044.299533690596,88.43338670372941,3,0.9248941698951884
1429,39263.08146287815,4523.725358031022,95.98542977372104,3,0.10824295653990135
1430,11621.110105623058,7172.737276828255,99.28454542146795,3,0.4195013024377633
1431,24129.59934183639,5749.3074958823745,96.32585615601982,3,0.6663298699621658
1432,19594.86574927324,4567.260337831045,92.84993142917442,2,0.6742948082147332
1433,30375.859087103712,6556.1413112946575,97.75188444730941,3,0.9715207886980854
1434,159186.4385545898,5285.245175347762,96.94014774862404,5,0.507979787474001
1435,67531.79821034451,5077.688424924838,65.0998611493596,4,0.4095170411068698
1436,19414.905082537945,6462.735442252117,58.249671073607075,1,0.16760996390965255
1437,40062.30092398807,4831.224531513562,91.03693244645761,4,0.933461744368484
1438,34615.47689969634,6248.5011915668865,91.98094073372366,3,0.428612502943436
1439,47863.17248206115,4967.056042938966,99.7387447747836,3,0.8949299891695827
1440,12359.29193802835,5999.3391407385225,73.25745379390297,4,0.3704681097257192
1441,9785.029540749712,5639.241422909463,95.991414550173,3,0.7885729549063414
1442,32853.45689426469,6939.433146284352,97.15996482770834,4,0.5551391991652106
1443,18255.321885227735,8890.551580350211,87.32126074027016,3,0.7692914226699652
1444,23436.487516780468,7080.229725718553,84.13044357447545,4,0.153601488664458
1445,6001.27537755168,6695.569461991848,86.00610513425806,3,0.9326965187913342
1446,5268.932578712572,4502.193225318657,98.19943851937342,3,0.8405811853225442
1447,5233.418580987397,5720.970218030115,97.34535337331842,2,0.39583469568065976
1448,61960.28196037319,6639.7812112494485,84.93629810912387,3,0.8616092841362587
1449,23319.958557786063,6698.600167437193,63.89006525055427,1,0.2467909577224786
1450,30380.690262022883,5603.8381395785245,84.77186200622853,1,0.11950974463920405
1451,36449.4891899216,5573.2028275919065,95.49687563618657,2,0.04486862705658545
1452,68894.25872660978,8260.641944625466,94.66712257239928,1,0.25432293519861504
1453,32800.909943163926,5176.185228007396,85.40491426451734,3,0.039673325414350535
1454,26214.038286867275,4950.469582058012,92.2490784171281,2,0.971170096597477
1455,35685.881093022195,4920.58153449273,55.33549774871946,2,0.7466870190290519
1456,33261.748841102744,5748.240929605848,89.12698628335376,3,0.5381914832285347
1457,31487.884482892256,5656.742967003972,97.45437748022928,5,0.45020464907444546
1458,21245.235464605998,6428.6160593892055,93.87416920438312,4,0.9319982555911108
1459,8778.314642214273,4990.757702078827,89.66253636632293,5,0.8227447615053033
1460,39891.536222372735,5014.486364781218,98.99063693055638,4,0.6943651274277591
1461,16784.966577908963,,97.77477967870898,3,0.2342210138891131
1462,21789.183429959994,5364.206140965547,82.5573180554531,4,0.45843729278022416
1463,37753.949394147436,5880.059847631821,89.4105144069713,3,0.5443814748468155
1464,34394.656888863145,4589.286036051766,85.01201490429219,3,0.8669989158380231
1465,26281.46392935423,6649.313227774632,88.61060351765663,2,0.2964304312706222
1466,18303.75335930805,5455.927063725601,96.01705475133545,3,0.15097696903888702
1467,68582.20070345732,5540.57035062302,91.94316778895227,5,0.5667155034480208
1468,25925.46964038583,8001.994177977432,94.45440994282629,5,0.7584458772975387
1469,38485.64781872824,6986.727140189006,50.86246808832314,3,0.2653560012792392
1470,55387.553468929866,5912.176876556727,89.91577875289337,3,0.37301303640145633
1471,11447.016832434882,4145.450465090281,95.93423305318589,2,0.5128265075306679
1472,23497.002438177766,4240.391481610337,72.30399324393217,3,0.9503359774912109
1473,41644.09560791526,6806.363639907287,84.3242141966578,3,0.28047375740884317
1474,18019.515616107452,5163.519407770546,83.14223948669124,3,0.7648033730628991
1475,104471.89243165357,5903.197850255581,94.86521107031093,5,0.06769386328411808
1476,35704.97850399368,5812.005850306787,90.9787379798807,1,0.22923042778180291
1477,25945.227888028257,7033.946178201717,88.81342712755325,4,0.8420524889846629
1478,14504.330830829222,,58.407934517196146,3,0.5585646023397419
1479,13673.803188401242,,92.64983647909624,3,0.47729138387303793
1480,31266.367373229732,6351.2931742334595,62.4974703677921,5,0.6556479087162237
1481,29475.793722392304,6354.6618401156475,65.87075418763081,3,0.30575610789850205
1482,33836.28689166346,4735.272947848066,88.05976487561995,3,0.13216691075401177
1483,5515.408703633116,5706.135764903605,81.87142576529823,3,0.23323148074328548
1484,12740.573020634241,5564.900555987141,84.95151082460768,5,0.9126763242271325
1485,67769.40165419746,5141.805866166051,97.1846885335988,3,0.31794336954739433
1486,67443.41877201357,5986.19275645028,87.13723864441113,1,0.9041677839897575
1487,28926.500375404736,6782.513135616738,95.63131320288414,2,0.24652971027611403
1488,37201.5394012083,8587.393124050373,97.99439224141054,2,0.8498772524545031
1489,7489.2284425699345,5354.214705173489,93.39257436487678,3,0.839961865456365
1490,39034.66708665053,6899.283374396888,93.92788277277474,3,0.08849346453550644
1491,25183.36020671245,6295.863174857538,99.4643456856919,3,0.4594882949215827
1492,29492.5032672383,5490.81486158366,81.00055059239598,3,0.5423145178642365
1493,33539.46433299768,5366.765700321983,61.19609925880255,4,0.5926807264554264
1494,54833.50292054386,6139.469077745014,94.3474204465253,4,0.5502004015443447
1495,10092.699374262083,6728.967710476716,94.4290298898969,4,0.010293735475590982
1496,15361.45670518524,6019.698901534169,95.22537786964837,3,0.6732856673153037
1497,18728.572907397393,6458.030365070976,98.82265162697898,3,0.11905864851476533
1498,14317.881929554205,4263.704285116855,61.257154420373126,5,0.9673686655666042
1499,67015.18262362324,,99.6531016959285,5,0.2431913303449622
1500,68954.42566530105,7206.8263474356845,92.63842162175231,3,0.7791451851445854
1501,62582.29520046425,5666.240966851463,80.32068591755068,3,0.40831995051220427
1502,23971.99489214522,4582.760712981174,99.09293875279465,1,0.20652117870560716
1503,8733.56255820258,5620.4999982823965,92.45236683010101,1,0.6029968936195116
1504,10387.838199343603,5077.940046877209,98.1619055982675,4,0.0942460087001169
1505,32949.496780300076,5561.714413682973,92.42534989218395,1,0.0991292442966406
1506,11346.933732974598,5560.51054793454,97.28534439117718,3,0.6319204103660478
1507,9763.078946859292,,90.50845694750966,2,0.44856102797216657
1508,28507.981329987837,6314.865398853736,86.62501768069151,4,0.6634282110190935
1509,83050.29587102612,6336.784601042726,98.57516462422542,1,0.4769301186975996
1510,28318.046416033278,,93.78642803076065,3,0.794098317308439
1511,5330.013668617817,5144.946641557579,86.50484942198781,3,0.27613360490708727
1512,27181.137200826124,8098.914677926514,90.07639779154418,1,0.48924988481671305
1513,33175.98445651664,6497.595238884673,78.29370193192851,2,0.7332007591650167
1514,8072.34930560216,6329.229334624752,84.80415355856906,4,0.1479996399167013
1515,38613.53264234524,6904.224440646093,99.79983958780507,1,0.4730524024173244
1516,9950.858631688612,6398.5843206484815,94.74219011401367,4,0.723597647607735
1517,55615.50944745411,5597.81655112049,88.34718252624307,4,0.6228911172122831
1518,132225.33233728295,5423.249924081915,95.5954612198105,5,0.2983363441041632
1519,5960.877170658091,6236.053613152731,66.53108447191703,4,0.2850070180387886
1520,23059.457688647835,5828.863337318538,79.64952450286464,3,0.6290174864133825
1521,22555.76341558472,6511.4207833981245,95.49326892510436,2,0.23957236893024358
1522,22065.701631409593,6538.150633336881,89.48257354074816,1,0.657582596825656
1523,9423.086535418113,5970.268401778687,89.05105833649577,2,0.5237529146138936
1524,18381.69596411619,7153.608824010248,95.96981702561013,4,0.6654316693919213
1525,78790.24548219207,6002.677227130934,92.83668973196465,4,0.4648988840954923
1526,56100.325525000124,6947.80886072429,97.04146823214789,3,0.8320860589863185
1527,13628.3354719912,5247.845319606891,95.53017044593453,3,0.1616742212924881
1528,10817.999321023788,5556.785911567477,90.38406612961516,3,0.29774183681352506
1529,239906.37096030617,5408.415868003409,90.0258515069473,5,0.8575304287445433
1530,23874.831464629555,5433.133183108717,99.52745873371094,2,0.4820374352634752
1531,50919.69457819848,7555.242935548527,89.15457144527149,3,0.3979297135049088
1532,32384.704535573434,6514.779760308424,92.83204688068534,3,0.947164219049107
1533,64150.054857195064,6987.637483775379,80.23396923528963,3,0.841070910576961
1534,22620.39251525341,6375.565023545488,80.18413090268973,4,0.568373292100549
1535,26040.26352597192,5529.822840189951,97.27584055572315,3,0.8850624177399499
1536,59855.77376056394,7000.725494751534,85.71131651630004,5,0.08366360675392004
1537,8273.34057679778,5384.050807451378,93.99319124935276,3,0.8600380970893404
1538,13165.524155537594,6027.266551608831,92.57263894289382,3,0.4067054266695439
1539,45069.77682142268,5806.018272730844,59.916819577238,5,0.740289978364134
1540,8692.214795698794,7069.150934061987,76.13909873044786,1,0.21784463440068946
1541,32670.4998520507,5335.041637039145,90.50105629176552,2,0.08309489426139915
1542,28669.207329558463,6417.200489838957,64.52175767412977,4,0.6659252379847926
1543,85235.04262159616,5840.365710816621,80.79465227652271,4,0.8655839035979688
1544,13455.482908494512,7708.482656555192,98.43735428429396,4,0.4376391984632563
1545,44843.01716654266,5856.1051622438945,84.26367782908785,3,0.5062694930316445
1546,70010.61535076973,8003.394867591394,91.30171525500916,3,0.5527418665779021
1547,23646.163287797823,6336.123080095617,95.95775448204083,3,0.9223956608784022
1548,12631.01520930768,9063.039409986275,85.69658953252942,4,0.6254962485533423
1549,42186.82710280456,5022.689583197285,85.29621484206778,2,0.7050353100254947
1550,12426.539503269763,7742.7118786128685,82.98973151264224,3,0.3949620948393662
1551,36002.454848541674,4979.738571458564,91.55044040096048,4,0.5145482491701894
1552,13442.296211842415,6148.5434399108235,81.66483160002414,3,0.47475075205722395
1553,32400.530268515864,7829.953274534691,70.03497629212289,4,0.08316614612986672
1554,5695.271134037799,7836.014189252386,94.88943859750755,2,0.6924015504664419
1555,19867.874332061376,5267.493879553692,93.28602137807532,5,0.8717678241704244
1556,23784.424044708452,6061.047808186029,99.42290886689744,2,0.8190637937871929
1557,21260.81253210907,6462.2713862681885,90.07820793812466,3,0.9076899998262657
1558,42606.98143272022,7401.934332912111,91.42848147277356,1,0.2762247697375586
1559,15139.221450200605,4708.755100430635,92.61321603241437,2,0.3114083731560756
1560,7226.886504093922,7340.46765118322,83.28276683447015,2,0.8211287283353257
1561,5888.578706937951,4898.0093657368325,93.61263366689506,3,0.1812062898321034
1562,54071.60195958429,7268.526797563758,98.73282826391463,5,0.19214298971276333
1563,96916.77489668631,4753.412554880833,96.96237939016162,2,0.9292513511326845
1564,17378.253676844426,6418.589236681904,95.8674691365852,2,0.4043951830929632
1565,25471.158370604204,4384.824144039515,91.43446884560399,5,0.31971572466629494
1566,69151.65413671682,7835.959211608361,87.29887653060244,3,0.8819253716814422
1567,6850.204734673887,5833.7857010680755,92.79404851714996,3,0.659495704833181
1568,16949.315069522672,8603.798267126604,97.13992875914815,3,0.23991592735259681
1569,14741.887970865613,6074.751598836106,97.57179981548762,1,0.6294489962916473
1570,51610.151955959875,6032.822791762451,78.56437214664852,2,0.18920340745039899
1571,13623.482073639065,7429.348539701436,68.45846185859848,4,0.9908994701717357
1572,6961.570070620612,5621.493180171461,90.30252384218788,4,0.03251787735188616
1573,25169.19275193406,4615.554908960318,87.15441155555018,3,0.42193429567192087
1574,20025.802041378683,5339.1901610208915,80.92314926868816,4,0.1309842008672012
1575,14217.687591066706,5256.100706542268,83.94955526554433,3,0.890690256028366
1576,6255.667297605157,6856.817403103106,90.2519514185096,1,0.1526317119600341
1577,14409.77310003662,8620.830937219049,98.95092124930576,4,0.7048567262636957
1578,8513.950474462537,6805.75995027177,92.78397989632283,1,0.04854944738433398
1579,10927.200316636594,5664.811482568765,99.07289894080441,3,0.6680037832831025
1580,24654.460177963992,4809.484509166394,80.01770679390681,1,0.4502721658322848
1581,9126.823554833682,5069.090318998446,87.96909187041642,4,0.5693100285791144
1582,15095.652215837468,5847.251662692826,97.7317823925241,3,0.5057637486816001
1583,35183.155581527884,6767.464230658688,85.14643488429087,2,0.15877969985623908
1584,31116.86471649141,7692.971703636484,74.93949435714163,3,0.7543000590063579
1585,9906.05723876749,4685.661784005516,88.82898017776674,4,0.018916491440423067
1586,52679.567637123626,,94.83553212619087,3,0.7007896489002785
1587,29173.571146248796,5972.929748968639,76.56492245895478,4,0.7598767603898045
1588,21554.233790124785,5889.95315239777,85.81922788284928,3,0.2990595322197632
1589,5715.7545880938815,7619.898948556588,86.40715738197594,1,0.7247799871442726
1590,33310.485860557215,4897.95059799688,95.9347326827772,3,0.8692516246391535
1591,32842.083744579155,7057.093192190083,97.99352119976746,4,0.07877687186325477
1592,32372.147093535536,7850.009761712344,88.67159375009092,2,0.06418050493421579
1593,22264.04066760048,5730.494720341604,92.38193925450378,4,0.3856532491362339
1594,6402.220404794131,8031.6888176491375,60.96619788816414,4,0.06929924864706893
1595,10981.06757024203,4262.060602016574,98.59735717355001,4,0.27821294639462757
1596,21933.831891619735,6303.831559708731,84.91167649226472,2,0.4444651206328628
1597,37143.82235071606,5640.580748084936,90.44890797133338,3,0.3873690515984991
1598,23736.655968046733,6858.806018070329,99.62863719347357,4,0.8433103861486683
1599,17379.81887135833,6606.041449124528,98.03713382969678,1,0.8912804062929996
1600,70311.04210588039,4494.501796327334,85.56714556778576,2,0.8637191824755621
1601,31909.052777417037,6006.2219022359795,99.47407079780173,3,0.43165577713401193
1602,26424.69926678971,6709.6753721622,64.17780315411584,2,0.7243296721387672
1603,21843.1641189396,5285.536336011988,87.25450800804259,5,0.5157957464625037
1604,6789.874305478319,6500.801291366546,99.06198613681424,4,0.4632860247181194
1605,19708.81799287942,7715.355147079657,99.4046853200046,2,0.5518051334712221
1606,15196.564778817641,4564.931045706046,99.84781713497784,1,0.8570141479851219
1607,32424.136866711913,9450.772918211505,94.26530143983156,3,0.23218203376520008
1608,33705.52792804658,4350.673659788052,76.59782904719597,2,0.4411821543104685
1609,29316.125720491767,6370.276075007981,96.97644528016994,4,0.6999180441954013
1610,30420.353978016763,,99.19725067113477,3,0.40530455012850863
1611,15138.036623282267,5444.079020977764,92.03926995686801,2,0.41839029310222975
1612,46131.88618865008,6824.008011249762,77.60816967238047,2,0.12129055789479626
1613,24781.65920180775,7194.655273503201,98.06491792243001,4,0.9458967351517785
1614,13467.411932524723,6189.476946713499,99.20104601600454,2,0.2166374703102396
1615,38214.94809590124,6261.329649360891,99.47030459808232,4,0.899687488231453
1616,21082.895958419205,7377.896379316666,89.20636889746253,4,0.7795941091328834
1617,23476.85269296724,5216.203743289595,90.48160005735568,3,0.6705275644989199
1618,14991.583492259711,7181.773074287426,69.36801051627006,3,0.8580748191396785
1619,6533.451941454904,6958.710676087781,88.7701828343454,4,0.7126095488027699
1620,16274.944172154217,6106.26947491187,99.79913591361343,4,0.175608750710474
1621,30782.277183031027,8104.877364482231,99.83637165944101,2,0.6096134868959318
1622,13836.366576564766,6604.484472492147,96.04765074323768,1,0.6094625209402817
1623,17790.483040470695,6100.115157609915,78.80187583400989,4,0.08620083663185707
1624,6078.700832894333,6474.460478151157,76.33696615027583,4,0.4327726694549747
1625,75071.72315943906,7082.438816200538,98.05849209718606,3,0.8208765858552869
1626,7597.521346946596,4253.039737840865,98.710284141021,3,0.03784180733363263
1627,8748.475481904039,5495.6973393030785,72.99339501817069,3,0.47911919097560995
1628,7084.5771171803135,6772.815745611961,98.88152234270515,5,0.6768683148960873
1629,60607.83057917118,6556.244820002735,91.36378406676036,3,0.5981565282583404
1630,9783.53821221952,5197.4579671298,90.82619571775882,3,0.3888951121376235
1631,24562.903664269543,5931.9715881791735,71.93476369001527,3,0.4366772587992913
1632,18456.488654559693,6836.5986879831835,97.91879403998189,4,0.19978023939406864
1633,40865.46663863553,5919.771760425994,64.484660658284,5,0.6070183103991855
1634,125584.39498522376,7469.222874361763,74.67792522990409,3,0.3156842108252571
1635,70069.17549793105,6214.2190174909765,94.97573461250217,4,0.5711210633277132
1636,35539.74022749465,6411.865052754998,99.10675203159518,3,0.675004102608397
1637,25262.749358176625,5103.824658532965,69.81337967458666,5,0.5770716478568482
1638,6351.057833047454,6076.204317062579,79.89020503538143,3,0.9803813345360913
1639,31646.61320318027,6440.260607861819,84.89156937712423,3,0.31217551719703396
1640,21687.610205309273,,98.05309674327061,3,0.2533890294266199
1641,65154.906923680996,7330.460123432439,94.21649842029043,3,0.24918361080222995
1642,8948.831299261295,5409.132436934848,94.31784276308908,4,0.663678465989885
1643,7681.316233674916,4800.1858507272955,85.30458427137742,4,0.7660093236717551
1644,67115.71137665641,6694.695162576229,99.93567513520586,4,0.5878465128485939
1645,27590.394221553674,4518.66175684938,77.19855653038698,2,0.050627476084252554
1646,28552.879975654232,4242.048404676813,97.95303201501902,5,0.3901430373781156
1647,18253.203031171586,5611.9926444669945,81.67200990519615,3,0.5848990765161259
1648,5228.469703869247,6497.81278171398,99.27131851237253,3,0.6595659634285419
1649,15217.01620411213,8327.583782233272,85.62638506504912,4,0.6406477985262669
1650,6572.262262691552,5830.796413320832,99.00870684597733,3,0.41940853746275875
1651,12887.385769181537,6035.470924312851,94.4904154710897,3,0.42625062365622335
1652,59745.52359557958,5398.020908738739,98.07645742955629,4,0.7067522007782773
1653,42037.74760732417,5621.211600979369,96.97647839390406,3,0.042562754145083925
1654,22119.0403817809,6602.585630945177,96.28299222182109,5,0.8485059746808365
1655,10227.52664845009,7097.870745728631,93.96881755174675,4,0.4992872014216799
1656,12852.007941631337,5146.436655908407,73.23850554280143,3,0.78424608931099
1657,25188.721366486145,6572.2091226299635,95.91340097907978,3,0.04032463952071952
1658,16542.508561865136,4470.054160579166,73.98747249038342,3,0.14518996305620346
1659,27965.50700221026,4729.107415645211,96.38873900924348,1,0.28536020979052656
1660,28100.175089876186,6013.919089571026,96.97060277516097,3,0.6055708742904523
1661,7168.895377001457,4528.903736507402,95.27020634554714,3,0.8810287015405996
1662,33350.35282858704,7568.386458902821,99.82965848339086,4,0.11607703567306515
1663,21551.683716051368,4965.5179340350105,60.41080023028124,1,0.6266113223095016
1664,34529.31123689277,4473.506967579743,77.8186136990357,2,0.5453868073811733
1665,9325.625486040017,5066.788349684434,84.77173859160479,4,0.6714028953743751
1666,25088.472212962253,6642.429916051644,56.68636499785193,3,0.7308088441040839
1667,5003.023785375054,6877.009302544436,91.76106628723326,2,0.8223851306750344
1668,44816.63760602426,7476.3207469903255,66.60233003225378,3,0.17268182234530305
1669,25938.971726293435,8278.58136972165,90.26240057392415,2,0.493266564373668
1670,6592.495407612812,5973.520702611827,96.12902609949752,3,0.7558628839026188
1671,14011.347137804652,4980.976044734354,89.98475903372548,3,0.7488145738508314
1672,18100.493257822956,4924.431017076677,91.26683010169222,3,0.3298174923898838
1673,15227.977252177885,6854.8974105809275,99.82246759581278,4,0.9685880933131983
1674,13374.639416662192,8735.095070043757,83.60128562419773,4,0.9193294099985476
1675,93151.36942491631,4326.626246823972,93.25841611911228,2,0.5610489980254176
1676,13000.406229739088,8003.52052818367,86.81699005707794,4,0.745536609355272
1677,71298.94396884835,6232.00422721459,67.23365766823461,3,0.8254394493281123
1678,23315.40518088836,7209.80915328244,95.36751196491456,3,0.8954232653070177
1679,9895.316695244463,5178.635180330474,99.83877607917947,3,0.9448151950133036
1680,7503.468765430864,7745.30212810953,97.89124218482797,1,0.48365715661856756
1681,71896.46494616738,8445.990431615164,98.13129632067351,4,0.7336705406727726
1682,31243.535923222415,8192.791070708028,98.52435185271932,2,0.09668965597113643
1683,6119.965357543076,5397.986973223285,81.35713396777105,2,0.6978373847201575
1684,13499.012566307874,6208.018992216984,89.24667841353991,3,0.6201600537168298
1685,12147.223993059935,,95.06358244377724,3,0.141918886654803
1686,62489.864647748465,5993.969137399495,96.49876262955061,2,0.34792719214607093
1687,43211.05522500703,6190.789248308487,84.79223067961811,4,0.904247563157719
1688,5528.580389049332,7478.294712932332,,1,0.03495371003565595
1689,5098.166578116491,5537.643143657473,67.10379864850967,3,0.7542021048449149
1690,12172.157597281679,6795.839016574064,96.08071056345584,2,0.6575024813564438
1691,41035.987239755435,,95.28971066505171,4,0.5260931061145385
1692,8247.689472609054,4375.475191315595,94.7909343935752,3,0.6859571198210038
1693,6386.746223579666,5301.144287941285,94.04285604592066,2,0.6220988880212577
1694,21600.721399693004,6959.865212595598,89.66128274454222,5,0.08218663750580957
1695,31190.504903539895,4365.107899064424,95.83416871435631,2,0.00767137639361648
1696,25468.00629924085,4667.868302505696,76.29203325221738,3,0.8630762558300452
1697,7144.109283178674,4742.610276379499,91.90219619494512,2,0.04689223340117643
1698,10733.133343940332,,95.86923084716813,4,0.7582917721000112
1699,35115.997900063114,7264.12060473243,90.6526026820402,4,0.20895365492517537
1700,9358.349459735073,4914.920011331556,82.94536334525105,3,0.2553182031096308
1701,6646.836813695333,4525.211601401797,98.61661143357642,3,0.4591398766530592
1702,20965.762242984172,6460.77768658926,98.03004266603266,1,0.7180200803068403
1703,32327.423443395048,5490.019033057465,63.955926400664474,2,0.6070642043182234
1704,14265.37232760322,5924.291223162312,91.23931037737529,2,0.9531078673079401
1705,12570.199956229579,7002.213488210933,82.73077606362605,2,0.24469731051621857
1706,22911.61838000991,6557.095119617936,92.33988432100169,4,0.8023460348195015
1707,21770.18563102357,7798.864187878624,86.4499381582077,3,0.010580588739147356
1708,23835.72147873933,4409.994389475009,78.47102852397127,4,0.2872725551753669
1709,9011.983539590683,7805.027694091971,84.1786529560061,3,0.4609535872820335
1710,26297.375249146215,5882.932999738068,93.54716352393523,3,0.21127859705279461
1711,40636.156834171365,,98.20927377482064,2,0.8450925934220698
1712,5255.662786866418,7556.36236965036,85.48096792795988,1,0.53475335418896
1713,33399.74278112391,8477.410370739854,96.36017559225787,1,0.854127555865888
1714,63102.35426967653,6198.8196156670865,83.74072541035585,5,0.9399591452540259
1715,71939.59593401515,5786.480242301828,92.12731124279068,3,0.2767371726678701
1716,17304.593697520417,7416.40525165559,89.64408296984563,1,0.12708497417062703
1717,41271.8356655035,6065.762956122704,87.12862219534452,1,0.6437231707907678
1718,66666.66070302382,4333.110575984858,91.27732181894382,3,0.5922894630398711
1719,14603.850762720747,5620.743421729524,97.1534755560289,4,0.5458476044868764
1720,108409.38109630781,7319.8008498872405,78.3004910344609,3,0.16887409858157
1721,68702.24691218458,5828.944698799129,98.90091284263025,1,0.8883084407949674
1722,11843.259871562132,7406.251608045772,94.54143261003722,1,0.44449754507084804
1723,25713.58975666314,6367.104757358419,94.51929761245714,4,0.6955398818256169
1724,22995.308203963632,4253.575196173295,96.11120888118474,4,0.7493589714858919
1725,10547.08131859948,6855.703143387191,78.58048074157144,3,0.3826326255485699
1726,98661.27682533168,5504.495965864537,94.87644925539317,4,0.4938069708745608
1727,6339.682150105351,,87.33415230105706,4,0.1809842759956184
1728,10852.99643306332,5406.817809004777,83.95041750890108,3,0.586305488809465
1729,84823.25906010006,8513.213853199895,93.09353642444384,2,0.7052711065244531
1730,5665.694826023586,4891.784389831543,96.88925107579867,3,0.08919323058019635
1731,9520.86873785111,8237.034298372131,85.16431740922377,2,0.35867776037071175
1732,54922.29056944577,5705.893720625616,97.50130577465976,2,0.8268968356385811
1733,87242.5182002125,5974.487791976964,93.38543722272247,3,0.27857018074194917
1734,13563.606451825914,5361.976550118416,91.47860236900482,3,0.041705355903986385
1735,5496.2440084787095,5852.025780910949,98.9950859673422,4,0.42021304248457336
1736,6353.424935954178,5650.5087877257465,99.7052621902006,2,0.9959985348166552
1737,30637.15858895721,5931.140346257974,86.25191774818867,3,0.4812404730827379
1738,38618.851028138066,,89.8779865959208,3,0.16616706577807971
1739,27718.365403201013,7244.083587907858,76.11624633100642,3,0.811866345101996
1740,107011.18369939133,4239.338521202653,86.15662085806963,2,0.8907456188159054
1741,11359.176719161685,,92.78425635551257,3,0.450084151430053
1742,54413.95574524159,6247.361369828531,82.83085514340986,4,0.4263349485882255
1743,14747.491093468516,6088.409313165167,94.32989948092595,3,0.6767075149504993
1744,8355.188030034462,7229.541411674303,75.92156861905673,3,0.7305872151244943
1745,10750.951507009317,5144.163298494432,72.52500526818082,3,0.760354005748542
1746,14449.307971664854,6592.935682504035,97.12349765253492,2,0.7733160181143258
1747,9458.818773480909,5995.0652718280335,63.94893615584056,3,0.6417495556489421
1748,30261.418824506494,7304.689747600808,92.47414096694635,3,0.8632253199360035
1749,13838.999155385107,6272.117119955196,98.75480245973665,4,0.388638257174599
1750,10653.308267099177,6560.331017449072,97.38631074309728,3,0.4416583088470971
1751,22937.13620934098,4863.635215724518,98.30548201786465,4,0.8698158243653047
1752,35875.696538886914,6584.504521712464,68.5295369291683,3,0.507010614713358
1753,18547.79331023521,8146.806451928635,86.18497177257726,3,0.3752010802650648
1754,8228.865745152878,6623.808763706916,97.14248959821467,5,0.058161135920700935
1755,30601.48038243788,6616.525298073585,90.63928838008539,3,0.9309581136879863
1756,7036.104215987657,5646.345296029133,76.91883076997476,3,0.8804595473404541
1757,23615.44783826017,4937.192645147556,77.42928179446511,3,0.6414201398616122
1758,6475.838639691061,5763.3504652566335,88.38253315224807,2,0.10445838348344882
1759,30624.667413367468,6715.005796837379,65.06624191533612,3,0.18786279024445174
1760,26537.888082914076,5595.527728535355,76.90005321058862,2,0.1928637373186941
1761,42116.73729013584,5794.179822985564,95.24409617194655,3,0.9292544236330785
1762,6718.972120014289,6966.184810242598,93.2566278990051,3,0.07241943104727466
1763,41000.2769354531,6514.4515047458035,63.97200920696498,3,0.45536007212625107
1764,23941.619437541707,5985.426418353782,89.03576651283839,3,0.7129142937200997
1765,27115.156666843515,5181.115338021103,93.04064713040079,4,0.39933641650884477
1766,15354.117633095286,6229.168398391833,97.81367943049287,2,0.4221345386021026
1767,43210.44040848493,5884.873432753672,83.65664215395883,2,0.45708994975709605
1768,10050.267918454865,6806.595394663629,78.48580640782562,2,0.371907074768961
1769,12489.186638282688,8281.958996700763,88.58225774799261,2,0.8179363880098534
1770,40512.489498753945,5138.436734208106,97.07977600676804,3,0.8450290060445654
1771,17963.549363942213,5566.283377208727,99.36791061378376,3,0.32655004801331056
1772,78244.2692987271,5261.288517219993,76.52989067586999,4,0.6299495708755648
1773,20263.819680047134,6505.1991952035605,79.58029737589234,2,0.38695744610271865
1774,14519.988281225726,5609.921405736801,94.70831614958006,2,0.02468949064770043
1775,14549.84081504594,8157.182812178884,74.38128484954652,3,0.37545591621750785
1776,18664.008323529888,4249.864780111874,98.55189156286373,5,0.5538638230654724
1777,10538.17674563171,6624.4116328004175,97.87023097320535,3,0.7283386638435669
1778,9195.632690824912,6345.725428678907,97.96036139551639,3,0.15396335558009977
1779,51362.38379138626,6881.286201751846,74.27362522025467,4,0.1514436495276127
1780,14901.551788509842,6730.77331292819,94.06782537147289,3,0.04018996053159685
1781,19624.533735591198,6299.466781446366,90.69825983083398,5,0.4715680390472139
1782,53017.82393688407,5483.475991642848,89.89487945632895,5,0.5373665773851866
1783,35228.9232191431,4661.943860677224,95.03851638969003,4,0.013935641899050943
1784,70047.44261339094,6699.871583326083,67.60821457455803,2,0.7500060303733033
1785,22540.223355294653,5844.498450471037,95.73772437647892,2,0.3962986642498568
1786,41927.08775589288,,86.32693534680637,1,0.1721878690501093
1787,5295.019108574698,5804.517661354386,99.27278869377965,3,0.4820998908272255
1788,21947.283331655755,4593.22209208608,91.35158564378936,3,0.15987357905269606
1789,14843.41299813828,7555.136588115899,97.88123864450603,3,0.6177936080770018
1790,34327.62838490796,6623.082275880567,85.3501028988568,2,0.8695860223591588
1791,10730.829122235591,8818.176806556223,95.18171029500384,3,0.6142979541729964
1792,14081.531359486456,6230.683306331012,96.20763437217961,3,0.5678550059185613
1793,28632.575677281704,,95.89650280611833,3,0.9265716419613369
1794,26503.41349064859,6222.693044858428,83.26748511479627,3,0.9297557241227716
1795,10915.544635814109,4861.001319366627,95.39557586859657,5,0.32312340190906685
1796,48612.38492727344,5508.764539836421,82.46307440191646,4,0.23732029170241842
1797,67133.98497290867,7750.633974868635,95.69146257895007,3,0.3886070123663049
1798,5675.822589338732,5972.389151949905,65.38377158422526,3,0.9194316660806289
1799,10767.297602288872,7077.309290967138,97.879956412098,3,0.028078997148806795
1800,28778.964562483805,6006.49126267879,94.51385415591203,3,0.912735240593527
1801,5208.85162494771,4402.979605806271,98.48914193771049,3,0.8847635372446088
1802,12708.879956793731,6608.141850135285,98.94830460385249,3,0.2670042281553724
1803,28864.20781577449,5909.6605575846825,88.8316492715198,4,0.4433198171532404
1804,24373.88012766711,7015.002090912619,61.28619966969564,3,0.3979948297664405
1805,5028.39959480244,7934.3210708103925,77.85545231683675,2,0.92045929786805
1806,17179.49734296582,,94.93340008896213,4,0.6680627300683716
1807,38501.49810029466,,88.27470450706056,1,0.5921623410611145
1808,58923.45758452573,5221.5158898746195,99.76273303945712,3,0.15833447352498708
1809,107568.82454566602,5244.922920047605,87.0053714660379,4,0.6521275800279326
1810,12123.661607205868,4985.608686526785,84.54071175643097,1,0.9793852936975566
1811,5211.689282500934,5579.780439886062,85.11473568529254,3,0.8588905753580863
1812,12375.957564616112,,78.46153555364853,4,0.07993588184237843
1813,31686.40902273931,6560.318081024264,96.65242382583416,3,0.4834542863128205
1814,15362.391518523738,6254.62994059318,97.13335763426537,4,0.3515935750639756
1815,32604.03901868876,6540.234359861214,98.71424832732038,3,0.06315121960676173
1816,69320.10655348893,5553.706232838714,76.2906309520925,4,0.47803142592206616
1817,30177.00970342037,6858.669576188427,79.22455283686301,3,0.12381125549058847
1818,7955.428859333246,8407.206931092596,94.35854460798576,3,0.15087721527011544
1819,29037.91774284796,6661.777300470865,96.5829049461196,2,0.5870652934763094
1820,15820.096036027151,5464.367428906999,92.93071277325534,2,0.9783508993611751
1821,8533.4009622459,4588.098391298979,87.62476264955689,3,0.04392655522525857
1822,48455.7219014924,,93.25712951752604,1,0.9065618269846272
1823,58199.92609021766,6219.292425461893,96.40505957245357,4,0.1746920429272173
1824,10998.249773984968,6606.398224341983,84.53035761933094,2,0.44924791998369606
1825,24172.884756109113,6956.687465537979,99.0182046667654,5,0.7380118068321
1826,15117.078389268232,6336.762138872887,94.66233023404463,4,0.6460685915676416
1827,23280.74501660644,4535.395605702282,91.6993834259461,3,0.20793011870490674
1828,12155.790731579116,5096.282770215289,95.47161323936865,2,0.9510343589160632
1829,7700.219981862574,5340.495456036637,98.16405024658052,1,0.7944603900557844
1830,26826.558263654948,6719.670348899871,98.95843193244743,3,0.9925474903859789
1831,7626.579867961755,5038.941329239996,96.89082824122227,3,0.826786428114253
1832,20235.202900383967,5186.06233613694,96.6604737439585,2,0.2778220175214454
1833,16729.00148431986,5848.00129645372,79.17627150115578,5,0.8827844141133422
1834,59255.81422958631,4851.747090510296,88.30340152267546,3,0.7802120192668233
1835,15870.67253379932,7034.768753675287,88.69468364339048,1,0.5837781073604997
1836,12663.020557542586,7013.276936126721,95.98577630915001,3,0.2484519767060095
1837,27708.333052562615,6373.167232876441,87.06134027202125,2,0.8025728820313308
1838,5413.903375442027,5864.597913065122,90.68188287466113,3,0.10614691582432312
1839,53151.563202322104,5358.819702153972,88.62532117005057,3,0.9958048297944806
1840,6400.668373784958,5562.633944380775,89.0651652278966,3,0.12233176606607987
1841,62913.49046867566,5162.993718860147,95.96842051469888,1,0.5106167722811529
1842,23763.249023739638,,86.56472409372407,3,0.006140158198520096
1843,22510.450900159372,5575.397879192254,91.38171184473319,2,0.42992720089832803
1844,33489.07243911005,7742.6448613838365,96.85849470136013,4,0.04141644573380632
1845,35323.269124500264,6933.287458302042,97.9998222907909,5,0.35171052016864224
1846,18388.351972059965,4327.836101796329,95.23204475948744,5,0.5577198724851465
1847,18200.52549158746,5387.194270905631,97.99211206194339,4,0.6559595235429724
1848,33889.97851780443,8245.54534728036,89.82004968802879,3,0.1145260011311221
1849,21575.454871634647,9108.185121842762,91.96696666601096,3,0.032681824752455735
1850,29761.141050579452,6306.399954953374,91.23262894358021,2,0.8631684122855028
1851,15958.38439029504,6427.125006081442,97.95813481190949,2,0.2069472585125025
1852,25712.625037656675,6547.476088559134,85.02707223682138,2,0.40717198257856135
1853,50326.785614862274,6660.42285638212,98.05774421709044,2,0.022082525865632863
1854,18201.30910013686,5115.361513204228,87.51106272157662,2,0.7174630380860113
1855,17247.296339750937,6293.023758170933,97.97972633550259,2,0.016000911568169185
1856,12702.531593582262,7430.6029724252485,77.69967050354325,3,0.8771364308023337
1857,26182.372951329035,6929.041107423398,87.29334081739316,3,0.040583664141420006
1858,59907.02162841898,6026.583304823755,91.7881323785336,3,0.3580597640821357
1859,5667.3137777872735,4579.2698276227875,97.94316905437326,5,0.9598445197842873
1860,19273.615785112604,6112.560118566868,75.92352579517585,3,0.7804601118441412
1861,38826.04739241987,7516.231439025831,92.9703050226164,2,0.9482495634799701
1862,21191.06808085674,5949.280532004439,93.21103375612313,4,0.19599911226557287
1863,78985.0465215838,5132.484344051817,84.02583574666691,2,0.8883253229778942
1864,14797.364013649361,,60.85439266563563,4,0.6113896052567601
1865,40743.68865987462,6324.58041288434,94.89833503552097,4,0.5414565091406395
1866,32132.039580736928,7236.536129998262,97.21386131553564,2,0.7456790072727656
1867,21849.19609294264,5696.228388217439,98.44547930591553,3,0.8546919332273446
1868,7286.088237013311,7466.130019112026,95.35529920329105,3,0.2874809768835539
1869,28766.900150553152,5197.5840602242815,89.5710997256934,3,0.39450238763012746
1870,13328.789984983581,5583.0084856548965,87.04720887115695,5,0.8223346160298414
1871,46178.67334718644,7391.6252085966535,85.19329578243645,3,0.5660662145469675
1872,7615.950286857158,6784.368014949554,92.07008725078505,2,0.44006341421425366
1873,19583.44086649746,7192.257398686953,99.33532865752053,3,0.04576679710197029
1874,19824.447069061494,5824.472949802195,82.49177232842617,1,0.12738845759993422
1875,31156.396353731976,,79.5990993981014,2,0.7054979603028543
1876,6088.109464523621,6564.594984507902,98.51759743713949,4,0.8080674607625001
1877,30414.38542964412,6569.673162154034,83.38546937453395,2,0.6878061626782261
1878,6112.657991943178,6276.115212167932,98.14901968891886,3,0.8223200636521386
1879,12592.731621519673,8458.127193024582,99.22304438374367,3,0.41481984916431736
1880,24324.913739097286,4169.604601379915,76.64751062498135,4,0.9205420680089791
1881,72899.39802252041,6020.499893921415,80.20532639941163,2,0.8244883206828528
1882,40523.919242069205,5428.906661100935,79.60874985657867,3,0.18120177855777886
1883,28465.11421079737,6846.130375979408,91.45636155690676,5,0.8525642443606593
1884,42901.364225835285,7834.750953733706,95.08946754345125,3,0.7356393465549376
1885,6691.187622287944,5802.280134537657,95.05247919633443,2,0.3739714785711231
1886,11972.825543496961,5764.26333742569,93.27239324582595,3,0.28874139628566997
1887,47759.630573996175,5897.67550884661,96.57985695281222,2,0.5915694414216648
1888,33134.67154991446,,69.50067915690225,4,0.3761278273970482
1889,16884.583623783805,6638.778116241456,94.4842807775215,4,0.7352097527897777
1890,29690.178955168754,4588.244837712213,60.62943427316768,1,0.8085631268451188
1891,6610.423733131845,6440.901468941038,74.40085718244688,3,0.14808766751891445
1892,13523.99920011552,,89.76048987328171,3,0.4355372054660235
1893,35505.27283840628,5453.712504112258,95.2834317904442,4,0.18000973312057644
1894,16503.49034091508,6321.1754935242,98.88106144605153,1,0.5505610152562415
1895,23267.145062048738,,93.31045131467728,2,0.16443893050628533
1896,26477.349399361257,6400.992588860353,75.07945595064946,2,0.7591768485073351
1897,35324.75539482694,5841.209035138734,51.9777595063225,3,0.5001486609153574
1898,6439.992196141334,5953.521594399735,89.77568909297139,2,0.6048983773345714
1899,26229.368183700677,6223.642843692161,83.84846329427174,4,0.23406786911161226
1900,63593.2855454802,7292.259692983653,88.28191702492262,4,0.7180651044438642
1901,5002.114119679451,6024.152781595761,93.91199947220429,3,0.45031226718430806
1902,5457.929793406086,5076.338197474646,83.67044260117217,3,0.9651435489107907
1903,133668.63643089705,,92.29438509198718,2,0.5111028399829775
1904,16987.3758273904,6395.518747529159,80.44492613074226,4,0.05518592363146302
1905,24333.779570197377,6863.773311412212,99.00867620945188,4,0.18048780324874758
1906,16067.044221428228,7512.135635172763,86.54292990635516,4,0.31090829716734336
1907,54070.84325208739,4202.699746131005,94.00911741882075,3,0.8497486544794124
1908,20493.970214529592,5049.9990384749835,79.18857622580536,4,0.8367424902864228
1909,15060.05728463399,5139.849405787787,94.63405654869274,3,0.1251427861841342
1910,42531.54048965502,6128.5005668375625,59.07611350707575,3,0.695818579628483
1911,16995.699920371804,7870.596426952354,90.22502814178432,5,0.3007921947935789
1912,218702.92470378475,5825.259552785392,97.67560105043307,1,0.9582959570521007
1913,18453.447428934625,5751.740412986777,90.95870877799659,4,0.20498792823176715
1914,29652.24490311753,5662.460850825722,87.89792249525354,3,0.6481496592562048
1915,14217.846944925968,8564.107501742588,96.57868895111426,1,0.9193215176176844
1916,20706.493643236725,6823.215654686412,99.09261870263926,2,0.46696610192077714
1917,22464.782518417145,6561.235957101696,97.9631579642405,3,0.9564824418190749
1918,17775.19718806156,7757.361138271852,96.00470950777601,2,0.26678679202370015
1919,17624.521276121843,5467.319430081379,92.91740761447784,4,0.8288488323644573
1920,28111.83510315179,7497.052177415633,94.12392277278606,3,0.9733374606587617
1921,64611.66274220057,6211.998234758253,54.850624999309936,5,0.4968033231763985
1922,19245.653565873014,7942.811594066164,75.07638184691076,3,0.5407369450006141
1923,12237.595481798904,6861.033612162091,93.09209333858351,3,0.27999797591640974
1924,5802.641647544174,7190.433880590406,94.35502260238053,2,0.02923321298043957
1925,81778.87420825493,6556.187772104618,77.54247605501155,5,0.37060951874314674
1926,11025.968140588217,4069.5018779644906,71.56705914455056,4,0.325085761713408
1927,17264.146127589607,7469.349668046437,98.95368708874999,4,0.8226423230381599
1928,16191.884319483586,6054.185593107371,76.02589084932339,2,0.17119909723360127
1929,15159.921030671923,4553.230258197816,96.53591345843763,2,0.9233351369359794
1930,47764.223660915566,8460.406291784791,90.63225061006722,3,0.5266962023677858
1931,9916.643370613267,6029.630283605872,99.47647310206143,4,0.8393202018465284
1932,15341.287042816435,5908.835405433472,98.56277030849441,5,0.8983901431686497
1933,53776.369625111685,5388.045563083368,94.87881436129538,3,0.5015362247442661
1934,9121.181294875722,5777.2202861801725,69.58074572205058,3,0.3592898018918157
1935,38509.62751256339,,70.73178917915043,2,0.23034271146640073
1936,17990.691661883295,6940.4420018506,98.59291782225799,2,0.06608731851458127
1937,6996.512871770234,5141.334776919828,87.7848109104018,2,0.2379786132098779
1938,19484.79584695377,6364.200933786953,97.35020129199576,3,0.8440331300513103
1939,75843.5446479681,5537.756028222244,97.89848399878417,3,0.8079229782144478
1940,12245.127531108146,7028.058087636286,83.268297020528,5,0.7993897496856154
1941,24117.58529908845,6366.867511120163,90.42692655939112,1,0.8578890600657755
1942,58862.9706727522,6146.785139165585,97.95768624800031,3,0.5661460665655298
1943,10625.971978903935,7459.067183327876,78.17743886826744,2,0.06712773016963591
1944,52628.46945608539,5600.785461181168,95.39743371958149,3,0.6216090560866308
1945,64509.29620591657,6998.158534307879,64.21859065269267,3,0.365072006820354
1946,29457.66995797687,4699.353547848503,97.70614421348839,3,0.8098668678178238
1947,21628.68998611553,5120.882058615497,84.82893619115636,5,0.540182051263122
1948,13414.77645539129,6261.931925061139,98.42322344467217,1,0.1288881644970512
1949,15266.148010399418,7245.036955093295,96.27309497782903,1,0.6037065345183196
1950,19659.51266898668,6558.709077333113,94.88438574998072,3,0.8670384972516195
1951,21224.83452322922,4435.4524033126345,69.21533362522662,3,0.5793868404655901
1952,38932.299749865386,6341.392912630039,98.39438568955427,2,0.12787810892464302
1953,18170.991782503977,5349.837929190357,90.64537058608009,2,0.5606749921122944
1954,40813.8341333674,6977.864604544893,94.78446552521036,4,0.013496622436881656
1955,15846.294590572948,7689.6020455818725,98.04238920930472,5,0.7590062570210365
1956,61788.62864792434,6238.526516035688,95.51960044314356,2,0.7090560272924977
1957,13934.747121650376,5253.239074601842,99.19222553383335,1,0.42743455551845666
1958,19963.57575609677,5819.749973184262,95.83919971749044,3,0.9379130085197763
1959,43829.563290120954,6673.5989373758875,89.44566980904243,5,0.1902467461146815
1960,50787.03711058719,5079.184969491847,93.3158435424657,4,0.8335397060933537
1961,6143.999807109954,6411.040314498119,88.90816368058448,3,0.14945419515287428
1962,41954.19289482984,6012.544213093403,72.99770752584246,3,0.4675559915083435
1963,97334.36478198729,5128.738358891565,93.04251165821749,4,0.49448417108715415
1964,31668.280780771576,7749.2649132677225,68.68617592976106,1,0.26747039509857107
1965,21918.70966466581,6409.118432752623,89.42819201090666,3,0.41434293757680174
1966,5947.58366126165,7576.767228691335,98.03201332005426,2,0.38340774833870506
1967,21848.7292995309,5514.397850710767,82.23227881866462,3,0.46153719061325615
1968,57471.89126313138,7431.757665521987,74.05403332692948,3,0.12610617972423666
1969,9110.723391659092,5955.365129405619,98.48023867915454,3,0.798235356984989
1970,75497.28569916105,4715.483788191665,76.69068554085842,3,0.04995374161099364
1971,17398.040688851957,5085.061725106152,87.05086884101338,5,0.6668227436570058
1972,24741.702489380685,8486.339160213807,85.28288657351327,3,0.4229536268563603
1973,14012.306682861654,4197.741885693418,77.54763151901888,4,0.6849172704136637
1974,6055.83508367517,6521.325567892395,90.67542080336446,3,0.2899767573377249
1975,39454.11197709972,7625.840313486017,84.00629773568062,2,0.4296700454300525
1976,7288.4416537291345,6951.721386733517,59.62825053202627,1,0.5112437819086256
1977,29988.533618394536,6592.556291784083,86.736285517019,1,0.6319742611630429
1978,6701.605563108952,4983.659242914797,90.2411563080431,4,0.8335241559291544
1979,57650.5815320608,4831.739253938673,96.58643767578768,3,0.937185946368008
1980,33500.80516115212,5392.160837938293,95.72460977239416,2,0.7954648882895923
1981,18129.89296678744,6837.988544899713,88.374518914385,3,0.9163715540902738
1982,36000.82489254954,5839.015352641568,96.41781495273707,3,0.06231327461855496
1983,17439.203669662656,6398.0946854274225,97.34612555497472,5,0.17162020521325072
1984,27382.685115005756,6117.555477388127,94.69540492469137,4,0.6121481090972555
1985,7846.090616743419,,98.77496551142096,2,0.23649318727112734
1986,5470.772912994667,5974.552893274079,93.45605472557732,1,0.2304595737487415
1987,11163.528030508243,4951.269344526673,76.49892706958099,3,0.096603886427573
1988,70958.4199749011,6194.758623824367,66.85994339189271,3,0.9367258230570497
1989,7466.712769765079,,90.04579894748777,2,0.8315925016558686
1990,46675.631224200566,6065.7188079414245,96.82687515787029,2,0.5661021279757127
1991,35459.244041728496,6197.966200527169,88.38930429897195,2,0.8698423137424509
1992,10686.222150660233,5506.548829777016,88.7251293295469,3,0.08747156720506444
1993,20947.658840918746,5452.201304213035,88.22912115851209,4,0.2361635837367485
1994,30420.562373547586,4847.102301900367,92.90136025089433,3,0.8751740895056561
1995,114679.69380728435,5830.244372496709,99.31339732006721,3,0.07296326927783914
1996,15727.865044530074,4820.500862135725,96.19433658162713,5,0.4443829873313302
1997,53440.0610920297,5817.841289354995,85.66967358148781,3,0.5345157440835357
1998,10733.430304010344,6526.0476745678225,97.94191801025394,3,0.24205122671985946
1999,13175.328127961508,5546.228240903017,51.212541712426315,1,0.7752362197454793
2000,65839.283920354,7493.929976979432,81.89063080712661,4,0.6557120930302541
2001,9566.859854816656,4402.459421928076,98.51611396972356,3,0.38196047430194846
2002,18862.801285136993,4922.558041452277,96.20446057176197,4,0.07385932512140803
2003,33587.24024752491,7650.876951197316,89.73588162692673,5,0.599621443670005
2004,64497.277206664075,7720.704163786307,95.75880813266566,1,0.3448672439007896
2005,20086.024371676685,4927.048531926497,89.43498248656427,3,0.2070185328720725
2006,9627.832592000166,7055.467875130358,93.42867915180109,4,0.21043740261002963
2007,33055.31819807716,6610.938501927966,91.39697608833576,2,0.41267410469598376
2008,30308.14316033404,5624.1806856029725,58.848292702740224,2,0.42439141599801
2009,27503.852574135864,5284.1316038670575,85.18944635522773,5,0.47443788864187286
2010,38963.83610249064,8031.74926933202,90.2620594285038,5,0.9443873080083269
2011,22893.67967652013,5308.296397180447,84.98808683650769,3,0.6967502493494021
2012,61451.25491526196,4223.735870695275,96.93436181026986,2,0.05618981824517888
2013,40679.44763544071,5937.023079976903,92.12919914269617,3,0.7076171564373113
2014,13233.752792098887,6249.651020381084,94.01965973781891,3,0.5705153035734829
2015,22038.893581117198,4550.466159638872,97.12756905226351,1,0.6041016151528988
2016,11152.838051043462,6036.434483524345,79.39021161066454,2,0.6735396513644657
2017,75366.47955886107,6382.578251522169,92.06912870958355,2,0.34422867219356246
2018,35914.88038473323,7016.273860278156,93.74599434673212,3,0.3909273576189445
2019,19727.68114205537,6235.137561766804,96.00090419997649,1,0.0578621819912114
2020,6198.19474685256,7264.7486042752125,91.32304084562149,4,0.9305066031958571
2021,28903.504309496853,6143.805134200308,89.65422666023028,2,0.4150724654443211
2022,29762.635600211113,8134.155353923807,97.87083794773793,3,0.7248434995197431
2023,15070.15004726796,6113.089521873371,90.38763611415987,1,0.7366012633017534
2024,56123.8082127386,5708.941806802026,85.4006024766399,4,0.8460729665130647
2025,35626.239161338635,6452.14360679253,89.96886332805013,4,0.5030167362467648
2026,48203.44692266203,7773.8960758221765,86.70313835043927,3,0.9122449395057304
2027,15591.94752399649,6224.3487734474,97.54204466210729,3,0.6451230274421392
2028,29693.867813788744,6935.030693587198,71.07185124807343,4,0.19417313617345566
2029,32548.812130113976,5386.435879319904,62.01493473479458,3,0.08995983873997826
2030,9392.108867688341,7292.719375344848,89.98460397927245,5,0.8913861946013184
2031,10455.134016266882,8150.999041131886,97.69213684057402,2,0.972781278395824
2032,18169.907308748545,5659.720874334252,83.57407089300327,2,0.4558610655238319
2033,47121.69195318136,4474.490360224632,93.03025978534004,4,0.7099804397912831
2034,91135.12567932632,6452.039781371942,92.65802242535374,5,0.029383877408823533
2035,33803.62595388414,5530.010491147493,92.08401122084683,4,0.9462234826223003
2036,57316.085709596424,6175.888160907153,88.8191607560627,3,0.6857603873387358
2037,25781.461590195097,8655.119724662518,97.17181393693693,3,0.13988365350490795
2038,16505.8674868933,5421.85972182712,84.36947595802926,1,0.10224331743729709
2039,57745.09250630488,6561.67489206819,94.54202307154995,5,0.7967077616677005
2040,9569.46250213062,6235.1709740071055,91.72725639019208,2,0.5737757504040092
2041,16471.89013473368,6666.477516561521,74.88533419349581,3,0.16998771150255054
2042,70231.66080853983,5455.889415555344,53.376411075423,1,0.18965402750637372
2043,49765.03279593545,6299.893247017652,95.57818209949114,3,0.13579432965052296
2044,21961.386480163877,5599.641109414115,92.02705455461928,2,0.9049791322351874
2045,24224.927111496963,7104.55365015158,91.43779159135131,1,0.5438982898019478
2046,5875.630035102049,7191.91632849267,59.44731265167156,2,0.31190169817975644
2047,34247.621318224825,5710.083742594235,82.96700551593185,5,0.16614054375405063
2048,50984.303955033145,6345.0500675419335,82.28501607632656,2,0.919818988490799
2049,36113.80575824957,6498.135135833892,99.35262632990475,4,0.5476871344320415
2050,30429.156158305366,5924.785320840073,95.2241157415507,1,0.1819020994221574
2051,45496.61064592508,5911.361414809009,87.546788631402,4,0.4840028541751048
2052,11921.399160435554,7651.671817600647,97.68908004930636,5,0.6206265110409849
2053,60827.99752838621,6410.416602923038,90.14440154760076,4,0.5247511227298498
2054,30941.41190314869,5882.671972740993,63.928093727615746,1,0.33449971573888493
2055,13151.683406097894,5138.75794749095,93.21009660859781,3,0.9455272687565162
2056,31959.001518424935,5281.339457940914,85.40146119307072,3,0.44892160605825016
2057,32778.793445387026,4220.121275981889,74.98219632261949,3,0.06644145429845816
2058,15601.106291175664,6044.049042790616,80.82060252050222,1,0.28925291529198704
2059,50722.316294165525,5489.5023899957705,84.09938328636721,4,0.7057373933289826
2060,54102.60509719731,7220.019876299068,92.68374699983904,4,0.07576910109115198
2061,71584.09690276599,5762.414060126733,98.62433449454974,2,0.10984801543017009
2062,20838.2777303445,4464.535841968802,83.1418046373169,2,0.972925773014973
2063,9396.064590889837,5887.901847061306,88.4926040929449,3,0.8080341146850996
2064,49463.91008216155,7065.701019912983,86.91055710261816,2,0.649643532087282
2065,21554.579739225544,6282.272450859524,94.33761358403154,3,0.05274331420465572
2066,28104.912213457592,6893.450011742721,90.2246313870084,2,0.2718616654407353
2067,110454.65218104862,6561.767047446552,88.46028700359263,2,0.33243434654768655
2068,11787.539488828388,5967.456952824789,80.99135817285762,4,0.5433552041096606
2069,27668.65464645061,4878.778962195163,86.03444339317822,2,0.7897117389211002
2070,51536.48866554941,6427.286561992776,64.62637364060758,4,0.2870288439278734
2071,46041.1545956964,7280.974654572401,98.41031488335243,3,0.06750633851185028
2072,25224.378904091842,6277.266361995665,93.80723923747205,4,0.4074827864663364
2073,53665.934041425455,4800.650734633802,86.29841673327417,3,0.17061272271654981
2074,14164.613450394394,7134.6081310701475,85.06776199979814,3,0.14125252275322575
2075,21482.377774455268,6114.172558705574,85.60756397463133,3,0.3612787019951227
2076,43458.48899461566,6207.761700938064,99.83448597799513,1,0.7470432262378867
2077,17310.767204365227,5408.267490436137,83.84845785925924,3,0.7481687952653339
2078,9617.93294210624,5977.491473329872,98.70735683853516,2,0.528518220665331
2079,9742.791631974185,5437.043900182617,99.3330947194208,2,0.9213446170138484
2080,53071.41230430383,5403.563275121988,94.78224938805316,1,0.10517524966007397
2081,12460.684481893262,6693.91444452684,98.41208297844206,5,0.9022287240735816
2082,28753.402910452554,,98.61536802466877,1,0.027152020526682863
2083,17164.300189960843,7947.080366701954,89.51409237625133,3,0.7222349730067248
2084,14265.272501081532,4240.94453251439,96.70227998780517,2,0.6914849907416019
2085,48180.40561884408,7389.691907720649,81.02039019201548,4,0.9246700903585385
2086,82367.49338094846,5911.99491377935,82.01151175050705,2,0.48443336888101474
2087,34823.396909152405,4788.3573546008665,83.81622143777625,3,0.2956923256404608
2088,74333.58424268273,6407.12288907202,80.22092106049881,5,0.6860127729886
2089,8276.299184245963,6890.100887122448,89.19947481767865,2,0.2645552030136591
2090,19312.025435314354,4681.6866869476,84.77686598322205,2,0.7501222364855904
2091,95423.79649769962,5974.743963435184,88.2583854574204,5,0.08187538212663792
2092,6972.446329715899,6953.481081375923,80.10905942699198,3,0.9696197344377588
2093,32654.987710750316,8278.547766800439,,2,0.7901974281131421
2094,7576.2840214822045,4277.388719261912,87.55818917421387,4,0.144395092806201
2095,24368.11119582613,6231.204762836317,96.05414650980771,3,0.20110771699223495
2096,92159.40892261674,8567.614248609369,97.01417236993939,3,0.6527664084908361
2097,11832.080177156051,5249.245321631611,98.12719967645616,1,0.24153781349762604
2098,28073.044778942676,4837.887179893404,98.32580212465037,4,0.7119369437825408
2099,11510.222263328618,6101.04805339866,94.264704756569,1,0.05431525091678335
2100,32632.674174032047,5901.866559780382,99.01043922708665,4,0.00548377983292081
2101,14464.007027017113,4970.337294460629,50.5127404502748,3,0.46285348501336865
2102,23185.762138216716,6478.705992441928,90.49984831402594,4,0.1275943141214001
2103,53063.3957912722,7662.780817753842,95.67594866942852,2,0.2204483026842463
2104,5592.8146422262125,6820.744945926285,99.62401200002915,3,0.44898825465174197
2105,101465.40470842808,5954.962773807794,97.15559589662503,1,0.6533000909762625
2106,6238.342152868161,5718.280177304917,93.39866955495603,3,0.04748433145898434
2107,66313.17194144573,6650.693860083878,94.15009330557777,1,0.11271462617904093
2108,9791.05618813098,4674.6868473202285,98.31727373797008,4,0.9240202970152923
2109,10978.669228324405,6271.633210490574,89.01530471549495,3,0.6687262979761931
2110,30825.192202668328,4520.3886022658135,91.77021316719724,3,0.770207618048999
2111,18100.13675238095,5995.272826584258,94.00271634282704,4,0.21110944832452538
2112,44375.05330742366,6185.303251272379,95.94754643922067,3,0.9779445551145035
2113,33257.50009540639,4132.159293751316,90.24508955632379,4,0.6782255032555381
2114,30980.214507521498,7279.577974595943,80.14224322501217,3,0.8302590274324467
2115,25621.749755534518,7096.487826281451,97.98569302094805,3,0.07538156468169932
2116,15327.148483412777,5835.806142109288,67.81126186763348,1,0.31499779949005235
2117,18818.121194085248,7487.248428481129,99.23357948959344,1,0.7449957506690013
2118,8957.554831484289,6723.0846990837645,99.99939796719843,3,0.1751320797786876
2119,6171.327196046666,4921.466230501246,99.6454450545554,4,0.06435395906303021
2120,11714.692719676368,8426.378675755137,93.85971921924464,3,0.9711540932338231
2121,109838.84933271716,5686.601514174499,79.9702119393362,3,0.7186562773936973
2122,32917.57537717857,5639.966829937238,81.12246521522121,3,0.6691583407021153
2123,28782.707981393924,6059.893815623222,78.1965863886347,5,0.30687826912489535
2124,16232.737534876525,5185.845381230269,75.32154712786598,5,0.020332117906968317
2125,25194.653923374044,5202.401902300101,93.5641797214706,1,0.7180847197834261
2126,30977.03656606546,6416.9228004746,93.91705456932908,3,0.7891869936917576
2127,8359.656584888031,5907.911573228965,85.40493201372146,3,0.40182157576855426
2128,61889.58209218473,8412.114085395046,93.30800085944051,2,0.01921549864515759
2129,26107.840317028236,6178.750195820623,85.16739447340929,1,0.7211847782180006
2130,5249.751096310974,5915.687244732314,97.31715121247329,2,0.8228876850597887
2131,11180.949108210973,8071.276270950014,98.95537235884028,2,0.6256044520938117
2132,19440.94456026693,5207.97584648013,73.79493907040259,4,0.01251418468952914
2133,45641.930361373576,6976.895188913181,67.58504722043122,4,0.2923615295591301
2134,14155.817658488462,7402.620303734723,93.88566200149073,4,0.09380658072698955
2135,131265.80107763366,5166.727290034536,93.14957321202054,2,0.3261776870222354
2136,5538.089308767567,6169.638669407402,94.15975003001563,4,0.2156105219966059
2137,9397.190477107275,5088.097068202347,91.25352563954948,4,0.2931764244821039
2138,9697.955061262866,6873.609982276204,,4,0.14306764847476783
2139,5537.56076391987,7058.13167178671,99.35574807169883,2,0.0510694193458745
2140,11600.08770692242,5453.472348491604,71.84166765992477,3,0.6345729334855665
2141,26144.911867676346,4831.310507859516,98.29688251290938,3,0.5889062845973854
2142,10790.684342782879,4808.815952519179,79.52684330406161,3,0.7391460466724686
2143,19137.932429711942,5702.440600791183,92.6925393569377,3,0.6220882727765604
2144,23066.534525638257,8779.75488223044,99.8829703563108,3,0.14114396492541814
2145,20719.424448457423,5624.016656742954,97.8417634577695,2,0.06346038961107903
2146,116793.21940074733,5612.035846361698,92.23003808161991,3,0.6554494201162088
2147,6032.084592383613,5791.287667744594,94.4762945695423,5,0.8429393241969521
2148,26434.543415163593,5930.732730049911,99.51635026662431,1,0.7229289977255614
2149,8895.260187901515,4948.837259719561,61.50413263914688,2,0.39874154378898075
2150,13147.041128887144,5760.937045242816,82.47034152534125,2,0.42978919010743144
2151,23441.939370660828,7886.812393454633,92.82430612747999,3,0.47218599371928205
2152,7111.49037150691,6057.647706200689,94.16695400536565,3,0.2717750521792839
2153,19350.577272142342,5574.770783517101,97.21403421638777,4,0.7221035426073124
2154,154395.75854115013,4849.7787493912565,93.13272836729976,4,0.8853991056813268
2155,15820.712458771271,4571.6460827137635,96.94729582065439,3,0.6360169231867432
2156,12394.555437709305,5604.749033339511,91.69520885328704,3,0.4348315784955279
2157,22862.31867003678,7105.979014823495,87.98380623464243,3,0.7142401048668715
2158,52817.19277439153,6593.737999360495,93.62952587234446,3,0.5178136170650263
2159,36553.136700477626,5842.936587008864,93.96909836493333,4,0.03529182320939794
2160,19911.504369465958,5901.09295180142,95.42680936677142,3,0.30557327596172446
2161,7481.497663720067,7998.6740205497135,79.33608481325359,3,0.36925657375870535
2162,23303.634960384672,4886.811048159149,89.94118962975921,4,0.7118750934002339
2163,9134.33889698634,4097.882737625138,93.44491732944536,3,0.17341219791944618
2164,63135.32446102084,4584.458087154984,93.67587879404986,3,0.10115907382577172
2165,72852.39759366518,4418.802044069614,71.7758498441471,5,0.3401249167349195
2166,13405.972023715287,6737.476947480845,75.90066093045182,1,0.7951696478590952
2167,83503.16673311454,7983.829340592963,82.55994428653814,3,0.9939245803237204
2168,14115.708498798942,6078.960857848641,76.78330661162238,4,0.9197268179127545
2169,40820.15105407349,6434.993839247637,87.18346090076354,2,0.16446738270288142
2170,12801.23881918016,6820.454322411701,83.5266702778909,3,0.943614473425205
2171,19420.594025874205,4775.957309499665,73.07478370305114,3,0.14176693918596428
2172,13996.465901733864,5416.232736595016,51.114209334774586,1,0.5876994126819447
2173,39512.514526998835,7486.344429869979,99.14178855661032,3,0.6302017171514745
2174,5779.797257189355,7127.202052413562,78.72439783056977,3,0.8826688474190636
2175,35148.56768019449,5996.674228434027,98.29510975123989,1,0.9110447804229416
2176,9870.261476243908,4691.128742387486,91.91663718764751,2,0.8875887957666725
2177,31258.4415238886,6329.650992158952,98.63570683570443,2,0.15506807525564725
2178,33660.74639123348,4374.211991899511,88.33122571513873,3,0.31426304804556815
2179,41876.53009715016,7605.123809554959,89.69320060958367,3,0.10167711634466037
2180,20812.569349157373,5782.408075501435,91.76321192050737,3,0.31944692557176335
2181,5978.829037413779,4605.758268260033,78.89530188379527,2,0.35317124665282484
2182,15615.805907740743,6417.859066575721,98.19926303872215,1,0.985286394451345
2183,10876.373323280384,6719.361559901041,73.1678825494955,3,0.08365803809141814
2184,67874.46680557696,6878.732985383523,85.75876653243293,1,0.9678057298143441
2185,63704.91456020499,5842.325414184667,86.20466993078465,3,0.22847625009342842
2186,29233.07457250051,4798.13581008386,86.6958591054899,3,0.4168794142298674
2187,42851.59806445485,4755.008282284623,73.92592793840873,2,0.9550333629629796
2188,11003.845422845618,6457.64566986532,94.72666818358915,3,0.3771026162661457
2189,10006.239007060001,6219.740740678716,96.31491410477327,3,0.7376172327914713
2190,12034.637624125044,5039.545862251098,92.94210394796274,3,0.13569132665861783
2191,5043.083602656142,5836.293297365463,75.67647062639227,4,0.13295940264016914
2192,44862.03497441068,6520.572187237287,94.04251810387356,4,0.319275789266493
2193,13842.68918432921,4698.07187502392,73.66953463749778,3,0.6972010604259187
2194,22375.417142902155,,95.36247844171544,3,0.611505445194964
2195,9414.030250914991,6466.437343452063,89.10919324260536,2,0.02795778183488673
2196,85615.7874220625,6360.6606174785375,91.5609828097744,3,0.4947156356259593
2197,17370.273296071406,4340.591443282506,82.41718754840697,4,0.19208534650492837
2198,17675.314154571228,,96.03565139015987,5,0.19077361339839172
2199,26718.73656354719,8835.68638733649,85.2944784252594,3,0.631412219362638
2200,17072.93949177105,5506.206020249569,93.30319228304892,4,0.6308427669636596
2201,37025.86149687116,4414.2311944811,84.26686499171674,2,0.450218601339744
2202,48934.608515075975,,92.61199814920215,4,0.15732599841132588
2203,5399.24300864243,6532.522598861833,96.88568292233708,3,0.6817136943927536
2204,68895.58875695619,9252.123716232061,90.53893121675578,4,0.9851200082145992
2205,107461.99858085443,7061.575859430408,94.34439612472218,1,0.34049704763990274
2206,21509.009301845545,7600.781178060333,97.63943285241197,3,0.18407432038664717
2207,9479.766325735152,4207.9593133931385,98.54701100833974,3,0.1527994939399182
2208,35923.38914653678,7216.724687649588,87.43559612571865,3,0.4340450413450079
2209,16201.436934912179,6080.238563037955,88.70395247556931,4,0.5141119065614468
2210,23018.3655974808,5390.105888978485,60.02149916853583,3,0.708343106385438
2211,23414.448244680996,6189.775234770566,94.27162178479416,1,0.2927416107291798
2212,50549.585431920306,5589.382608957976,84.57706158930085,5,0.6160997502907253
2213,8035.697329008749,6141.237403321505,99.80492734076391,2,0.9788721257679788
2214,14380.339662326685,5346.103822203715,92.22557878217255,4,0.1689133223890802
2215,21379.176012237564,5881.626974359765,74.33472843841054,5,0.7350016038655154
2216,17917.590296112154,8736.358455441146,93.76879963406971,3,0.9216041015967947
2217,11502.722026924943,5511.825518726057,99.44172123911017,3,0.6613954560906415
2218,106105.20791248257,7598.144570089018,87.67465155197411,3,0.702069426496796
2219,35368.30538712247,6834.0495466297,99.01908405757803,1,0.14876595025751815
2220,62375.295994746164,6365.250736304559,91.94946224380787,3,0.8668506494699518
2221,26666.382063382636,7817.090861632429,79.83726220900658,3,0.9880893767941821
2222,11789.584237339473,7444.102973367237,71.27391800997893,3,0.21287918566645914
2223,30073.80235662595,4115.980178658369,95.31111068110253,3,0.31804887507230784
2224,37034.31498929026,7713.796056647534,66.58345607030986,4,0.5576361339297765
2225,30373.213508433822,4172.453519588556,90.3117147285386,3,0.8565951377465366
2226,39627.38386960389,7000.9003472975555,80.56522406693338,3,0.8721271967626969
2227,5702.145645836848,7009.359700059494,84.07067465139613,3,0.7647864953454031
2228,68303.53750921889,6347.238479083713,71.30667864677271,3,0.40256097934198576
2229,5772.706158110514,5348.633259190211,98.41203779343256,2,0.6853802520483453
2230,12576.762604422542,6358.453082152065,98.32544118586564,3,0.8113672014162185
2231,13366.880890948796,4889.630713017958,97.25146845011827,5,0.10927015711376087
2232,32825.64466062594,5701.727074728013,83.88676404116183,1,0.0011230484262469975
2233,15309.746518799398,7325.791653450335,83.31955578223865,4,0.43151088492637224
2234,19593.335484483156,8034.042799489681,84.59085458512293,4,0.33753850015916076
2235,29870.247910270362,6392.013207440141,75.6516374114051,4,0.7734135375893477
2236,59477.83669046765,4581.701403735546,95.20976116717799,2,0.9577963600892755
2237,7473.924647351254,7187.9739081380185,96.80897853626334,3,0.13360649463629992
2238,35666.092815605196,9020.308888477732,96.78584435718317,4,0.47360218157492606
2239,8992.305368511996,6675.652950211658,85.38636768131383,2,0.24025218106318047
2240,31998.158317974598,5357.57629721189,96.27691564104435,3,0.21076480667624764
2241,12700.441164822945,6821.290190777485,93.32963395198834,3,0.10929497959781853
2242,19197.571253711423,4990.799689153795,94.81430087518635,3,0.16287139601367517
2243,8617.690030497537,7314.9241293897785,78.50317798092222,2,0.12184285845088427
2244,19423.538133471782,6577.3582658788,97.80988161345167,5,0.29078637250764094
2245,48479.19707526659,5823.5724848287,97.92050745026287,3,0.8831761996078988
2246,27569.40296496536,6078.290002628359,83.75827378239703,2,0.2052584939295501
2247,294966.98091542005,7607.495019672357,81.18994561587355,3,0.7587504879765754
2248,5574.899161252859,4832.148010212365,75.33772566175404,4,0.6288703859176027
2249,17046.55674021714,5850.950382219909,83.06283911455652,4,0.8265571867022916
2250,13119.630803649807,8174.803226566704,91.66160024453647,3,0.4555228859610442
2251,6818.406770836547,7387.60073926812,95.61361154896414,3,0.533220457177315
2252,31026.2829138414,7966.338675183929,97.20377402636821,2,0.2191074599763373
2253,93864.01659858387,4460.430594135485,96.99456146771837,3,0.9498409762239687
2254,43621.91035885684,5661.258113306745,96.20341523333849,2,0.2866234757550491
2255,53368.38733064077,5340.527129006341,82.12690398435946,2,0.8824358957206825
2256,90646.91953413383,8876.977148044181,93.18256420012658,3,0.5851374779893376
2257,29140.714077493394,6471.3580443669625,66.92255064674406,3,0.631638755343772
2258,94143.24689284635,4375.147146371334,90.52151800652645,4,0.6730554115655052
2259,31095.328640181837,6932.537630201332,69.54105062989,3,0.5821069411736288
2260,10805.342593514324,5932.127449973931,74.74600908134545,3,0.9704770474972125
2261,24747.854504457573,4178.278843036167,98.82009870770231,3,0.3683849002016214
2262,21240.31853362073,8045.470419901407,88.7318947435899,3,0.20532527276417822
2263,23271.762748495003,7216.482118441524,68.56284109712243,2,0.5219068495169003
2264,105567.11250993595,8077.387640860524,88.29324848583312,3,0.7801642548828138
2265,47393.058785661015,5372.931878565649,96.98485064040176,3,0.41922638735106477
2266,9097.970592552167,6852.949212202186,99.04182365669094,3,0.3049503348517262
2267,6533.237659713464,5664.80652099397,96.46684598066302,4,0.9015685548108098
2268,50074.03043849651,4730.812821218567,82.78471587867192,3,0.5740740968843612
2269,34866.80692518772,5900.650203161384,94.3540334984869,3,0.23979898153707968
2270,56163.35149080435,4773.144052679222,92.2049436486542,4,0.8118501767958645
2271,20138.49793376652,5847.783077422172,95.02474037835559,4,0.2675261124577567
2272,18155.995967010225,6653.90081350978,93.47149278982292,5,0.8241754612077342
2273,5191.184569391951,7201.707078791473,73.79478684380983,4,0.9304151611010181
2274,25514.041229440332,6348.7180591082115,50.51522511066552,3,0.8519897041179557
2275,9358.761484302271,6796.877842421892,96.58961121929302,5,0.6047131078389971
2276,23815.798775162508,4355.416020195684,71.32492051389795,1,0.4119118988493592
2277,25203.01141995761,6762.0899139316025,84.39289639452429,3,0.04048268070348893
2278,13795.223533633674,5810.316935726082,80.76112237780701,3,0.4080749389451993
2279,15910.520329954112,5394.552631117587,98.08588133092857,2,0.5567233133805207
2280,25867.159604174918,6974.805006708093,68.16503130943774,5,0.6512863453827313
2281,35829.55943295009,5502.353998014765,95.79492379984875,3,0.40520944925359814
2282,42552.51843231461,7382.377809913527,97.4573359648626,2,0.3882853455071765
2283,101108.49513465668,4583.923716938003,70.20462851967328,3,0.7609344903646149
2284,19375.242177897933,6670.790014053587,91.74116485631019,3,0.05976232687898286
2285,20284.628492088897,5173.75687271081,84.25223930797269,1,0.9638596163715958
2286,7254.521344123037,6674.902167595759,90.84151998654393,3,0.596303214115633
2287,15837.292746584537,6162.607001596935,79.39753237902856,3,0.4450355234399409
2288,20986.559697414945,6379.207134364022,67.79401418370765,3,0.07789179492745568
2289,47708.366329640405,4743.667260703106,85.84534135681969,5,0.39740510131553264
2290,6896.158687417298,5530.341694065385,99.23323547170685,3,0.8744724787724201
2291,9149.16315084948,5995.525406358667,97.35160905427576,3,0.7092625678682645
2292,6147.383215571968,5996.706255094766,78.05083627951616,1,0.20571119487121192
2293,20240.715580754666,7790.216381509179,97.00631471981546,1,0.5534520949364908
2294,10242.058811501778,8037.356489935712,93.1018975373352,4,0.9071939363555599
2295,58159.65793469715,6103.034867851798,97.53537667391005,4,0.0965998447535733
2296,34682.32075191804,5762.870295513662,96.34269441655496,3,0.4090948873715492
2297,83689.56635530689,6250.530334692289,91.76593352449277,2,0.9418269559699376
2298,45430.40103562209,7125.6715995139275,95.38486375082853,3,0.41929191363171703
2299,17406.048455941287,6339.2018645241305,90.77047094681373,3,0.5527381228277165
2300,5639.9598304369465,6027.664746703435,95.63545218740609,1,0.922440760086674
2301,18528.299632883885,7743.706703448939,75.73529106344961,5,0.5505303295370444
2302,15175.55019436182,4897.2115246258545,90.71836919778684,1,0.08623675275227971
2303,23941.610523486328,5567.700974281404,78.69198191634229,4,0.1872138314445283
2304,20355.743185540094,6051.721816661018,83.76717805112692,2,0.21955800119711155
2305,20434.057946231624,6585.45316750743,88.06237473335815,2,0.23827576916717752
2306,15205.649197103368,,98.82075163345428,4,0.9647095944414048
2307,42174.70612443473,7204.870062923557,99.88993661086856,2,0.6094261606453623
2308,30605.796072620215,4758.968115909801,89.01080604966126,2,0.9014516502304485
2309,17624.845508782877,5728.880666088059,93.14651005805871,1,0.9775846835900812
2310,11753.865883388833,6356.829021359678,95.39140358535249,3,0.16578508030107109
2311,51589.51653773227,5905.958015806591,86.10041847446269,3,0.7488027187693852
2312,9293.350773780025,7139.29287954039,92.19822632327805,3,0.1509635162689611
2313,131906.09491324873,5513.708738829676,96.51815654078177,3,0.5778188832264701
2314,138673.06550764217,7380.964212590862,99.61217743665158,3,0.5210614249923677
2315,15618.865272646446,4446.071557805629,76.11710846105886,2,0.031946086526651096
2316,8767.106871071577,7316.455855179908,82.92995453816398,3,0.7939516145360288
2317,12397.101051346657,8411.84944240626,87.8485926263014,2,0.2588142895296387
2318,23522.72844507441,4431.4761105766665,93.25111988020464,4,0.24479553844995627
2319,27133.35020915366,6581.282899789801,94.82203556844253,2,0.10088294509437978
2320,30539.24971758824,6591.197114915271,91.49018744231748,5,0.2876211120804196
2321,19926.001623898606,,96.48142222205766,3,0.8256412981169607
2322,12903.612330606018,5940.255192585947,96.93979553411845,3,0.40243800952264386
2323,36302.35687243259,5479.739527000583,98.46726816876877,3,0.3930420250005259
2324,19094.05281090077,5448.906530669638,84.97902800978272,3,0.45146004602507483
2325,14164.752174459138,6764.6165486963855,85.05532272501372,3,0.7432280995525193
2326,61551.12558137943,4675.657847290079,81.72911758480996,2,0.7929764566789615
2327,5749.057091885003,4755.249764737441,97.69471575017987,2,0.6613489875196841
2328,31276.983549595072,5040.752358917832,94.80107949042626,5,0.9255514490945946
2329,61416.084751842944,5731.191847397612,86.08944640646136,3,0.6955230980934991
2330,22237.927152375498,8086.865686687472,97.42316827637431,3,0.057697448780422045
2331,14057.206843536436,7466.737451683515,98.38603336513233,4,0.765426052615145
2332,28190.366623425445,6359.209611669589,89.24223662173371,3,0.6020492843411503
2333,12604.41472125887,5409.106293672585,91.30132707274215,5,0.05445425835975781
2334,30387.981565923623,5028.221268983155,99.5214575200217,2,0.2405736819474521
2335,11697.970132672795,7459.337079354655,88.07815952032298,3,0.07026328326213926
2336,25324.660932997445,7354.83734075492,93.74901345247551,2,0.37008835410828245
2337,5094.284586214799,7067.544508734716,93.7980923445814,3,0.31868284451465023
2338,69173.59483318508,6602.904553062891,73.69844205828603,2,0.06264281690994866
2339,40052.005897330295,6074.9400181367655,97.38871441678367,5,0.5363642819277189
2340,15366.270127229463,5469.781235520501,99.30960195432529,4,0.624788532060945
2341,48621.01529680631,6711.391213341975,92.7658647222208,3,0.015189716304196299
2342,11873.628476936654,7727.800142918036,93.99547228121115,3,0.8175232061841644
2343,102240.90086020721,8124.206815653812,98.56267864908924,3,0.14388466852309445
2344,8475.327600299135,4740.988575582922,75.56938033685829,5,0.06917498070883388
2345,8553.725412022159,,91.57120677763922,1,0.6962278670726784
2346,29983.79593503061,,98.13420566982217,4,0.3379201145238695
2347,22885.508319174733,6313.619857429829,95.2885031448569,2,0.4366346473826336
2348,15293.176109875856,7439.28129052658,92.91194268385273,3,0.8135115443795055
2349,17499.674476613378,7227.820736698604,89.97384618159555,4,0.7726588952198652
2350,85454.07958182365,6254.1096573369905,92.71641530172134,2,0.7745108029013861
2351,6349.8251121125095,5464.583453930914,93.4708034345599,3,0.65464788984241
2352,23912.5232318168,4604.104583502954,88.75785881645737,3,0.4294836833223872
2353,11800.950244337324,5672.30520644321,87.1321153747616,1,0.09111438547154183
2354,25048.977421070653,6755.602681322035,91.45491717966155,2,0.274658244375408
2355,40328.14470760716,6345.049399242702,99.84648332931685,2,0.6716479970343513
2356,39495.42457634989,6948.980101778083,80.7879134352335,4,0.8766067533406129
2357,5411.842665672527,5751.283731485413,96.77648215242691,2,0.583511473116364
2358,19942.57312941575,9125.481605515251,92.5996058472055,3,0.08626935881542319
2359,13169.959881689068,5458.3013075909585,85.79455362247174,3,0.010000116487516308
2360,11679.56348897706,7701.220614234042,79.9915683278996,1,0.7451316207505025
2361,8482.295507551444,5682.888440511378,99.64809172125425,3,0.7003844393886556
2362,8591.64560780078,,57.38126164890718,3,0.323844094359658
2363,7237.7072568004205,6725.880965787898,84.52665376608284,4,0.7834757161706877
2364,70346.65940068351,6794.7601260753945,78.63510912594236,3,0.3840247450204576
2365,30121.84587152288,5566.614056126338,81.0834433717537,2,0.7020209797297241
2366,6590.614994421611,6229.425403580525,94.37881841435241,4,0.49813600963870996
2367,55095.8609434461,,80.32805926858325,3,0.4281165885839351
2368,27379.813852076597,5914.882136423028,87.4743058214402,3,0.8917604060643082
2369,45889.425206755775,6743.356880251194,99.31102366586614,3,0.12002675486397563
2370,5524.608106238718,8293.303521414942,90.18301658584198,5,0.4139361757284896
2371,17130.183790540796,7617.97879793218,75.15531264452126,3,0.13190615342507916
2372,13431.633918932703,5832.147254544687,59.64382699681302,3,0.23718042392309868
2373,10745.72861111732,6048.774589649123,98.61997013000001,5,0.3732645563632919
2374,26493.721601656067,6797.838252171638,91.9340160055874,1,0.06650491356882393
2375,40135.500119106466,6342.772530544476,63.26130642565664,5,0.9084527626082881
2376,55199.63940890387,7169.848589997206,98.37561165624108,4,0.3670024995463017
2377,28657.773086532135,5918.878905529764,96.06008939358853,2,0.3688278888272958
2378,14694.163535010257,5003.475931732385,97.66535357349063,3,0.9792957262904118
2379,32198.20986209936,7990.879350279987,83.99176457632475,3,0.24598273258162173
2380,44628.40571115287,6361.761806922887,86.02159802101549,5,0.00874566345764971
2381,9532.685881781677,7580.10506906057,93.21744217174188,3,0.9758453315083799
2382,66991.42525274382,4730.652061637458,58.6204781082334,1,0.29230906917706145
2383,22228.104007961385,4356.285280899541,98.91941158850285,1,0.04069819168942901
2384,20485.75653226106,7642.316844566003,98.20616163264839,5,0.04145773847709988
2385,30291.479080031186,7396.113662224025,88.47952228810087,3,0.4050105488563257
2386,43327.952185337606,6316.180595079265,93.2722792954182,3,0.16049415050947768
2387,16721.4449350135,7231.324400305303,95.98403591134685,5,0.3343343563177591
2388,8776.13732502937,7583.38990333713,89.26853374889585,3,0.38486082096136365
2389,27282.46084817174,5705.389234980326,97.84753818430416,3,0.10925091129345588
2390,23150.698059709895,4822.624483223923,83.58150135034106,3,0.9024383964762265
2391,7591.574254676567,5201.727223706739,98.15572023282985,3,0.8687423111018031
2392,34830.48663596273,6507.929428454072,98.39417765274243,1,0.10449936833209827
2393,35749.48462163287,4757.770660452916,93.15075267383705,1,0.13968885478790305
2394,12414.964168179635,5472.337864661715,77.01167343378546,4,0.7840073144143286
2395,13499.127090412941,8543.867044926776,90.40482651906365,1,0.6857059348888866
2396,43392.395121250986,6843.541086859991,93.99613817032818,4,0.7778171530145279
2397,31686.10942757287,7042.201564485327,87.2606172582408,2,0.4563690026023345
2398,51966.92309401208,5982.388975779621,88.22182515989797,5,0.8517813379011699
2399,24125.564094792026,4736.222125007162,94.38932803244906,3,0.5838889365519988
2400,37056.01976756922,4840.905403764308,82.52806080405598,5,0.5288567995247058
2401,12575.162639989334,7652.0907008898985,97.04878131004831,2,0.655861002257487
2402,31854.39213674204,6463.2658473903475,70.47732599050502,4,0.08829989793936632
2403,6828.120718093208,6461.364499649972,79.45180837348428,5,0.05195426012111015
2404,21892.23421961868,4365.848596581092,78.71969184653805,3,0.047141744841361466
2405,73446.64499487409,8265.320306281186,86.22091321913757,3,0.3788676476031291
2406,13136.747547905099,4377.098756647436,86.96595968891768,1,0.43513647104389386
2407,5585.869742341747,5876.085328657554,93.85801517971547,4,0.21062149407714648
2408,11897.059125112384,7192.430371470166,78.66642781324066,5,0.07344065347810502
2409,47317.32224301302,6428.647850911514,97.25681349503354,3,0.7272815555658166
2410,24857.041669829847,5621.03320328496,95.3723793948148,1,0.37068474966940756
2411,35377.43775523352,6185.958714449948,98.59004903802101,1,0.5105749517393948
2412,6379.923009884173,5421.441281582529,86.76691503793441,4,0.8902272411831257
2413,8338.53334589216,6385.286597344211,89.0225273466859,2,0.11858016878050015
2414,11666.799088604788,6558.85119521651,86.52282689590457,2,0.3076251002635475
2415,18046.735499186165,5053.895086841653,91.9000674200709,5,0.13002387308679175
2416,39151.918858482575,6950.662330572963,62.984935526941676,3,0.5730973719352982
2417,102893.91293106433,5475.752903872206,84.27513387630732,2,0.8425032933269289
2418,36379.54121951803,,95.12535792535239,3,0.7362722821213746
2419,6333.202882531074,5451.117711935656,90.97236185312399,4,0.08107475438952838
2420,64281.49073904334,4939.573273109009,81.80890236412878,3,0.3935700253176829
2421,19261.428288265077,6447.308541295393,99.85859599296242,5,0.5776850452292047
2422,17997.845175516493,4007.0326293958033,91.43197703749557,1,0.6580560664386816
2423,29398.194232148482,5436.654978108092,74.15628692377071,5,0.3141428289920032
2424,26705.555372028437,6017.454229785148,97.80355661586448,2,0.8005032837617532
2425,31919.98625641204,4618.163751411613,82.96289564952929,2,0.986491440446504
2426,24685.840108144657,6604.750889172199,84.87883987987993,3,0.09212562814545722
2427,6480.442370680157,5852.696479249493,68.0470009024431,5,0.5661471382513105
2428,24845.69762575416,6471.4512193348155,98.0529771314313,4,0.809737946757402
2429,60345.226432090465,4475.744957862482,89.60025554530678,3,0.8451336334788563
2430,11148.261262371947,5118.987404853745,94.31350877731252,3,0.9067872793678665
2431,26358.65983167635,6306.646664536062,88.76992098580807,2,0.06480793995074863
2432,26986.005332650933,,90.2671579887205,4,0.22031339256596683
2433,13551.439253449915,7389.055258631067,98.17890884609368,3,0.19801782640119137
2434,7495.270343437511,4576.81550835129,80.21481334870482,3,0.9093310597836537
2435,97033.15063956997,6060.567276888487,98.47728549824679,2,0.15395575295673147
2436,7598.663941341754,5769.261386872528,85.51662049839811,5,0.5660689605877195
2437,11150.685506106905,7411.456114959474,86.87846974575231,5,0.6218140839060871
2438,7328.501008146456,6825.10973714445,83.51230499209524,2,0.13883489867136956
2439,6997.652311226336,6456.986878037971,80.89862810446624,3,0.8884467910981597
2440,24787.992237000843,5814.438258677182,75.16990111665316,4,0.5370909935045186
2441,76456.69241739647,7819.091998723724,93.55815954833629,3,0.7485875247504729
2442,5504.255977514398,5370.648959748725,92.43109934856638,3,0.3388189379183444
2443,56845.62334157462,7328.819597432058,98.58029038467691,5,0.8229013140729802
2444,17776.224495418264,6441.763063115171,64.96800834008441,3,0.7293522992404358
2445,7349.12510969002,5292.801920034626,97.603668301239,3,0.03598625057038107
2446,5179.520037000489,7287.229799471499,99.47589651653207,1,0.7671787864509311
2447,25526.88358115627,7770.674129184487,96.68911193157062,3,0.907516924741375
2448,7876.917005355776,6896.197741430577,78.10642283082704,3,0.9399285116781866
2449,5615.300185660935,5875.030910634561,88.87577823182488,4,0.15716471183471536
2450,13898.612882974065,5965.490535417144,69.3502224133297,3,0.3412339931910455
2451,81891.44806195243,7134.649912870414,95.1301239754258,2,0.6630725244709346
2452,12978.268645770779,6325.79065896759,95.73415328221704,3,0.2285616086597282
2453,14886.390885067105,6056.545599616327,86.3427299434028,3,0.5369312014788893
2454,18917.90965549856,5535.37782581776,80.37278712995172,4,0.45999441340665914
2455,19521.592647226702,,92.38161720769622,5,0.06597047858368976
2456,155130.40701328753,4732.818488979075,89.89210023830874,4,0.39788264147805674
2457,27154.056736114842,7003.764607691329,99.43256491325788,5,0.8464539156276335
2458,21745.487004854305,5215.2408731865435,95.34627774453313,5,0.16969572776153508
2459,25283.919270932525,6562.2796938452275,94.181105913298,3,0.29512785669309527
2460,5656.003906548434,5237.58015098145,73.49907164286262,4,0.3071057735025233
2461,80682.39611879924,6762.759116449246,95.9643270765654,5,0.9777917739857503
2462,19370.892043297026,,89.59030713031396,3,0.3249335470515552
2463,28582.846986134777,5643.277704560954,94.85700064739486,3,0.7334128110372254
2464,12697.456408914903,5052.796059203493,81.03378798125,3,0.1892841192541822
2465,15622.64400790897,6149.483704446605,89.62462943408825,4,0.8828279564610754
2466,80270.55988436565,7276.257294026395,95.52975904097194,3,0.1590662607367218
2467,14837.012547954893,7351.365914887905,81.68861866798693,5,0.9815116415560825
2468,59579.37256125277,7894.361257154693,88.91370595102717,2,0.14262754974351388
2469,11685.111865469122,6760.646814292024,99.73614164696858,4,0.30153427416455203
2470,11782.865864138626,4445.58196809282,91.81125593990558,1,0.6942652375648172
2471,37354.17632679337,5504.640576808345,99.09988955974262,1,0.5522266280567962
2472,10997.69941438719,8402.681458966494,96.11255613766184,3,0.8773372661626653
2473,94299.8982465117,7025.43975389462,99.48255491509096,1,0.7032448293234531
2474,57697.7621819953,5376.496951212738,88.45230878257271,1,0.28400073126011716
2475,15964.728590399385,6836.505603022728,98.33297477404146,4,0.5078697201191508
2476,34490.28526984094,5795.606126186711,87.43144919098489,5,0.40416687797427286
2477,12456.250145910399,4510.19260387559,59.544475381616714,3,0.9779916237196848
2478,8323.752813244158,6011.270924325783,93.05361163940663,1,0.8832098516671394
2479,6562.719483318524,5978.2115737831455,96.31419141805753,2,0.37276396222500396
2480,50480.081370279404,,82.16027673024286,2,0.5500864073328015
2481,23305.293771395827,5513.793530576021,97.84870401159284,4,0.9485762665307913
2482,27523.052633511103,4511.113315414202,85.43115339633391,3,0.03426353454540243
2483,50910.348719304864,8145.1975010764945,96.36737594587062,2,0.36122329100250694
2484,58093.693152706925,5559.873634620034,91.8375860916469,3,0.4401315148598771
2485,11248.093844459498,8381.859973047263,94.13130666983764,4,0.9488050480518971
2486,39509.51557630625,4239.659918608779,68.57381488139488,2,0.6818342917712419
2487,12357.311926189239,,90.36300622922482,3,0.058582331339136706
2488,42258.46717942588,7312.231341371918,76.3093542465108,3,0.39634424943319924
2489,62802.495553331304,,92.85943533342396,4,0.6746480857596482
2490,47067.15493453956,7075.562521059526,96.80069657566722,1,0.1598794228996806
2491,52056.32444262167,6784.107627683771,99.18687426641878,3,0.9733358166144482
2492,62951.880280212674,4837.187781242359,81.82244701010742,2,0.12936224237535565
2493,16250.803035367064,4749.299368466642,96.47685510381584,3,0.6369198353320746
2494,20048.983720315053,6406.803960774421,84.95193982722117,2,0.4925637494274987
2495,24733.711484918203,4988.078690210524,95.79691704897236,3,0.3849387378479816
2496,159369.84516806062,7218.080372861453,89.9480533933632,1,0.8166557655047074
2497,30552.750766469417,6543.48999694239,90.43216246431268,5,0.760548054623783
2498,39471.020769020455,6055.222772881299,93.0840195690982,5,0.13775235058329105
2499,44963.50643717571,4022.0255505215446,89.4260757169533,4,0.7873128843315194
2500,26867.43042141488,6674.686703461504,94.43406617376532,5,0.05417044376579694
2501,36206.112003926246,7079.55814965089,94.64379105222683,2,0.5753535350217567
2502,11947.730322043626,7985.579089327865,95.12430326532393,4,0.5005039407048
2503,47274.91767225841,,92.05765921812737,2,0.9201059630115724
2504,16912.114932845572,4965.847916835135,53.72467764560167,2,0.9237335679538351
2505,19325.04638582423,7148.139796254456,86.53116189605898,2,0.9873528321860552
2506,38255.36182243606,7221.637518242844,75.47214700871108,4,0.449129411114484
2507,9302.800622020608,6144.514523732973,75.7640762952985,1,0.9035548106805427
2508,6339.787111672238,6241.112147952965,91.81305464187332,5,0.05584610865881978
2509,26664.643385165367,8401.562294499545,99.87738399682601,2,0.0559482373516067
2510,5792.863981325319,6810.071498051975,93.42020705773577,3,0.8130728299876274
2511,51588.72983911711,,99.62966091833651,3,0.6747674611572965
2512,46140.14999139265,4830.794038036274,97.6295020835257,3,0.5713880140753786
2513,109610.56662700287,7008.997008182677,95.90984536363135,2,0.012566324662030337
2514,18975.75827086711,6488.498658639077,97.8313771266777,3,0.7586898589757717
2515,10972.979869619652,6716.473575038603,99.83958251973766,2,0.0264608025075056
2516,83701.91662671375,6239.828252043792,99.18839298375836,4,0.06252043419717823
2517,22240.69983473594,7718.278638836196,95.0217407661996,3,0.4635306962389478
2518,27695.318362560894,4334.77013169526,80.60987212428789,3,0.1664997498347861
2519,47070.216206398705,6305.447264868977,99.42763595866938,1,0.852326438149807
2520,9283.704181864876,5950.938308798064,88.23065889899327,2,0.7771370215442881
2521,7796.941837337432,5216.519733253541,63.68941598388501,2,0.7489648427372149
2522,27675.663365128927,4241.953143297964,99.866579456889,3,0.905110662859806
2523,73997.4525058056,7041.550065679527,84.71067002160805,3,0.9225202849620611
2524,13388.593670216904,6183.222957523704,96.25531228796454,3,0.1391734511650179
2525,27659.42976533199,5143.206951431008,85.21505717612584,5,0.0028312124413278905
2526,75498.49689938086,5941.169384289157,93.59993970922905,2,0.6366395522698359
2527,13002.705003750052,6242.224606265515,95.72367177640619,4,0.0986491213058287
2528,71328.62270195228,5226.279775436808,93.39274624160272,3,0.8356455944131403
2529,23273.181887848004,5979.053992823297,99.15980278243892,3,0.5973071867461915
2530,5104.9735071458035,7217.764624938136,99.50353574633546,3,0.37371749824388456
2531,16631.47745019776,5468.43747934819,99.65087730138835,5,0.7120123128005327
2532,19459.828812604195,5792.305135195888,67.91160773130423,2,0.6607107357150107
2533,14895.713445714868,4294.480566950899,77.43243860277738,3,0.6289553048852654
2534,14483.18517220694,4778.401167901259,76.24743831884889,3,0.7138196901728541
2535,18613.58844705169,4937.3688660167545,99.18179612652295,3,0.2892319835174004
2536,44938.62331922831,5971.666877135894,97.73077370929009,3,0.3578280983396269
2537,87190.14716421542,6214.961517654365,83.57034129852752,2,0.2399701178890712
2538,25645.15305333496,7703.1790706553675,87.63764295540295,3,0.7922011603737029
2539,27315.51519720853,5358.2035296555205,60.885949583770746,4,0.023809123648918407
2540,26080.96278140594,4928.152380379151,94.12877180246664,3,0.08878757776572443
2541,14206.150506067726,6403.5199351047,79.9152798769803,1,0.4353623644322605
2542,59101.18092345472,7192.882273599736,93.14492187114293,2,0.06579672893206046
2543,27348.9886838895,5525.095087634654,82.99709361754462,2,0.42670436805994216
2544,14584.99286180534,5380.956125099607,,4,0.09430821468585471
2545,62574.615408080754,8619.456667564955,96.36217093703517,4,0.1434260803007984
2546,6852.861202848636,7412.979770676454,94.58044213651803,3,0.0989507345281424
2547,8845.009393235057,8145.206337282292,96.35146030983293,2,0.6626975328188945
2548,25755.202403507777,6492.8211458805645,96.27275245974543,3,0.39978877450916284
2549,80146.36635561583,7977.778497072159,91.65425481328015,3,0.9522503351916205
2550,45595.76676369746,6540.019320882976,98.84181920535391,2,0.22423320292832039
2551,17249.167720255587,,86.2869542100403,3,0.9939569000027512
2552,20903.32684259744,,93.40309749328215,1,0.9838119421187734
2553,38613.57035758762,,95.74031142818785,1,0.8783016305148104
2554,16738.00152506106,7248.158819335195,97.33764969465668,1,0.6832777480652777
2555,7754.808129196458,,97.51054310111725,2,0.9795837452466258
2556,56151.63165888454,5036.2792304616705,84.58924509253173,2,0.336636989683463
2557,26407.026293655417,7650.379424817947,97.24786611763247,4,0.3667467837254311
2558,47989.19071107994,6764.77445641676,98.48463974642328,1,0.5207423676733849
2559,12005.621973701323,5935.622083280601,99.13692084325791,1,0.21300615409395796
2560,73651.63172177378,4801.277200627721,99.65523282150201,2,0.9032939688009358
2561,35561.26056594562,7464.258509282689,84.95177365291437,3,0.48806530498071155
2562,6775.532482616235,8291.129064068697,87.38801746580866,2,0.25572003005430266
2563,10095.858018773437,4419.654272172882,99.68808737615169,5,0.4033719210722436
2564,27485.399291132362,6391.332487689868,93.20561171897378,3,0.42447784686887924
2565,35070.093270755155,5250.040502013768,83.6576823954682,3,0.6711889396180666
2566,19553.807870170065,4010.9788392777273,92.18745587437076,5,0.9643312185570956
2567,13649.504516769624,7098.209470346039,93.52232304411179,3,0.3583013550151116
2568,13278.718508174214,6214.846580310049,65.39401648235804,3,0.9294642321407998
2569,7043.895834780025,4135.923582798968,99.5545162892027,3,0.2666565115853943
2570,42025.06411451501,7478.799577021265,78.85203706498461,3,0.5678461691906846
2571,35110.289401327886,6259.067772826213,89.43108197471825,5,0.8804391149347895
2572,80054.36811158115,7653.54319693129,75.64300714496108,3,0.5818522086803196
2573,32972.58669657556,6698.05751116921,80.07675577604661,4,0.5399514396718936
2574,23590.376556711803,5859.61479312975,97.5458433818108,3,0.4782216560864013
2575,15373.553483777841,7171.31594162676,75.81867235939835,1,0.17693518051169288
2576,14566.893628434575,5655.320510559378,98.68971626203076,2,0.8761127187289395
2577,26937.091812121525,4427.0545324050145,74.68467890351526,2,0.823900610947857
2578,11783.292528169022,5448.763727434213,74.2373907882495,1,0.1836466899555873
2579,21600.71120767781,5318.926293989105,81.7468527227785,2,0.7098841354994154
2580,31719.70987222081,5496.360697574315,86.26650249575192,2,0.45180527240561685
2581,7978.222605520095,5990.222250773309,74.93477588731496,5,0.9472992252469005
2582,22426.194347533783,7081.4431396608425,86.2919804802117,4,0.6164446886025341
2583,34719.42887129067,5680.203966842687,99.9851633154374,3,0.6034316750536443
2584,70809.03230401046,5967.9080263572305,92.07790156083178,5,0.03811770463129449
2585,10847.591285255257,6447.467132072077,85.1778913875132,4,0.9227325571074955
2586,75972.17600364865,,87.16455582499918,4,0.47855364979808457
2587,28030.054778476944,4015.606499744024,87.67498501100141,3,0.5888494327283308
2588,23290.779184938725,5154.916954670532,95.67974013768469,1,0.5415638715776179
2589,98634.92320119965,5000.747106546326,99.07594190895217,1,0.19173015959560757
2590,7462.162160606531,5911.8085978212175,94.08446088403018,5,0.24190074810744377
2591,29339.105958977096,5242.220330295142,94.49786685191015,2,0.93326307863693
2592,12564.261529784148,5691.476409028467,94.97826412667261,4,0.18672214418370658
2593,11403.422075666436,5794.645689988305,90.62052650114713,3,0.9505393009949807
2594,30109.707725059954,7218.155957719563,90.86531211951805,3,0.6542206213993608
2595,10681.574578883412,6056.049339253429,91.4564549036305,4,0.9225210226642
2596,51347.77758321918,4868.612929351897,95.41794122951659,5,0.49676076149906734
2597,9631.733091840524,6194.462673068712,70.19447460093315,3,0.04972869642373812
2598,7655.06655147498,6819.412994368124,63.600440595620064,5,0.9322670482416359
2599,78298.78042687051,5750.15666506325,89.90068334222542,4,0.6977740614945983
2600,13471.60189529447,6913.110440781056,94.68884555803648,3,0.6107624575491057
2601,9009.482823722832,4185.777225332353,90.67545005242462,4,0.6072217634952746
2602,6145.316711599509,4081.0160002309067,89.76930852078398,3,0.5082483686414261
2603,13352.736198476588,5744.967165029061,81.26595338441533,3,0.15479795516542694
2604,20095.796576962573,7400.132163005284,97.05946294619062,4,0.30545089239362677
2605,49568.64235169411,5686.688453302427,89.8165017519905,3,0.2569359271325259
2606,23747.353770965907,7668.138622137321,75.14160362209577,5,0.4328447453784283
2607,8858.672590705066,5470.533983551726,67.23922087747233,3,0.2587139194878182
2608,103763.63141336256,5474.693335543538,93.4270718977275,1,0.4462001132335838
2609,24022.527304086278,6373.181876850935,91.95419419203573,3,0.08919956544530372
2610,68495.11257516759,5015.922796143972,99.19117426834578,2,0.5062120924717566
2611,6270.857535940586,5327.178174051018,93.03605115177363,4,0.502247273744254
2612,11785.986001144487,8564.688219467564,96.90235113370014,3,0.6657784937363168
2613,54993.93504527584,6003.8732694537575,61.8997360867094,2,0.17512381713259972
2614,9553.418685228957,6435.2620152731115,95.65690637105206,3,0.7461965178498957
2615,17162.13331323553,7966.629261076642,98.84798268506952,2,0.8016162179295159
2616,25746.74490565909,7392.768125597154,87.13603837047972,3,0.6267730151036731
2617,78939.53779919002,4836.273453645698,98.68063017510065,2,0.5732303601885544
2618,9868.475771234702,8397.494591135623,97.32469587725416,3,0.5078017655117897
2619,17579.971868370714,5283.648743616614,89.1969587387717,3,0.6819314337410655
2620,37087.57262638687,,89.12165570640731,3,0.8947535797611472
2621,13023.02591950652,5592.196515606206,83.59359527063701,4,0.9147937538117931
2622,88930.7133500724,4754.953839489008,93.30222610880341,5,0.752868801317073
2623,30762.689421612235,6936.932165526154,94.10929367758162,2,0.7839756105781123
2624,15149.895550588724,9918.778843576218,97.64609766034344,1,0.7706829475210316
2625,16927.958164567426,4204.818185171896,96.61963512550756,1,0.32306206063788
2626,29824.51077756967,6411.566303709309,96.53234681516334,4,0.5474250395234871
2627,23093.430608392246,4740.359135092126,84.22285949945318,2,0.8601178121609899
2628,5921.569243952327,5024.930134351762,93.45490919129658,4,0.9259353816583396
2629,6015.537391905223,6864.099912818911,89.45861012066894,5,0.031587355331016975
2630,26919.12940701226,4592.913323486133,99.70573662971665,4,0.8332326254140195
2631,41368.917774731235,6050.600798651438,69.51578270471326,2,0.15557173112300737
2632,67106.40871976057,7225.415936539899,88.64759357860261,4,0.21594358936847236
2633,41065.82414833513,,93.59917094011509,1,0.9648917267949959
2634,33189.99288730555,4256.8305714223325,78.16071419321622,5,0.2936483198312403
2635,32572.45944387004,5883.505745479899,94.88897058899225,3,0.7870051045558899
2636,15768.004172341298,6021.170706700803,97.27100865430512,3,0.6270145054562839
2637,14159.555382404042,5139.149608385422,99.64249586782974,4,0.9235768636834979
2638,24793.31057503023,6148.249175623217,87.04263106637077,2,0.8251128377857249
2639,52045.61634716046,5600.267706489881,91.18813234530204,3,0.0611390479129158
2640,36562.699937443416,5425.6787573399315,89.90923151701548,4,0.600844878036549
2641,84395.84090836476,8604.080134086118,95.48543630330668,4,0.9895417257728453
2642,5579.973730822681,4991.065980387528,94.15680798263611,4,0.1431067819012678
2643,95723.2105440739,7343.333909562278,87.14161539606155,3,0.9911218710066981
2644,10041.646909166237,4785.22574116391,92.41334146457544,1,0.8397268194511691
2645,46795.14617601511,4316.495764453781,72.93980795600223,4,0.8818025905577322
2646,6764.925528105127,5220.2069354802225,86.55205029980793,2,0.256698107938925
2647,21408.233992054742,6432.081488300051,93.89051554688461,5,0.9483783219208837
2648,19986.702211995034,7627.487076544693,81.65500881554438,4,0.85434911763565
2649,20428.85397394052,,93.20014029040908,2,0.21482596184400116
2650,75907.57921672532,6211.359534425636,87.09275496155199,3,0.5983387122763939
2651,19213.262601693532,6670.956476803328,89.49684713645041,4,0.7691274279937702
2652,73133.10625971676,5910.852142850605,88.19290472417333,4,0.8013014919518586
2653,51949.19044416548,7985.643282164454,90.68629181005429,2,0.48091799248586575
2654,29135.363059724434,,82.53501328811763,2,0.6743892225706071
2655,7961.664527552832,5623.419776438608,94.38466760572994,3,0.33649845249421684
2656,6928.392237601951,,95.09695759651542,3,0.19707882873467752
2657,39062.1301088272,5915.418171388398,98.31934734226313,3,0.9495134818005128
2658,70703.13122132623,4697.459814506394,94.35677690412727,3,0.41683039020788504
2659,29669.77469546243,8348.577282932989,93.08480326722551,3,0.33062104797895564
2660,30545.462768324105,6335.023171429169,81.4609412997777,3,0.20623197575254903
2661,39497.03058041575,4097.3356202791165,90.08674603278766,4,0.7979898945654484
2662,23327.87450090789,8946.582087880519,98.26943219132622,3,0.6500249947633869
2663,14134.853916308331,7777.196317243031,98.51530675835832,3,0.07033901913640705
2664,30336.32429327467,9126.270054137185,66.7951560667277,2,0.7308425755652083
2665,5589.293780362134,7023.0237113175,98.3233464869274,3,0.19618178842011613
2666,28425.286237361477,4213.912894737339,95.2359812791321,3,0.3045898062260399
2667,28007.2553354755,4971.895501001151,93.50798713584622,1,0.9225111097395109
2668,30201.269805454347,5014.085362894524,89.5064183267579,5,0.6773656458079658
2669,32024.665563260423,5343.57534443621,,1,0.5864150053707712
2670,9082.217673551251,4447.748168673674,94.84131180499269,1,0.47223352011558994
2671,11605.136279000631,7592.64641587358,90.20262950853612,3,0.7477689173897895
2672,27375.176956417836,7078.990784702183,87.68469553284824,2,0.4100629756168389
2673,7167.698870864891,6592.924072331078,99.6755193775208,2,0.9491899246324881
2674,16471.90305131972,6088.19046788291,89.18600448583649,3,0.7829153115195212
2675,19879.709229947053,6532.0604521994965,86.66165293939015,2,0.9742351726940092
2676,18134.603801818714,,94.86290377834585,4,0.32276503871710804
2677,28903.62774306987,5946.456700514237,91.31140147514319,2,0.1893804198167096
2678,36344.570777442495,6035.575589083075,60.535457950221826,2,0.9524549746737171
2679,18213.486543813364,5466.46958662207,89.89051559605488,4,0.791259834429077
2680,41963.22929528833,6194.362782525443,86.1667248505842,3,0.14464108648588436
2681,75045.59548755633,6196.5356594591185,73.46358996931912,4,0.02706036444184834
2682,50114.11143997859,5259.658030995408,90.43732673412823,2,0.33245318915830124
2683,17587.930485466117,6843.4338721846,88.76428146309946,4,0.00966710898438794
2684,31182.581706845092,5034.652943616991,99.38041213709936,1,0.6213507346432177
2685,49644.61582646377,7508.575083967204,87.02969773023787,3,0.13263129150218556
2686,61263.34787363476,7928.265347946712,94.97253039806125,2,0.32165479929661867
2687,100287.56802703018,6901.058248055887,91.85742698898599,4,0.056674547245629814
2688,77028.94511545997,5425.978451721928,77.89465073402913,5,0.04628912712878408
2689,30403.25692266989,4544.051958484801,95.89385712726576,3,0.6747487356282084
2690,37033.41706846179,6312.672578829748,71.5480553704917,3,0.6811980533969397
2691,8635.845320268136,7140.355195225223,68.22084476637038,2,0.5018519017714594
2692,22529.880271190683,7555.864201556944,86.6005996395023,3,0.4094666392149031
2693,14390.099685176374,5623.115068393545,96.9831236222083,3,0.15864767283406322
2694,70272.36208366086,6589.925092679277,85.52392212485542,4,0.41121572599680956
2695,44542.81543907345,7689.687091804939,83.66192277659302,3,0.5868631098355125
2696,6352.4930763328975,5507.616236845996,98.47096089871935,3,0.07156798313120571
2697,9918.362337152485,4916.806783064167,95.54546764291473,4,0.7136041072911105
2698,15810.956205469625,6949.760323847726,86.64457947707344,3,0.7205735034571793
2699,11859.41860962442,6158.905237029833,98.89040072741302,5,0.30064920299321374
2700,44962.21417661488,6371.2887448357305,94.42411623823386,4,0.946092944485472
2701,22390.305119178956,5320.122784696794,88.6840709504581,3,0.9629103557890536
2702,31348.33127242192,6023.503096625534,89.63957821499953,2,0.7998981551621557
2703,6273.852358344862,5632.060884981156,87.22454590492737,4,0.3899959779875989
2704,13538.193055352054,6248.875502817899,92.78508592474431,3,0.6240266746837332
2705,26261.139814392496,7734.126389150508,81.60845668966985,3,0.1917784303728608
2706,30387.554462717577,7455.405304753231,93.52649350172824,3,0.0888806721350216
2707,5501.003232799632,8653.442445040217,94.3163013848132,2,0.045587146707716686
2708,77506.1442176402,6868.544184378096,91.41475135204362,3,0.08745971538019193
2709,28938.484324763147,6124.569998201663,98.77584759714765,3,0.11516747968799568
2710,19718.382288050692,5270.8181272398115,86.31363593946281,5,0.7057205393800325
2711,13375.969662368341,,93.75165441664973,4,0.0037271167476591316
2712,35879.56071436974,6872.451198084113,98.48027101924654,1,0.31787757723182053
2713,37783.02378671319,7901.487441132216,95.13115366003274,2,0.21272678858895155
2714,8998.857545753253,7930.504769069757,98.58587795627548,2,0.990209043332774
2715,53196.31919805818,6411.032756038402,94.4683762991488,5,0.7060827100892614
2716,68621.65913707858,5507.939546062217,84.4672758275107,3,0.6983980691245878
2717,32404.61979847448,5249.653348928284,88.6707264502359,3,0.9473447985095664
2718,20693.859326698483,5681.311214864487,99.68431588018748,1,0.504965445097763
2719,53021.18737928885,7442.989310576606,84.00604099618627,5,0.5349499459180177
2720,17271.055855305724,5020.505490384476,83.88098596926386,4,0.1531499810556759
2721,19898.34960090251,,97.34877687949613,2,0.6281855650584209
2722,9527.883663685574,4690.69956249341,93.31173639615189,4,0.6828881803372135
2723,14934.197652146779,5358.08317904852,98.56830444336796,4,0.059190824846847234
2724,38558.73547870431,5069.260691392651,89.43398836903009,2,0.17035791168232595
2725,83072.31042467488,6327.827813530427,76.47729780554374,2,0.07859635499032669
2726,27372.821399338995,6974.6952421117185,84.64335364580275,3,0.14999378098006155
2727,58098.334326336364,6817.353793222037,93.4613712318773,2,0.5209892139271266
2728,9325.413214629396,5733.4440834185725,83.54222705250945,3,0.22266098999984352
2729,20185.890676109448,6915.279181223297,97.19720917623579,2,0.9439843225650105
2730,5291.774634748124,5755.443559332165,99.11388802690175,4,0.5837429824309851
2731,9470.82723132368,5612.575352030955,95.75197890507442,5,0.4046191802501722
2732,15147.537110834668,4155.9116327733,95.99444487518825,4,0.17089456668835523
2733,7167.987209815758,5767.618141538744,95.44337260104115,4,0.3142148432482669
2734,9730.161374563657,6971.923209779557,72.17648861796691,2,0.24366968016514046
2735,19430.772166042734,5862.985413182638,90.93993643575674,5,0.46507274992662717
2736,5910.063634671652,7415.347845586835,56.78169979976876,4,0.6506534883926487
2737,6801.42051591561,7189.303277597911,97.37419132854241,2,0.3564152306421844
2738,35261.027867027246,6714.160315002826,99.77329468283311,2,0.772145870285883
2739,28333.669289862806,,94.99117367762398,2,0.8503614544422278
2740,24020.733190426494,4938.687834374188,73.46753088046826,4,0.828771720402474
2741,11655.592933748465,6323.288534826015,93.74764817270457,2,0.8070125736572354
2742,21577.44740041408,5771.888610323489,99.26887532144136,1,0.4731411055590081
2743,32614.296176290387,6602.37209153506,83.95622048436958,5,0.6685868869516127
2744,15057.897597548133,6984.4072461444675,99.21857647606744,3,0.0783889500255901
2745,30536.415154702645,7676.474904828803,93.76632615046638,3,0.31921485472904665
2746,36505.08775477417,7088.674494037703,91.33352871460576,1,0.23187661818720962
2747,9751.950289168444,6947.2338927899145,74.17305522237551,2,0.544058495106006
2748,56174.766887290876,7053.354628624822,91.154270518767,3,0.6694436864639404
2749,27200.508476795356,5639.307087170906,86.47412265631185,3,0.9598249326025996
2750,22128.070944125993,4904.245654365604,93.46529703238153,3,0.07623456133360629
2751,13639.379947242182,8191.274927086091,79.47373324409858,3,0.9724726407175198
2752,9930.26605842297,5597.746103758906,87.22108554237546,4,0.48419076080346635
2753,41736.37897455177,5517.626794659129,86.05919287066038,4,0.38128404675763927
2754,32387.74576897754,,91.71117621432975,1,0.2943875797168336
2755,6022.866282592516,6631.934311545566,96.00306655310227,3,0.2051120934985713
2756,18814.508247779955,6579.015471315074,99.9420917403894,2,0.9195826877535694
2757,7033.362337832812,7105.064241241618,86.70917162583663,2,0.2188547171937436
2758,8788.163742257895,7172.39388551103,84.48575351835176,3,0.5153348266854859
2759,8395.849024460575,5705.439681792753,93.0267955984374,3,0.3926259870788471
2760,20779.929193544445,5231.127295419792,97.30480412727917,1,0.43694298127219167
2761,11576.016499701062,4700.169391945404,92.57808266968058,4,0.40846802916272684
2762,84004.51536958074,6954.73536251862,80.86959935397624,1,0.4037047421529265
2763,18735.311414045933,6217.148085179759,98.93493379386574,4,0.3763436300458053
2764,60195.76635259852,4335.365981501171,92.3315711524165,4,0.5412252969101018
2765,8123.9890786964015,6581.1281811556455,87.61736379601344,2,0.5438957365894174
2766,117404.45187016437,8532.580476096242,86.57520257710254,4,0.5183674628643657
2767,71401.67806154376,5681.437421699547,84.22219073829102,5,0.9714888728821326
2768,10351.731629080976,7205.59559569701,93.1411164363227,1,0.9438698163060845
2769,11079.241214769449,6801.208532993691,99.40676589171046,3,0.34131051133944657
2770,5941.59138939655,5387.830917481766,91.67860925531392,4,0.009010992466703227
2771,8595.279783801141,4706.1230856838,78.92949773880397,3,0.40387156704565885
2772,45580.80467819234,4671.297226768376,90.67924760808444,3,0.9010432407293982
2773,10991.535206802595,6069.534912899131,94.4878849069826,3,0.3142775623229248
2774,49785.65098349074,7601.00353261606,86.39917057281113,2,0.0623196394224137
2775,7279.418855636461,4266.789432232002,85.67823198267314,2,0.7188094695034922
2776,16014.951174925922,4674.364800655667,97.89824603665912,3,0.01205749485182439
2777,45989.34416097929,5982.004133614347,76.62677250761837,2,0.6628544327887472
2778,29260.520860010358,6266.893509881672,98.13277732485854,2,0.45944255194854733
2779,20428.19826065067,4681.4714363607745,92.82204626740513,1,0.6361517193066651
2780,123954.85327492173,6846.90507222288,91.03340624839909,1,0.40203930076304406
2781,11504.635116401658,,82.9880253313823,2,0.26546449702457686
2782,16879.989289342422,6838.9817896348995,97.32205107861299,2,0.23249614602136148
2783,21034.795461739064,6370.856373506788,92.48394125635,4,0.5335112451070064
2784,12210.04190862162,4764.169213937363,82.56129233256837,3,0.5977937592926681
2785,11389.398986600685,6512.051195670527,86.26698412735814,4,0.6763312990097454
2786,17618.63028202934,6176.929543511855,92.32408118074828,4,0.049807752257211124
2787,8391.103226998248,6507.282323625811,97.51856493281063,3,0.9316893474091968
2788,22698.93009661935,5787.919480542468,98.68918427979273,2,0.859743152459658
2789,29918.32663094668,7080.936252968072,96.98668574588862,3,0.12874019916573232
2790,41884.281181751234,4721.763651349903,91.01274169542803,2,0.29299223536626195
2791,10248.243396514514,6242.542953140733,84.76166006923698,3,0.6067069593395532
2792,26719.091482805015,5709.536781904906,97.98966089694974,3,0.8043019957916748
2793,95126.40669169293,4703.683284926741,87.11491735536246,2,0.46056656717912137
2794,6252.096251018126,6689.40443630084,76.10820583067868,3,0.051468834522683804
2795,7995.188896164827,7856.130035099544,88.92010085538709,2,0.7754631834909768
2796,14475.476571898262,6466.089192815739,99.1025504626356,3,0.660202466274954
2797,6654.67948821189,5752.727868680217,99.99191257550132,1,0.64718193834512
2798,20053.711134235193,5715.001241412889,92.21768425960872,1,0.9643425800727251
2799,15647.462171488773,6060.501153784245,95.38526240635726,4,0.8341491273407332
2800,15876.87975100334,5818.65952461722,55.62269012915638,4,0.17976418935214333
2801,11505.590051882886,6421.266436846038,97.50054338485363,4,0.9810780150486479
2802,21168.390986603255,6338.6359173058645,94.35610932983268,4,0.4825469755241252
2803,13518.244732882093,6426.582300173297,80.86089090453122,4,0.07096922314783971
2804,34400.130895225244,7030.685462451236,97.15280406645476,2,0.5001018123353267
2805,11530.524748881326,4473.901354562752,76.48372380665406,4,0.9823298240543035
2806,68343.99495020288,6246.3602053272325,87.98325604206549,3,0.5605703578955433
2807,56819.07491154783,5584.189934288731,99.53378370382954,3,0.9136716469005656
2808,35828.97826043519,6720.528942688103,91.22068071768913,5,0.791174278672903
2809,29432.523546984517,7487.743456798372,84.81421391231278,2,0.7105123522211929
2810,12608.287346808884,,91.52306847120117,3,0.4230048100141002
2811,27390.87031205962,5018.051994609528,81.31044126822033,3,0.16936850823018845
2812,12176.55456820458,5954.535804682252,99.90228035417815,2,0.43837514911288733
2813,13011.930624923683,6471.040867293216,76.45428688312124,4,0.9404401320357761
2814,29950.03393333909,6301.174245633854,85.67568293495812,4,0.6703901543137006
2815,62130.18366566833,6862.89246219931,62.284919381161316,3,0.14403552636170236
2816,18759.93856135665,7124.8515826682315,76.47868733718876,3,0.34938139166768445
2817,59313.47380598592,6105.878348414304,99.82651228284635,3,0.22328691787964694
2818,10898.802551230718,6459.665713028344,90.01190627433617,3,0.6842848711630218
2819,20771.60418567573,4925.9310941003505,53.42995939202021,2,0.13727027312351536
2820,24373.92628781794,5733.135186169715,75.77451077511171,3,0.24602271161520417
2821,36454.91086899329,7014.684896559773,77.84210831782754,3,0.8724810703723855
2822,18358.345395136017,6274.230280189033,77.37167882380595,3,0.8790823298054827
2823,25963.862106931574,4710.666531213196,92.23931725352317,5,0.22449580884063425
2824,13323.610717252881,7071.8117787107985,95.88288486592832,4,0.42731286483674213
2825,29972.0946954794,,99.97319801330528,2,0.6499963586898446
2826,23973.20145954132,5712.104145738771,98.59404243359488,1,0.1153106954228712
2827,72323.86423470177,6773.404111197031,93.49818274622945,3,0.44526226448306494
2828,19798.391322310497,6817.542082588466,95.1143338207665,5,0.4547102894575058
2829,18029.423845421305,8362.06315257682,92.27220660870309,3,0.49852672365623485
2830,25877.75229444013,7711.4898095016615,99.27123106693624,3,0.6438080940238051
2831,43865.97810852059,5119.8368414753995,91.09702307410436,5,0.7035415405618181
2832,31436.799143170596,6412.436000767387,80.56805279605732,2,0.7759219914054104
2833,7741.070768396166,6653.552320021041,86.15505533505564,4,0.26230256313332745
2834,29070.355299597486,4623.969302282112,80.40110905767384,4,0.6763251883705389
2835,22122.462686152663,5922.25768273859,98.25184826203503,5,0.8192016041171943
2836,52314.0604510514,5513.428725779731,77.50438483065469,3,0.14951737380460894
2837,8420.739484518042,5404.997045456585,96.43966404846446,3,0.9784846022860658
2838,31777.94587622277,6219.386185326074,95.92570003533424,3,0.28697537654101424
2839,64334.6045992873,5478.768326731752,90.72537729456637,1,0.29210288834373754
2840,67852.91264970615,6158.237013779467,93.04381184385333,3,0.19860690926003277
2841,24948.48379010333,6727.902333970959,94.82780710624128,2,0.2362156106480059
2842,13036.849962076665,8149.251764345766,96.28153444305758,2,0.6877904119536822
2843,8580.376289652526,8295.92946807098,61.63768970497706,4,0.15075911003202125
2844,91502.42508029476,,99.60024846884099,3,0.1924791846772439
2845,6480.414550652405,4859.734747152117,87.03079730953498,2,0.11898037008027229
2846,11511.425393193134,,84.27476673109568,3,0.9531588781323476
2847,6993.639786073871,6559.9058252685945,97.49580696446458,3,0.6057210572467928
2848,68804.29043976916,5253.091878676238,95.99455589454917,5,0.18527529359277617
2849,15866.476037079754,6876.478197354383,81.6901769276636,5,0.7877534760046273
2850,29955.055345498997,6436.791215315492,98.71817050556871,3,0.03513897493955187
2851,12519.441822486258,5845.184627797322,87.94316533522455,1,0.21329512748302737
2852,9609.101771538455,5876.557054596954,98.53734539979128,3,0.011309220122356245
2853,21532.60796743234,6899.593366544624,83.53740918260148,3,0.9687482786580682
2854,13788.8976480655,5590.875951894056,96.21051990619051,3,0.3869266014317546
2855,22606.15912254627,6162.954730805788,85.0306851102601,2,0.576579409517517
2856,41447.00719319206,7110.769889014524,75.08444037390413,4,0.1856311994711377
2857,55000.15165688687,5951.6917732768,92.82827767953447,3,0.26909837804834025
2858,7154.911851728073,4884.17711586212,67.10468097819037,3,0.11970529494728632
2859,7946.793864701593,4721.348035496405,92.24012227815832,3,0.8886328357121362
2860,7959.316287930803,7139.003681848628,96.90357911196776,3,0.7306782698753337
2861,29076.071861839337,6506.471055154497,82.5531836609707,4,0.2231136272660066
2862,10555.889650426776,4854.770622730257,90.43160603622039,5,0.059128388324327985
2863,46352.20984834676,7315.044443600553,93.53081119189697,3,0.6469035297376599
2864,57239.13799705217,8313.460229725204,90.32882716760332,2,0.3890545978581593
2865,6945.677599653042,5157.821197982298,95.19149058557036,1,0.053596739858437714
2866,20584.83281637011,8822.579545086703,96.97270893913819,4,0.7892223844273522
2867,36507.87902570552,5556.213533723661,84.88827071679525,3,0.018722477750435562
2868,15040.077470936769,6402.083837994393,96.60818574499916,4,0.265485183444627
2869,11268.805092741077,5525.173376122832,98.22790657011346,3,0.010208924572960298
2870,37565.13995151792,5648.409608563136,88.49944670622347,1,0.3194469075638853
2871,19112.139315868277,5750.689819418347,83.33692820212067,4,0.4335107798504342
2872,21960.669022318456,6349.554764702439,78.40615965129226,3,0.4356111798137787
2873,83353.34797310592,7661.935953274882,93.37711773809666,3,0.1343593746662579
2874,19386.77051352764,5895.602710550291,97.42011485932657,4,0.9502485313902536
2875,43792.983790582846,5404.261930013815,64.45252924501546,3,0.6360054433564335
2876,19511.12116629775,8150.1415231100145,97.01956474283313,1,0.7618954202750925
2877,22622.391536768024,4940.211291852318,85.34709645438981,4,0.6425202164113831
2878,13236.318577670485,5378.420099952962,99.77688950192632,3,0.13653413707364925
2879,47297.7118953042,6773.642840258268,98.85933815665183,4,0.16325896925315997
2880,85254.7804928713,5296.552127196147,88.75959610886694,2,0.4003438311590858
2881,26642.081003718235,5402.065463433733,99.94976001399593,1,0.11856735502672111
2882,14301.593094188727,5732.517856839902,68.01447721002133,1,0.8194939050232847
2883,30852.062943611043,7042.071283168802,67.03954739279537,2,0.9265389414207488
2884,9829.682727135176,7026.470960974019,88.716582237366,1,0.875248820787383
2885,14618.420527490125,5721.729450805031,99.91933241701526,1,0.6307350050056595
2886,17534.61378157115,6433.765913654474,97.12477818528669,4,0.5014813818418437
2887,16682.11979701882,5756.141989945428,94.7143953158875,1,0.5065768811168159
2888,76370.09447825621,7123.142182673426,96.20164506923429,1,0.3021081797321036
2889,53786.64546463955,5186.798810159458,98.78076812574508,5,0.5531176164477167
2890,18108.61228022971,4106.417825539676,94.79463928950678,2,0.06732819672474821
2891,79922.60258996641,4463.882909422555,90.92941506110293,3,0.8418250567044714
2892,18951.388850074287,5640.6239468717495,98.78055401633138,4,0.814454885397421
2893,23360.78731843154,5019.024026293693,93.42466905404436,1,0.10197580426533459
2894,17249.076532751973,4501.698076364504,98.6644008397923,5,0.35953438600314414
2895,72168.10513441906,4810.14550941446,97.63271292995378,3,0.05288212932908953
2896,51073.316058741715,4605.6297397111375,88.21185047035397,2,0.609152266991007
2897,6174.737846032081,6918.915112899194,96.9418888529869,3,0.23344278082579617
2898,18474.98411094705,4701.150689737234,90.69277899669034,5,0.3003535627107272
2899,86130.22154335261,6691.122700201268,99.74284921738167,1,0.3187243002707978
2900,60687.06751988362,4052.1626712179,74.63319985764186,4,0.35510507239943945
2901,15002.282960027036,6534.4874480105245,92.33352205292579,3,0.6112417417067095
2902,18448.847951936084,6997.880437683068,82.50555385449043,4,0.7738149639032601
2903,26263.67220159341,6923.881633846666,98.5271159363889,3,0.7586245442042597
2904,38153.23897507124,7031.210187343166,79.06660934588223,2,0.5934444518973273
2905,15677.705833818352,5702.099555798614,98.50443476031215,4,0.1939830748696718
2906,109031.62459430653,5187.9019945127375,99.59884908358578,5,0.5020745822541597
2907,31850.105346532204,5430.018358167637,95.68857086600941,3,0.9634548644177584
2908,10085.170728334242,6095.089196110693,97.73683317118349,4,0.461323291211611
2909,24246.352812438934,5728.782436658106,97.1438499228221,1,0.8671991048935971
2910,11147.476531851746,6850.231837789521,99.47218564718217,2,0.883493160496432
2911,14489.033859543944,6143.7299821054075,94.60762925985135,4,0.17960828044790234
2912,72443.86704536944,7099.28858996654,99.14714666041102,3,0.5579018411697813
2913,7568.207098758428,5802.013600312424,91.5324601656135,2,0.6425569960229803
2914,12618.090935746366,5596.326629864995,88.51391458577397,4,0.4542461012419008
2915,13711.155258299146,7765.1278406101355,87.52588051737341,2,0.823080613135183
2916,34675.568681906254,7345.798827918936,95.16708963847965,2,0.005122666472944015
2917,107406.02511450347,6143.633991238812,95.1339936499137,5,0.20966619412556298
2918,9970.383351266173,5860.9250352099725,74.83315409289534,3,0.4928760145565857
2919,12271.7349292795,6853.074684937362,75.19639865194547,4,0.8096643733982937
2920,58164.833827974355,5388.812133656278,86.18823923887746,3,0.7641130082001995
2921,100184.33919154866,5726.533934811058,91.33411826162555,2,0.6835501192171641
2922,60774.4279623168,6169.044917194473,71.7632111530197,2,0.22119563404984388
2923,52015.23537440614,4252.932604782272,97.52972596491665,2,0.002068746075403083
2924,97870.53037039682,7745.578978032695,96.37589167713682,2,0.4119762380676598
2925,17561.992192997794,5588.925667729587,98.78999971996937,3,0.7549623227020602
2926,33234.46499791395,5197.781067181896,97.59840167350293,3,0.6950897086037042
2927,86645.11983128273,5150.792613696628,65.08984103006091,1,0.5404947297909852
2928,20973.246148144335,6434.339484771521,98.38236306897846,1,0.8865341410229994
2929,6737.183742409147,6373.88854567079,81.17841561427059,2,0.8597746092192161
2930,32858.579970267936,6179.147821171556,86.29717353769622,3,0.2927149780636613
2931,12181.780678915495,6751.921090683285,87.93284369426271,1,0.5957006234403129
2932,35475.332366137336,7681.285302171709,96.16750474720453,2,0.834962871920312
2933,9200.962170496156,5176.6370470742695,96.01481862578625,5,0.1696747011572589
2934,5650.798661947957,4744.273230081785,84.58224331276871,4,0.45123944627055634
2935,34429.01592876439,4633.17711887505,93.5497163207322,3,0.7457701109580532
2936,32357.625360623166,4393.881361527487,86.98535321910626,5,0.8883134310425311
2937,13011.031466034732,6325.6602892829915,96.46952254124066,3,0.7028284017402581
2938,31439.99017732154,6415.572396866043,83.98910484809704,3,0.9496742719867588
2939,9895.07804589143,6523.890134772296,75.76931016441651,1,0.2725703365335892
2940,10122.459939301008,6494.660642477938,97.91465406765802,5,0.5090348401212186
2941,13014.27666840594,7286.207330405083,88.89734312245284,2,0.5756410665138262
2942,69705.8906966458,5795.987312933236,95.98420994169047,2,0.39360416377336904
2943,52936.658372412116,6167.414300382644,98.9738142641079,3,0.27350807514631437
2944,10276.43001110285,9085.877545770742,97.17473632559695,5,0.7729833772178456
2945,45832.24135710513,4728.808243176638,96.3160565557849,2,0.3338551887328557
2946,32002.7583146745,5720.58636168564,99.39071335716164,3,0.7571560709692549
2947,16371.207899395693,8099.478265613541,89.79779498871466,4,0.48468376095355503
2948,7781.505467856614,5643.0926834301135,53.308324945634276,4,0.12947032203582243
2949,9653.394220916642,7006.024122253899,98.01562129578456,3,0.5850864840701436
2950,117659.95160993723,8219.090386958705,98.6718410683715,3,0.020511282176101098
2951,41155.92082821314,4661.238356906374,88.51133822962838,3,0.6109085585389491
2952,26751.23426544544,4791.593879402389,94.51850264524883,5,0.16547432786646432
2953,53309.07511349738,5621.139171989977,89.21884209510642,3,0.7885526148596036
2954,7876.411012892282,7156.147466534817,93.7965297289512,3,0.20108519026844496
2955,12585.582565639166,6917.92091060628,84.5346687795496,3,0.9122478041115714
2956,56119.93544130518,5817.37169652323,95.35395808160703,3,0.8524135469053546
2957,35094.51124712653,5917.770392979495,90.30757786125407,2,0.1925897658673773
2958,15144.003802547126,5647.688978844772,75.7964416910513,3,0.593244450406639
2959,74113.99557545553,6024.543022365533,89.81113512480586,3,0.07588873945885966
2960,12342.497277146576,5754.5055894434345,96.59674228446274,3,0.6307564861219963
2961,114086.86390626761,6243.086329399028,76.77962791294244,3,0.015967263481131755
2962,21860.57510457043,5177.406511042272,90.6768451121994,3,0.6762688890993043
2963,21114.98603069801,7607.819596150165,95.61362118740256,1,0.027676732759380207
2964,46494.30880049247,5162.276794929432,87.23601267947421,4,0.5068967274483753
2965,9149.88921746656,4107.913066376992,88.91327714928514,3,0.34052145589413674
2966,10706.69838132005,,93.92189588988671,3,0.8309887266718128
2967,42016.14295512806,,94.69892678150383,3,0.3689425406165229
2968,31734.934471280296,7822.932289878696,79.59626550859731,1,0.44818064792706036
2969,23733.482113222868,4736.802598633559,88.22637153038978,3,0.9876442476448216
2970,8065.292200113088,4417.7358732236335,99.04039821136439,4,0.8000730287669494
2971,12243.271394327778,7032.257713808721,93.6993677182915,5,0.1212238835134587
2972,14420.747105162352,6126.909700407864,92.32582108677177,3,0.4224808934133649
2973,61903.791725811105,5053.129670675182,85.11222092248649,2,0.3301898311302197
2974,31494.57215846055,7819.34029171229,97.36738564099349,2,0.10106697334842407
2975,27596.229209369973,8110.741552128364,91.30613066666665,5,0.3606561896295376
2976,35062.087587241156,6574.890060297877,94.14378404105344,3,0.023204119631166753
2977,40362.14844772637,4911.850010924952,95.48818778178644,4,0.9744095455936774
2978,49644.56547262968,7038.138725793758,90.66169329900747,4,0.014073573951256746
2979,12207.172931647667,5242.018197951282,91.2641336031982,4,0.09739914909546055
2980,6832.078999347425,5695.756157972046,68.04993494476479,3,0.7611256632054172
2981,62578.63251404711,6903.625069965539,59.87227662598566,2,0.3897146638956457
2982,15465.887075472654,5785.170866260261,91.32597427812776,5,0.7135583329745204
2983,36545.167851958075,5877.308730961723,94.13251683663242,3,0.4150051609259253
2984,13851.692365178393,5524.578993094819,98.82312890088912,3,0.018563775817313388
2985,7525.435724277009,5333.911099475531,95.243625329709,3,0.5240689196416486
2986,33533.64704037389,5810.176527302821,90.7631126014426,3,0.6318771591826988
2987,15660.0093946663,7185.572942602633,63.70309519296667,1,0.6626282044203633
2988,5832.192390242459,6830.7274300820945,83.64859008557288,2,0.5883003145849041
2989,14439.085840947044,5814.09733963822,97.89928532460401,5,0.3190168094917416
2990,26816.356889199367,4494.286524150453,94.1816914020521,4,0.015243902601639325
2991,41527.20330113928,7706.20649292893,89.55856016486145,1,0.6519337219370833
2992,6809.743334518889,5702.5174789303965,91.08962258825186,4,0.7091983042593101
2993,43638.32208615694,4618.237867195128,82.17685589568771,4,0.014686348381760084
2994,8281.75118776063,5311.886528665509,99.12841486887561,2,0.5982299261352396
2995,85745.08506822852,4683.749559713563,91.0114558317583,2,0.49036014207568923
2996,15522.793665470466,5658.784991917759,96.84273881476345,5,0.6599699920461957
2997,74218.12033387525,5883.34369503696,97.06846569938061,5,0.15660194249747872
2998,30191.72226767753,5966.990119828014,97.93693089394479,4,0.0799089892972229
2999,8515.216803440057,7266.61736277064,95.25555478788682,3,0.43483898124803977
3000,21835.158195616226,6081.544559215362,87.19546547885318,3,0.802332930295408
3001,17002.397794865272,5485.1071251591675,99.93403805793783,2,0.4509334978153152
3002,15592.489816142139,6300.644668882114,86.15173859629051,2,0.31612301632652917
3003,16205.32676974706,4960.798327342427,97.53909851404237,3,0.7911967546750667
3004,10488.448946184355,6819.125320184088,94.40165373336554,2,0.732523592272209
3005,6602.077814927602,6998.481048334052,95.40166960895992,3,0.10177464206709597
3006,14847.94093669593,5963.879937014009,87.77637398431013,4,0.7437749838524681
3007,29316.26992275789,8211.076736403527,99.44244115929443,2,0.35930625130663796
3008,8861.71547344157,5634.488051555874,89.68909860372331,5,0.8433639854728532
3009,22392.372363512033,4665.048699747411,97.00386533917855,3,0.7421589014022723
3010,69295.77528178995,6654.011498188563,95.06710550055664,1,0.21696053881326327
3011,6436.571760476364,5783.8976060838,85.98520891881428,3,0.9639019904396882
3012,23892.510993706823,4422.088438780982,55.635852841326724,3,0.0755248841139371
3013,30889.41523495929,6219.729859774656,85.7026314114035,2,0.6801576134197901
3014,15643.274617076184,4964.121497492042,51.471554572294686,4,0.8378618781391923
3015,27526.750963321854,4131.777611603671,83.9408600187636,4,0.8321373345617035
3016,16370.356110918103,6292.788398098149,77.33670042889413,3,0.19832064990555798
3017,81699.53649518774,5786.873244243023,80.85751331869393,2,0.1301381949530257
3018,7623.329272391406,5657.661609456567,80.10211648936932,3,0.5632390008435637
3019,6373.350582126968,5458.089297514356,,2,0.7807375112051236
3020,33036.712830727396,5174.715371442266,83.4147638413314,3,0.8507144895441093
3021,11885.13880303171,4112.268107047531,94.22640325044443,3,0.2787706909347917
3022,27060.131858330275,4755.148616506352,97.35670218722923,3,0.755018679034965
3023,18594.429682432354,5802.919404345119,94.17404436891556,4,0.04249002280670933
3024,25894.330318576944,7563.874262217039,73.36902743129681,3,0.27287138871152994
3025,74148.70259608887,5405.691828639593,67.75344024419614,5,0.30084210480667795
3026,51807.89816222402,5108.752325207502,93.71183135872859,2,0.27853182957563816
3027,8618.727224954504,4335.850698933237,96.37812469473698,2,0.5597673079107756
3028,7468.219597303814,6175.235164593194,98.87452743443241,1,0.7253973672640305
3029,7460.9609935628305,4363.255922839451,98.50321473063292,2,0.3602582531295758
3030,56637.20450183179,7021.700601172778,78.1208444213928,3,0.4135862880047708
3031,6535.593372978162,6794.586317995563,95.72875668906971,3,0.04768081428348714
3032,43726.98520400492,7037.990235424239,95.36580523403254,3,0.35461974490301296
3033,7654.856357698372,5026.45846016651,95.28575790174803,3,0.34766667707373056
3034,96224.25643941623,7722.817089485987,99.84200395902901,3,0.7177085060977145
3035,28770.081766183026,6774.49029708214,94.4182602885065,3,0.3700092871581915
3036,15862.374336267147,5143.594223044934,96.78917941927261,2,0.7933727730327651
3037,25933.572398435917,,97.00801780246876,1,0.14889141370143044
3038,40160.84930552571,5072.604817478665,96.73701477320236,4,0.48589624186214087
3039,37585.9851789395,6470.053918738485,93.54090900506127,3,0.5184137614713514
3040,14674.956002336821,4317.842353717711,57.808546348098055,1,0.5408435143344346
3041,54489.18622995524,,90.71148105254272,2,0.29063503866310425
3042,30375.270563482572,4038.241363686101,76.9403262555513,5,0.6448430362781371
3043,79204.25847875832,5606.419389810264,98.19500446235254,5,0.22466730447851768
3044,11991.661277211335,8133.515257899629,94.0443222942531,1,0.39138430872240204
3045,37650.53523132154,8678.491436263514,74.82556150695085,3,0.3616316837941338
3046,10224.210543798577,6506.062223230316,75.87447288334953,3,0.4424940527744117
3047,12403.268336476569,6123.621632412277,95.51931220974592,4,0.6398862531838977
3048,76513.53662282173,8284.434068715727,81.7677557636406,2,0.19809951359110356
3049,34686.12744254786,7253.622524041286,94.025173384691,3,0.6140284572165248
3050,11444.125130521392,6642.282738346891,98.66133700992215,3,0.46386885484590734
3051,5436.340752663097,5870.158653953169,94.34670207491105,5,0.2476633569557929
3052,12806.156380395474,5475.065156839875,98.44204215925672,2,0.41250867539846625
3053,15843.148587228483,4666.042622250678,88.81253489256737,3,0.02609298045197106
3054,85423.40917051226,7375.722792060495,61.780985942249714,3,0.4199711923646855
3055,42922.53198100948,6163.106325525587,99.16380677141817,2,0.13412379906513106
3056,25347.646204749934,6070.680897347464,98.99335308157143,3,0.07007943316413079
3057,6435.920859007345,5829.157226784466,79.03632219675471,2,0.45914582926959857
3058,25101.550471624072,6944.123802797306,84.7741454934754,3,0.9543030369037355
3059,18980.191128534098,7715.001621426527,67.27589144772178,3,0.47938277727245127
3060,18350.34586702247,5622.074196851881,87.73105059128,3,0.44934254959869224
3061,13512.443030189577,5233.424545239905,80.02619440673911,3,0.21998521895108858
3062,11717.816226032282,6078.0208404878,86.03686230818586,3,0.3253981386413337
3063,54690.05348890257,5831.694213232097,87.689732206988,3,0.6132739163968847
3064,49261.59403240557,5820.977363063818,93.05250663484281,3,0.9558982669820718
3065,46044.680026075555,5373.492059764943,95.43013256516211,3,0.6886285494730362
3066,20379.98106342031,6652.500425105735,98.90835204891032,3,0.26403419310230847
3067,24749.900613712216,5292.195680893721,99.08372148680242,4,0.5240390914728885
3068,19164.721685304357,6108.9809075836365,91.68068870458528,4,0.8012623710118776
3069,18930.820382058573,6047.328398031261,93.25032159300909,3,0.46664508771935176
3070,49768.7020458207,7601.778583410006,93.84140957741899,3,0.23827185644716742
3071,64981.68633930412,,98.77269789278739,5,0.22462991029145196
3072,59580.7366071172,,99.69778830008124,3,0.6507214529904054
3073,38875.53689814223,5781.4934781647635,81.12217847528285,3,0.965011350915108
3074,10138.631889360717,6684.362626592575,99.66973201573684,5,0.43422131739208414
3075,38796.876236858865,5982.5329150533835,82.10414231589853,4,0.6615305240522662
3076,47184.66827857751,5929.887228403746,76.68198742531466,1,0.3393479750398404
3077,6663.4167571053185,5717.535522065959,95.67822572147156,3,0.9948601218712171
3078,5002.068244832894,6506.211887319807,92.5861429117974,5,0.7255961161791692
3079,22350.960571296513,5411.261707339076,84.57599686967848,3,0.06629187637160117
3080,23686.373711107004,4797.700337148231,99.25102573577173,1,0.40744464893890153
3081,8028.279033671891,5239.68679282506,85.77865452853311,3,0.9641982158159179
3082,52277.416852831695,4539.14676131327,98.97961403532187,5,0.5234362280135473
3083,13162.479560577407,6992.708707350529,99.82666025619858,3,0.29596515411834945
3084,68616.67543049455,6813.754396576568,98.82767352426457,3,0.6928054416723989
3085,33864.01341952715,4336.538362765783,94.79466765043296,4,0.6631289716515496
3086,6067.930497421387,6030.617530628998,89.65217883232917,1,0.02688848648564346
3087,84562.9967653617,6275.965870408933,78.70405875972483,3,0.0005334621953586582
3088,16785.32397119287,6733.894042759327,68.1245295899264,3,0.3871643923138278
3089,38343.568403770645,5475.600623078978,86.76234666414497,3,0.32231348606114063
3090,15968.034521641372,4916.0891166032525,98.78804938711502,3,0.04862239259492829
3091,9916.863412341612,6014.4664047393235,78.46192509005886,2,0.25362189727013995
3092,14483.769194076916,6659.553243363414,91.17570001577202,2,0.0850459750267748
3093,7361.453786492403,5709.148071028566,93.10520326832732,1,0.6752495367696545
3094,15703.497806131418,5729.468047539932,86.41238145983007,2,0.09556987849712772
3095,37745.41421107339,5966.948964020377,95.53317505068206,4,0.9983969784924706
3096,34555.418223577544,5288.886946892939,86.44084062062,5,0.041964135523502644
3097,91399.3812616018,5561.6284165291345,97.78631790412655,5,0.19972635195134747
3098,49736.750831927864,6390.081308503491,97.43003508150603,4,0.7095762255003353
3099,10668.910393248567,7378.063618815951,99.26302898150236,4,0.29470354327851567
3100,31706.407916028296,6401.876144513787,90.27999383022008,4,0.3467492466159504
3101,16128.761104325435,6189.479229212966,94.60814528691272,4,0.14730621378236008
3102,35483.9344562497,5637.360907549138,99.58135581455495,2,0.23536517927518286
3103,31926.674163153373,5572.50136984,95.7070405386902,4,0.3356424744631694
3104,28515.28671207948,5715.458789963444,93.66587041862485,3,0.28151261087843715
3105,5870.195987417466,6674.848669969525,88.73605994851296,3,0.33476868163112417
3106,10887.259027318993,5774.454825330878,66.05839993309026,2,0.060563877962967805
3107,11555.592639524431,7415.740225843187,89.96338257882209,3,0.5177841607717725
3108,10137.77362878583,6579.806403581842,98.9742234789699,2,0.8018490307917061
3109,5495.107283904886,6901.116192905578,98.48032257823951,3,0.1793797423471929
3110,7152.067624267583,,72.99568174607737,4,0.2138799220621278
3111,19800.989293912702,4676.121926042024,80.73260094000747,2,0.009945343318590094
3112,31550.816497672586,5893.292869396199,99.65818279601409,2,0.5575520850753573
3113,32361.40312047551,5530.936955183573,93.60319967865469,2,0.3741048501747498
3114,5842.263011629702,,95.83385308263681,2,0.6193646087476341
3115,13290.81387406014,6561.578591605761,96.88497038049422,4,0.17242446598039085
3116,68162.42324375093,5815.804701819653,56.512612035763475,4,0.4579007058786989
3117,23674.641961076497,6770.255423294476,80.97770234045095,2,0.002105837374684394
3118,22062.045962798336,6660.383711388933,95.93924488253546,3,0.6563263811991613
3119,36907.68794650656,7133.786213209988,96.46187625970732,3,0.24151106087679453
3120,23274.05901522367,,66.16970363291593,3,0.5146710713824288
3121,5820.271311036417,8365.47039586194,83.37706521168528,5,0.5355520624963632
3122,19228.367373929166,5966.506079109813,97.4818569204861,3,0.17979789279511282
3123,32982.75438614338,6069.838643514173,94.21497547376005,2,0.5966786092884624
3124,14094.00079501694,7468.073139129229,93.6198603308481,1,0.3363933599283978
3125,16875.440498480973,5738.988890857861,97.23160483948699,3,0.5068260145360519
3126,5176.309488775649,4859.39697786107,69.81132650128508,2,0.8001714409352729
3127,13876.320911494357,6876.631608736848,99.67021385375288,4,0.8394536899156667
3128,24073.07848379813,5398.513370183961,75.41144432213106,1,0.2836982462237412
3129,11799.047629015959,5274.100721416973,88.24284482646641,2,0.737566717889478
3130,35717.86686936309,5328.518378488414,80.25252070829208,3,0.8188857176280597
3131,13532.097926482122,4923.140954976265,89.69641364464883,3,0.812484964769676
3132,7207.393290798526,6162.244439294473,65.8293982852659,3,0.5742359067271645
3133,37733.384192871395,5906.499743233726,96.12557239962305,4,0.49901125458363527
3134,38953.64564681302,5741.5319767013,93.47685906602294,3,0.8963701061131708
3135,27440.230714239868,6494.482443873693,90.10067937595542,3,0.5490105389439216
3136,6713.685767223493,7197.6109667915,95.59516592045819,3,0.48995699485161626
3137,26487.806261112724,4893.279601005941,88.1556245002361,3,0.7520423599953636
3138,7193.220850473204,5645.523856515078,63.42233325292248,4,0.13254964524333956
3139,10041.095498872764,6225.875231050348,95.7025770779536,4,0.014691092239158099
3140,8756.900110281034,6446.248256794946,59.005706267008684,2,0.41356784292305293
3141,40037.08760711009,7130.7039799462,99.84247860912595,4,0.08527079585189434
3142,23686.97611464726,7869.5321277919975,69.33626720387794,2,0.38906992377236127
3143,8026.329811839598,7534.7129523703425,88.5693967336484,4,0.45859354525610296
3144,10438.257512551074,5150.627350416752,59.92352754649879,3,0.5131729243215508
3145,35763.11889386562,,50.34840287881202,3,0.26337614186374403
3146,47057.74272682605,5580.796361700337,94.68076571728793,3,0.9990146891087698
3147,14795.435081470501,7285.367769636304,93.47029750606993,3,0.07237877890429523
3148,49768.59209205863,6209.323911403762,97.79241132235846,4,0.9212154152329907
3149,35446.593181589196,7608.210602546042,86.00653258900364,1,0.8461272419477512
3150,38417.889339132074,6123.839074312339,72.22113759714705,2,0.928678684034434
3151,36910.04229304035,8015.291982756775,90.15076457602558,3,0.9492429223266783
3152,50918.17418843641,7278.689536238652,98.59650950908562,3,0.9028426508418779
3153,35358.782042445164,6109.681938296538,87.5286363873349,3,0.31616891499185695
3154,5391.215767948715,6818.016711968574,70.24625092578007,4,0.42388902337146184
3155,18179.985519362956,6023.573721023372,90.57435743823599,4,0.3694665110166693
3156,43662.19568403327,,83.09618508650337,3,0.733531535516775
3157,8622.792212867413,7414.602318597466,99.15376803696486,2,0.09201335134977384
3158,12058.184215120658,4696.89245342369,72.6686063549595,3,0.2153509044368479
3159,55144.56784485097,5543.866650693721,79.61379519186241,3,0.6384135599939257
3160,17653.942057841654,4521.268325497417,90.4319841701102,3,0.35934399472427403
3161,128234.66832366772,4621.484748110093,91.50460980072238,3,0.8627469692929955
3162,81385.27581149556,6475.077290360204,88.2787818191513,3,0.5765458813222099
3163,5393.046193781917,4634.233704307235,96.38978309783889,4,0.7583453777795126
3164,13587.672052216441,4931.961158201207,99.89941626320774,4,0.9608453389385202
3165,14310.540796513562,6023.3858988733255,89.64490269038075,4,0.5451213895608705
3166,34588.287662077244,6783.928795064488,52.223386615019784,3,0.6157588770992231
3167,9981.592156967045,6027.176219558329,82.52064264364851,3,0.6186779078836283
3168,15691.599449163967,7850.255744559938,98.51712793822574,4,0.1639174088268095
3169,20553.48373180788,7202.084811859382,80.57243830254318,3,0.4997612510166979
3170,44749.44065510132,5260.0247919531075,96.16458929882566,2,0.543059192569474
3171,78459.41518419326,4117.484623427251,88.1232790468345,4,0.46219563907740524
3172,18252.17876751381,5271.01360804244,62.366116991126304,3,0.07882688766157242
3173,9990.629325175982,5450.420587654048,98.57647664509648,4,0.19408077727149797
3174,15698.002843024133,4434.517879928867,93.2486022628281,4,0.5969226559254678
3175,46535.49566271478,,94.63253074903234,5,0.9711925860537687
3176,20817.75673389282,7299.684710725067,96.24885819168976,4,0.34021783954945506
3177,19507.762138824884,6027.635653878956,76.84592845399249,1,0.6946487996492896
3178,64221.28047181566,6514.522621060397,91.72855236087956,5,0.8254337068522681
3179,25241.85038912846,5378.028985037105,88.97891443192492,3,0.13930442527430087
3180,90031.04014602987,6228.794903868353,96.3622915938082,4,0.7018973434855538
3181,51702.48221437509,8171.554387329024,80.97942226728925,3,0.9972991489512139
3182,58707.261652626716,6311.948661474256,99.55041342462673,2,0.2754947420833642
3183,12879.934001891246,5505.612634063876,70.47431078051987,4,0.009679871404609575
3184,54251.0860986523,7565.066784282818,89.74726902410856,3,0.7453054859290434
3185,34317.65633048188,4384.637337518392,86.2828252189912,5,0.90568385006132
3186,65545.07369904587,6669.231291145071,97.0410693579409,4,0.3894677306299493
3187,42667.90259572236,5762.109346822833,95.06635370238624,3,0.48951498693735607
3188,12634.959682291565,7872.749680910973,66.80160126060525,3,0.14520153965524563
3189,5120.990429508797,6907.068747678355,91.8256696601041,4,0.21925831183256528
3190,22395.48737222021,5868.274415333491,98.84950023197149,3,0.4408749176503154
3191,22155.447556725354,4096.248960505855,82.02939642495717,3,0.9346766317201783
3192,50874.76069840037,6462.847380501439,92.16862883979496,3,0.1775375075343132
3193,14940.908585536745,4895.072338147994,84.07089154186157,2,0.15080354203295898
3194,9059.511420586856,5420.051157874933,92.23240199637542,5,0.6242506826928884
3195,10130.36958429229,6832.190555667194,97.39111573727503,3,0.36243437029121106
3196,34755.038781607596,4970.227348463176,96.94723473365305,2,0.6605352570134948
3197,11474.608856574887,7647.032150915398,96.10091061197869,2,0.13991966278916979
3198,7645.8511081616925,5646.455044785932,95.29960209217828,2,0.7530487335452709
3199,15125.504350888801,5870.43456981638,95.85264191563134,1,0.0482026227014134
3200,35348.269018381194,7300.819653603343,99.51080514790428,3,0.9696867665146015
3201,81956.60630892566,5857.772397253369,87.56583336442904,3,0.31930960669520436
3202,32279.96839380028,5497.4175771539185,99.48718069664058,2,0.9063474462129371
3203,33520.95279163386,,88.13577706624551,5,0.2736366009566167
3204,5772.085585302141,5282.16773540628,56.29583757608804,3,0.37930835884688185
3205,36985.03499383325,5583.270025027179,87.98926120413361,2,0.07021054988149922
3206,18170.421667613737,4615.325754235381,83.20425367920255,2,0.0042832338013387705
3207,46585.41922775618,6305.615998243691,89.80659466748936,3,0.06584985618614869
3208,21373.742678503993,5806.075647139521,93.98178931212718,2,0.7330928441673678
3209,8922.19540563535,6286.985827807177,97.33180873735091,5,0.7980860421180881
3210,34676.831906479805,5576.218253755262,75.91426570473907,3,0.5468268264085654
3211,62346.326921518106,7039.03728201554,75.91097009401912,2,0.2967053874260984
3212,16231.422229949552,6456.9373964474635,96.21122349528474,3,0.4491251297274549
3213,8834.088755489141,6382.227975538467,75.69685867930086,1,0.07264052640542296
3214,52758.63649037013,4820.609164711642,96.63477039662457,3,0.4105780677240426
3215,6357.610276933479,5512.00315739612,81.67875856581038,4,0.8971156407716286
3216,5703.886961359799,7799.583417493246,99.54077907018709,3,0.9336981600328881
3217,14832.28009340458,6421.728416844874,95.56661151383686,5,0.04613119315896652
3218,9682.635716150584,6959.856801974313,77.17907682291435,3,0.6613384076613814
3219,8400.386943357265,5332.036647443166,99.58267251146974,3,0.32013849933286376
3220,20178.669282478186,6142.467482756556,81.0094129524229,3,0.8002449298506377
3221,23178.181535490534,5135.503775652482,86.3191811095785,1,0.05354918678325926
3222,23711.29409697366,6737.312189524859,61.17252556987243,3,0.6953699621476737
3223,23579.53928110179,6522.63315603556,91.64594559367515,4,0.3655756123651245
3224,28412.67526383275,5596.075956832394,91.46208967461554,3,0.796349468754024
3225,29220.36244059401,5012.356978710505,88.12594942114455,3,0.1508075726363135
3226,5860.4802016816175,6904.2732733519715,94.64698138146316,4,0.7000351945082013
3227,14524.882343756779,5666.381705513222,95.73706021397199,4,0.8856493388233582
3228,24507.0548368347,6490.546775839951,97.02862494536446,3,0.4123467098126612
3229,5143.992466659121,6199.249778183961,99.62797526887654,2,0.487420133767128
3230,41411.65185626761,4301.113002434755,92.4147977093133,1,0.36871282169223085
3231,33762.25887728216,5780.916574744245,85.40285759069329,4,0.5412772662874281
3232,20414.975665838458,5980.051928662625,92.19675952379667,1,0.0490080122013703
3233,14516.996946724266,7074.655581206957,84.17781010150087,5,0.2940090863475495
3234,52574.7771952284,4533.234697593705,96.628193114222,3,0.1054058686893643
3235,12699.930923241802,5883.533858956989,86.05224325985417,2,0.8628602183942602
3236,16822.174197696448,6983.36978720107,95.19672631771401,3,0.7152149965159055
3237,11680.215050825915,6617.722293728873,96.18909437734949,3,0.06783768151873004
3238,15019.57454342326,,88.22445321837195,4,0.7632089481306354
3239,18112.59147072567,4679.005115647244,77.54940952131051,3,0.9600052495697845
3240,74558.1765325466,7810.705669337176,77.23993303595654,3,0.2972664856981865
3241,16449.572278423293,5916.750363766035,81.54876764410962,4,0.06963667611498814
3242,46001.0005877478,5777.146819677096,87.5841488626709,4,0.8836842813699441
3243,14729.501172292938,4792.136635997715,88.74656828446462,5,0.458923947396105
3244,12849.128029089843,6639.337681273438,,1,0.9690962910463814
3245,28930.6702245618,8175.2834967059525,89.62484203989065,3,0.9647314260166321
3246,50882.53571626775,6646.409400170034,99.97993037375602,2,0.04895305918192061
3247,31821.105163806926,,99.89207900761593,2,0.6857293650186945
3248,7878.359671538979,5630.955219930602,97.2464172202816,3,0.30586769107346923
3249,46860.44441998546,6159.605651259536,91.65424567207276,5,0.32101871793531644
3250,9647.500476196506,4399.212972302605,86.57518480974196,1,0.7266297956051136
3251,6482.489942185675,7327.5642846937835,94.36757878190654,3,0.9479157143701588
3252,16326.738094466478,4342.340427652689,93.98261437743459,3,0.704362816642825
3253,11060.986020119784,5956.267850585104,92.29170980525643,4,0.22003106114931514
3254,32870.681251467526,6835.7138748228535,98.29070244816607,3,0.511426886887693
3255,33974.32847713936,7104.857311986178,97.47781190763885,2,0.24964982755441067
3256,34259.083023045845,5181.13466130177,89.97643674746206,3,0.16464127459950706
3257,22753.66904569975,6831.604770389535,87.33059102934702,4,0.7984739769641445
3258,41493.41950200925,7440.245604303695,76.56304966736535,4,0.6373890047083068
3259,36516.73655766772,5561.8079143583545,96.62816700898135,4,0.13248862163691566
3260,34629.984803815736,5200.758834359783,84.63563183021398,2,0.6131401001221248
3261,18866.83908656252,8052.849989197014,72.74120343453443,1,0.9869234775104082
3262,50871.83187542801,6423.36856199582,83.9421571931414,3,0.8291739359408549
3263,22040.53163024696,7843.191894243731,81.80606032258386,3,0.27649618924561725
3264,18149.54124502984,4964.344212946284,95.77412734299178,3,0.40491288685719673
3265,12456.221035502858,5007.042923914525,97.09482278926257,3,0.664835160039292
3266,5899.986329503039,6250.932250199475,94.68089713366663,3,0.24842814983697825
3267,29942.455448928995,5793.182251032107,94.0534739482052,1,0.6549835033224322
3268,21854.621117947478,,83.52249091141579,5,0.7633553139925603
3269,20191.259548415816,6139.247719964125,91.33707293608688,5,0.8101666220096252
3270,21244.7356919805,7410.602833102081,93.78236715812707,4,0.02361152464402161
3271,34346.90628163641,5318.109350877874,77.29685250678467,4,0.39148952901129797
3272,19610.467552545968,7366.191824502287,86.84734823476758,4,0.37719841416101374
3273,28321.78225433046,5130.563547197099,91.56288074108757,1,0.006483367938470708
3274,35371.249208686626,5164.127818788194,93.02257796584453,3,0.6151144065857489
3275,55247.14286328671,4706.403820212891,92.86293842726913,4,0.5601510564059722
3276,41798.6477501249,6656.08421727293,71.25706116397247,4,0.9718113706723464
3277,25123.723794399153,7381.66601793005,92.1648681715673,2,0.4592433744135359
3278,39317.39212203323,6448.833744827339,81.15768788036102,4,0.8411374645264945
3279,10067.404436067958,6336.211639772069,98.75690624205438,3,0.2121861343364143
3280,25622.9456737095,7766.448816483581,96.2980422440439,2,0.4889770490914086
3281,42682.628388348865,5758.719193080677,98.07457752543577,4,0.6249518745656694
3282,16228.197641977204,7851.33370566323,80.20987423920369,3,0.31979941306646864
3283,8878.757710675472,7109.008463416087,97.48921723819952,3,0.7455159801511129
3284,45250.325903373254,,88.12923961301532,3,0.447397108502809
3285,9889.8331198298,7608.464646649994,98.44703924355873,5,0.957412559872207
3286,23414.252875404844,5912.025665075719,76.92595571186519,2,0.9168819555865131
3287,10449.543174408649,,73.46339989253784,4,0.9141801466445297
3288,24367.076185375914,6706.107969145173,91.37984609886264,4,0.2892314839885022
3289,34285.703486038205,6040.981254922257,94.76273372089207,3,0.7875938548789061
3290,31838.826858855275,7532.866063089066,94.00788558695461,2,0.8492032405002617
3291,20822.539796665762,5636.24973335249,95.80123338573532,4,0.8282908964813186
3292,51211.836626101685,,92.08353199075646,4,0.9954818630713164
3293,25305.509964028897,4774.575864662028,92.36922072030677,4,0.09402073405229272
3294,14413.323019104684,7262.654889318272,76.70515668924084,4,0.6207049196698012
3295,20902.18512924012,7262.9225461500855,95.28864023282426,5,0.5780636947463271
3296,32551.345800856707,6837.37814085488,89.56327339643167,4,0.9034225994128067
3297,24040.930425498147,7075.865001486507,81.30018066337018,2,0.19985812894181587
3298,5460.961864334833,6447.379609574627,78.72687849909174,3,0.28464909905495417
3299,17358.192165706547,4655.3741473281825,91.10108452406553,4,0.07593026998763674
3300,31836.40469671662,4094.6715827496027,75.71448207008399,2,0.429815174288257
3301,13617.05891799637,5045.524709102292,88.2671798461655,3,0.038866647102126284
3302,10663.999899806633,6413.153047787572,99.18859128251465,4,0.9300133126182251
3303,20031.23028791866,4640.567860813971,98.77532004756956,2,0.5152797804772762
3304,45499.572963662344,7217.181544823118,99.43113474027476,2,0.8831348919876242
3305,23098.465834596427,7744.738556544862,88.1459089339559,4,0.6355987194542662
3306,6505.419431154247,6213.719978627756,93.80351925580986,2,0.5382086782295185
3307,14349.593446481304,6943.55921295864,76.57453039068352,3,0.18423340928217768
3308,25245.86691066593,8059.210236825846,90.02578043640183,3,0.7595170668851977
3309,24659.08249226938,7647.575000431385,82.0253874969503,4,0.8512007145208216
3310,21425.892033584478,6692.520117489442,92.71818431301381,2,0.4204758813001306
3311,33766.98493127196,7181.175891298228,91.50629038187415,4,0.7758502493933913
3312,23231.54415406598,5586.051124116431,94.75467244984324,2,0.41788356343582045
3313,38760.847563346775,5557.6440496009745,99.99134581726975,4,0.13164982858961638
3314,89046.09685130372,5709.943379990032,95.13696229965699,3,0.6740731570491459
3315,28564.39484157572,5141.556522077314,80.9179991662371,3,0.5532068459765742
3316,15029.395231751536,5833.343847458601,69.27517801812012,3,0.18070548486474092
3317,10525.464404345741,6945.817032519921,99.12398428523215,2,0.6700235745587747
3318,38595.80925453678,5996.390831229603,68.08157155898273,3,0.004942152549904377
3319,13685.683297573545,5005.369991253496,89.85782142415015,4,0.9373892454260749
3320,43768.17113705517,6937.6170109619325,82.23163948619995,3,0.7654502351045676
3321,20803.39579693178,7082.928983013449,91.32106748232287,3,0.5238841562393827
3322,18108.55384174935,,95.19706313409395,1,0.20997417375321936
3323,56303.02345747763,6539.288612309936,96.24442198213562,4,0.39577764924100844
3324,22296.9573630833,7226.470704737194,95.20667259862823,3,0.3363051520332644
3325,17753.464011099742,,95.86561556859802,4,0.06597808002005556
3326,8349.358590268712,6825.583789841175,77.86751765057821,3,0.8496343009760653
3327,33023.70467862816,6584.267053953036,80.04529274269136,5,0.6056019976702148
3328,11467.210362579575,6241.762299079163,94.71292352234657,4,0.5669554746732665
3329,135645.77166799895,5681.228481028278,97.85650766779607,3,0.17345829883904462
3330,36025.1608073407,,99.6601904416913,3,0.18095494868573392
3331,15346.165433115852,7771.679479844567,96.50568225154791,2,0.37143829557662944
3332,69281.0722361483,7860.015894561921,77.95370378665174,3,0.5168641555212541
3333,60814.05154277947,5187.068719376144,87.48618711941467,3,0.9787781737635687
3334,9774.089781288552,,72.04530768646354,3,0.9066052273516617
3335,27817.862907874543,7418.987437203304,96.08064661946972,3,0.9716974531561371
3336,111636.13167129322,5843.4237601777,90.48688036956163,5,0.7641662650310217
3337,26374.607309737552,5449.510251301586,94.07199228183023,2,0.8895093891704817
3338,27691.446621729592,7040.16482529459,98.72299053465021,2,0.44919061641611313
3339,19429.155688388113,5248.129404554026,96.53679466993859,3,0.8472860970468311
3340,29822.462665851726,4090.5019871579425,69.80042420265156,4,0.2479757785766592
3341,6857.501163508546,5267.8041527680925,98.34389017083176,4,0.7863638523431306
3342,10182.72618283119,4048.7636315747195,75.02471147225177,4,0.6362058214071887
3343,56962.430317793274,6730.57881375613,89.12579684467174,5,0.4065188700258465
3344,39253.542373920995,5505.482027022722,95.75431721611342,5,0.43984464538644985
3345,16451.179397313426,6986.9796931054425,93.22074208666292,5,0.9755620545472886
3346,41411.16067398713,6238.574861057183,93.27732799272773,1,0.9668815118703421
3347,10879.028903350965,6355.580054912602,55.05882841103759,3,0.30083812232874607
3348,21157.685366794838,8523.013035569202,96.62187093492429,3,0.9319425717006571
3349,43158.981073337476,6552.637222737131,97.26472761420433,1,0.724898358415407
3350,13625.412482125168,6900.6935748994465,77.56927519343957,5,0.006530090420306944
3351,81206.0717690854,5380.021557063687,86.41885084286812,5,0.873422426778925
3352,131873.5106914123,5079.816523461899,73.53052296736129,1,0.182992349902369
3353,13523.00557351085,4700.744474517876,98.98597037845973,3,0.32674289488704
3354,38981.22868287067,6745.8627576634935,87.8744464986899,4,0.06219944044389425
3355,19513.696305454527,4595.008548667707,95.53425241184058,3,0.8627698140853861
3356,9312.783827313182,5337.103467831334,95.3973471385938,3,0.9024756214244758
3357,34722.90537458945,6422.456826446656,85.18589988034542,3,0.530092434970364
3358,19073.496825776114,5437.111786858409,88.56023316595369,3,0.8231255700798344
3359,49034.676266563336,5575.274440884206,91.50322759080241,2,0.5562444367974966
3360,13501.480769308806,8921.441100552334,62.81613572984324,4,0.19729087052737382
3361,36824.48965115475,4930.753670211173,92.05969683369018,1,0.3294861535096374
3362,40873.17665025251,5094.480212218596,77.97877472240214,4,0.30883156687922886
3363,11219.04119370547,5969.936032583946,99.07759935238943,4,0.6560439909517536
3364,12659.000466860442,6688.562696340383,95.8873920979131,1,0.015273184048436916
3365,6123.598313523501,4287.308169604335,86.57269362317611,3,0.24272879035449368
3366,6486.831775250976,5926.380368348941,94.06701567187707,3,0.025699112173653504
3367,42279.953678016645,5216.565882639454,97.28473317846263,3,0.7560879727413051
3368,89915.90579666376,6446.156717961853,95.30700199079656,3,0.01892115893702928
3369,27642.08419333622,5728.657383265962,98.77235596427018,3,0.4349407861092376
3370,5787.254720784426,5946.506433449782,88.43907990771042,3,0.24983188523587474
3371,42844.88553229349,5894.80377264294,95.94830780288136,3,0.30172911570293204
3372,11382.009919587848,7702.424508977247,97.00456804549835,2,0.5300509481556029
3373,48523.59944066872,7591.987963566644,85.88928601113062,4,0.7554922827187174
3374,27397.41302763586,6201.944891172307,98.52948726432165,2,0.6472265527348144
3375,47349.937674195506,6554.693178447586,94.86927602445351,3,0.25415446063762825
3376,20030.609579984586,5572.6653941913155,98.12000630304016,4,0.04359951698235698
3377,8150.183909292495,7288.499558806947,80.81065780489271,4,0.5915119388625408
3378,32156.360182659504,5578.717777981436,84.05947922686032,3,0.7792525025300938
3379,21316.785630188515,5402.647792329321,90.03343141634505,1,0.11681671991720655
3380,40529.904318628855,5796.8790290206225,76.00664190809105,1,0.7244059806375582
3381,36879.264607551,7472.964091789443,94.54480194338298,5,0.06965012474569587
3382,24014.759059661275,6528.988065021318,96.01452099496007,2,0.5553762121007267
3383,43872.36506009631,5667.435636286402,77.85597491126913,5,0.43502894467544284
3384,9542.78437044787,5683.386328114091,98.78010325538547,2,0.6193560384054763
3385,62147.58138461993,5592.527962292762,71.62680848402547,2,0.6281787941575377
3386,8097.1783747797635,5360.988059879596,83.00567305823786,3,0.33185442943975285
3387,43164.519492274165,6006.142982865769,97.46763857600371,5,0.2889488029985047
3388,17174.486433188264,7126.288422996907,98.9692765210138,2,0.23429796570458805
3389,20988.11598139339,5295.958899613463,82.71014304511239,4,0.9097172554307885
3390,8992.98896130712,5683.2534922183,92.18647871789321,3,0.7233002573010744
3391,34068.450616535716,6540.555589658695,98.69439198020127,3,0.640837749555903
3392,31783.02240227449,4773.268838361958,90.46636777393563,5,0.32989487341910173
3393,16886.63277734205,,81.7759544728039,2,0.345936728845575
3394,24019.24594575134,6141.836081208577,92.421237942565,2,0.6255819613621386
3395,22804.44511268388,5529.876840641777,97.97742585790135,3,0.23604383150730468
3396,42522.705161653525,7254.023016047633,89.03417854100717,3,0.1613968343644805
3397,63230.00844397035,6276.194693207421,99.74051168330459,3,0.8328666099316079
3398,11601.405194044375,7313.727508015665,85.30611380125053,4,0.9577597335661086
3399,11686.88395473815,5891.141043432044,99.53711819407835,3,0.41500021057206005
3400,35628.957579481066,6821.5371209483055,98.44227613399998,2,0.9795649145537554
3401,10880.897856926826,4601.450408312704,65.66131085761756,3,0.45420496493240237
3402,48215.789963569856,7301.40082240433,89.6324483302269,3,0.5231092890898138
3403,26090.00946494473,7564.911907620306,92.51733992541438,5,0.5598519071530554
3404,28654.37030879563,5570.484001731286,94.87526186439275,4,0.024394381061553783
3405,32851.01818122711,4510.028493577768,96.0876471755468,1,0.5795460100754798
3406,23038.94050637222,5607.910515174318,93.12905664545175,4,0.15531399262431456
3407,11076.078195599111,7594.105117949616,91.57111482478022,5,0.397979230861751
3408,22644.521483045595,4219.386336166873,98.90604297635244,2,0.7424494719395325
3409,42214.819096300635,6301.085802032889,89.00946736043778,2,0.38495399807312336
3410,41015.41095419035,5356.335450510513,54.951982927216235,3,0.01957291325396293
3411,6500.976095689335,6839.4758943988945,96.76390479893712,3,0.8410845032366087
3412,10248.331185591593,6938.996716428838,98.00892893900284,1,0.5660957210439242
3413,73063.06124013689,5624.253540076921,88.97400144064876,3,0.7867315641222389
3414,16828.242022238715,7628.810035228886,87.31090442089811,4,0.14125959687598455
3415,19993.47978542396,6881.959122521094,88.77683783512074,3,0.0650457421789391
3416,61614.653081898236,6213.420719218683,85.98854764510565,3,0.8296677810914858
3417,46668.45710941877,6325.158223276668,99.1736604562986,4,0.0014379102617909645
3418,7881.703991089341,4007.9672636857904,78.44435253677068,5,0.9238514166640756
3419,10312.688884720927,6779.68740163144,92.58174826920461,3,0.4529688865682937
3420,7992.9905103677265,10146.90570453144,92.00823664357141,3,0.3074594663128629
3421,29349.48531339041,7228.2313446496955,97.82381018122952,2,0.7265005905644775
3422,41117.97994339982,5096.023573327743,94.13852341984396,3,0.014125959873334537
3423,9460.828311815781,5253.105662850042,91.62013162700914,4,0.8401113309520652
3424,32218.914257347897,8397.398112960364,66.69553260423794,2,0.7264259426664785
3425,113303.04956265853,6777.957727890318,96.51870070246325,5,0.46032176593881324
3426,26849.932170176366,6714.7262832170045,97.08778540628994,2,0.9691771660472691
3427,59798.4752081052,5148.006058749041,70.47113856374402,4,0.9625406654366452
3428,19854.504440964298,6755.055713904644,99.23082257084373,5,0.4935865435274067
3429,16029.960259717223,7018.737127348739,98.59732073072954,3,0.42009977897753115
3430,10556.938120230794,,92.63972958905593,4,0.7819477215041053
3431,12254.281802776393,4513.261858769574,96.74679902093506,1,0.32460415606271686
3432,5146.088396896974,6822.446669772837,95.93796966870684,2,0.644626387327606
3433,21136.152377262646,6103.060909453089,95.48975470438137,4,0.4488747516840609
3434,18484.60594870207,5337.552606117137,94.1395924800862,5,0.7878542943732244
3435,17312.439086483744,6058.780841154625,93.59070011225845,3,0.20226855247503095
3436,32376.87324262319,5821.997734762265,90.65025001893734,3,0.803023960379914
3437,40787.832833604814,5774.290418610927,96.3207463014129,3,0.8162484845944292
3438,18242.673537350584,6654.896492618087,99.7576387827661,5,0.5931124868878709
3439,15881.042704944504,6546.159932179147,87.93248595437375,3,0.2517930863807022
3440,17798.76769234016,4270.411073852896,75.20106945081726,2,0.31148567457315346
3441,41575.13455863298,4438.433667900793,99.63932159041397,4,0.556646157452527
3442,31356.575012167938,5294.264965049008,84.36637177764679,3,0.6661425293506571
3443,17907.898026584055,4388.672310560624,76.84396011355689,4,0.5128328516746161
3444,23227.465173158846,5311.568916678267,99.66547982111679,2,0.29112474145504086
3445,8632.910911626459,7740.419803850011,94.42587190365808,3,0.3789595392570493
3446,47866.474777542986,5899.158561768533,99.46967067550996,4,0.34232218208860343
3447,8705.975453597895,6097.384772240493,87.69968726063885,4,0.16902386553781967
3448,50157.48226329061,8215.755250532302,86.47692403747538,3,0.8811535676690379
3449,136984.66552539746,7151.054535929851,85.76228839268916,3,0.08550913521061243
3450,13227.535423938785,4840.118542460918,78.25505763714214,2,0.27323894907557744
3451,45250.65647050019,5277.2624054223415,96.46266804445801,4,0.5892585535035835
3452,9853.265700416761,4851.947217498888,89.4627583982587,4,0.3720029715977785
3453,14829.42137619705,4571.5336544046995,97.40583822740308,4,0.8330873554811455
3454,9671.455640578235,7502.001563976829,84.90835129003746,1,0.7390883561902974
3455,48749.656669900745,4050.2230875847217,93.0249275200764,5,0.2969014892343085
3456,50775.05503408517,5858.527163733231,55.921907201673804,3,0.4651537522341851
3457,51075.32391893256,6265.314021729558,95.8475638294407,4,0.40944455024761184
3458,18387.495153808042,7131.243876687914,83.76253452124102,1,0.5507543258378528
3459,21616.437242609103,5199.761758912476,96.11554586656192,3,0.04101510106500672
3460,23090.254178527055,6584.078085987345,90.14602936540004,4,0.11957602913161791
3461,37597.45560722516,5404.138200565012,86.32087738567738,4,0.14709770100471842
3462,7512.461608078632,7383.142711962777,68.6593654687478,4,0.8152839641737287
3463,13627.94775908469,8008.241636386655,88.21467860216781,5,0.03698350447428089
3464,47045.25817525692,4309.151307423376,63.55319527004069,4,0.9368146380696033
3465,27993.30859001423,4197.174951201043,89.02025915104417,1,0.7866513276461138
3466,14229.948362669107,6629.615149117364,81.67501416585633,2,0.8403228630138474
3467,5195.438920144598,4899.918618003771,,5,0.7678544632904503
3468,20434.652122025283,8010.473961320823,95.64976230377103,3,0.7034508686563621
3469,11759.858310235191,6966.2751039921495,75.76498860411455,3,0.5393292503392214
3470,28778.803707958494,6011.652329173257,95.16678629421865,5,0.5126162028942107
3471,5993.76138398058,4676.187440694628,92.86610925808915,3,0.7339281396603058
3472,18012.767887316513,4079.6094480501397,76.93361455424265,3,0.7083311916419388
3473,52966.23640031597,8060.9628539675505,98.56941911545914,2,0.26687323907187854
3474,31870.009000872018,6508.466603392089,88.50637010506568,3,0.7632524356682355
3475,5266.258246452391,7848.937086258563,84.53578244464761,2,0.8197285226970419
3476,13485.11625702289,,84.93952532004269,2,0.0759884592280945
3477,89261.80710507928,5352.785241893376,89.83621411010007,4,0.5402873665975455
3478,24598.361086314533,5948.005315903241,91.67659589867874,4,0.787890624610304
3479,12745.212528531396,6350.206179405587,72.3240945907935,4,0.9434795719572212
3480,46025.34038053107,6306.802840340858,97.21523418792964,4,0.5526683389137758
3481,7874.240133948506,5181.105210037772,90.31062922257378,3,0.5645790464497766
3482,37377.262915947416,4990.712859815289,89.4389150888802,1,0.2937253819481169
3483,64877.43057280136,5898.816638217735,51.228011323008204,3,0.5525761619831902
3484,15292.619978545747,8190.242505435561,73.55249677132547,3,0.340408752342251
3485,12947.449323439956,6334.959239407055,98.90066653754356,3,0.8976857698187757
3486,25027.080339701657,6877.105074791319,93.90084422671148,3,0.6831422127364092
3487,6956.901720240132,6433.174801910055,93.66986137013959,2,0.4436960521546124
3488,48772.22390410884,4603.028695286024,99.44968014220083,1,0.07808744965461922
3489,47021.41988517045,5498.781237540847,95.22979001756514,2,0.9169537113091216
3490,25466.244100549364,6985.529738165502,88.84579599458328,3,0.563086103956697
3491,41290.16751950957,7177.585988839368,86.34895752851935,2,0.4580600233866293
3492,30441.468815730168,5930.635925316369,83.37598209387956,1,0.8675103263538062
3493,11372.830382692486,6459.7112852113,99.39996250498318,5,0.0443227970770641
3494,56008.82407480981,5349.590874598083,89.01250568585156,2,0.8265917626130417
3495,32550.328684992775,6028.610432697747,87.44486641554442,1,0.7737850133548648
3496,8555.148607641593,6613.122850391595,82.51964907430985,2,0.8488864085316423
3497,30844.66612580949,4756.064352169703,75.30456551740754,4,0.6759350206185795
3498,15082.287125644114,6375.5670145768545,96.25010308666145,3,0.07387065068057419
3499,44991.10909641421,4296.459469835025,92.053596298813,4,0.46868758256407994
3500,43628.32929839598,6715.850395528272,92.05898645422647,3,0.8235792702228074
3501,57683.262911901475,5365.047124161576,85.86411919392675,3,0.6045991765981592
3502,29320.847252542575,5256.517600242139,95.53638523029935,5,0.6692102463847857
3503,49490.692366524425,5344.4108600346735,82.5668602301016,3,0.6718564923883837
3504,42260.80076502966,5977.38032620678,94.34646533013496,4,0.131755177202594
3505,15730.970271497075,5623.660860834647,99.71199219549747,2,0.8716097751009628
3506,22515.127832557555,5668.4475454043295,89.09888795442137,4,0.7154629206579873
3507,24063.976040863705,6547.370959850357,80.3083026313719,3,0.8337093811389241
3508,20638.6649386028,8094.844701909215,83.87481719727352,4,0.01069772045168671
3509,11660.846438737863,5751.225218779783,74.20179037916606,2,0.5367963523980441
3510,11291.261160899827,6504.638404914577,77.06015855514853,3,0.3424236577390247
3511,54060.7115137628,4541.459445370545,85.74626412894565,1,0.9566509307984399
3512,9090.971598633794,7355.6790613056255,82.86029699671302,5,0.9528883572556045
3513,67596.21178175263,7255.557831522587,90.1116143511093,2,0.3199296257997738
3514,23654.656338485474,5774.121771974016,64.74312371180262,5,0.20884968019412964
3515,5853.975508440286,5804.262363987531,88.52979843194838,2,0.16359418716383023
3516,18196.13957756728,6379.366064611841,85.95294862495253,3,0.8759969249008176
3517,67357.95312384346,5538.448064387545,88.35384657388428,4,0.26837638273626674
3518,59381.13249601738,5308.28748742716,95.44873901668441,3,0.5433536886803612
3519,76360.59386071938,5261.786011492865,98.18962074724075,3,0.13187879574669292
3520,11530.561427900775,6157.3872739052285,70.38687983006338,1,0.5593182674925021
3521,14185.718068287393,6786.914369173215,60.61237823746571,3,0.780689017360704
3522,8284.95356521296,4891.428034095174,95.19794340222967,1,0.749749875604511
3523,53543.87616496544,6998.7018717011615,98.74010684006961,4,0.03448266726618332
3524,12542.001744945606,6987.7736463128085,88.66798127876153,4,0.9866387971907636
3525,43968.725503005306,5097.60746958158,90.9189649072616,4,0.37599788413903834
3526,5242.376797580845,6107.554424837109,96.71094085988614,5,0.9333154211790231
3527,58341.06258034581,6925.985492219751,64.22049994512888,3,0.4723493533099181
3528,145168.57228081653,6634.073678879928,70.25043616005848,3,0.22612875568397617
3529,11970.182148544915,4437.408339890015,88.44907420135121,3,0.5709600739519205
3530,30435.28135351202,6392.810273556106,73.6854925987599,4,0.8658915241359766
3531,39881.537480543164,5486.244374069874,90.08565116484051,1,0.424123062733915
3532,56487.9348293796,7280.875272123365,86.828868580115,1,0.44266227677850656
3533,33586.98616987016,6479.356235651567,74.71994637417166,3,0.6850266374810472
3534,87877.50206235042,6293.331045441239,87.55260006235598,3,0.33598502198479185
3535,42055.07697436243,4729.095039447515,79.28716227676556,3,0.18343664702826534
3536,14190.588749797962,6498.136008293498,75.6757085910996,4,0.6156230903636536
3537,24235.022887638966,4985.477062251564,57.71906970945386,4,0.1383022611574456
3538,12724.166625979797,5381.109296926392,99.62402819130955,4,0.8875822700594636
3539,86372.64451930847,4574.037770654845,90.27698020943559,3,0.21215170616284063
3540,44053.992928020925,7033.116469085103,97.86725715863717,4,0.17465588908162089
3541,26014.49750954791,4670.768707077336,91.00139358932822,4,0.00036491629796697733
3542,21824.91542766991,7064.182685170548,75.12130141718501,5,0.3089921247243055
3543,10448.82422738669,6572.405460637644,98.05811512167064,3,0.7257727942349119
3544,5206.59897910638,6378.693845832763,86.87895359207836,4,0.35339817448323274
3545,6128.921827373109,4716.813332468335,75.67458357588154,2,0.6754005911851373
3546,14934.230159509463,6602.040333040553,89.07956082429064,4,0.6721324172045974
3547,30673.516677281015,6205.623655099454,98.34594276682387,3,0.42720997346944767
3548,14329.288045278136,5362.907392042931,72.78826352299903,3,0.5119747881942995
3549,50029.17868794104,7045.369662098382,91.79411776795462,3,0.010675106441502713
3550,93354.05998754431,5928.249601493986,84.87406854839509,3,0.2232097754872262
3551,36491.49197864898,5981.4528652503295,99.81661069801517,2,0.12441131761253255
3552,27971.135918986085,6595.920241658937,97.55557975283136,4,0.3195477693383155
3553,73712.90868833204,5488.382602798439,92.85259480879765,4,0.47864693151849314
3554,28645.479418321556,6457.828336438165,61.84048874545919,3,0.9008599535419487
3555,11776.526728854693,7960.326512600264,94.7208562589869,3,0.2017329310576086
3556,104321.1540683759,7440.495732307876,77.31264049509976,3,0.9861996131465381
3557,58969.9049553899,5225.114589350119,96.71862334633134,2,0.9461882029514361
3558,85737.2950344725,4975.455926705236,99.056742758755,3,0.8716013108324422
3559,6122.909300029111,5866.979077512898,71.7970033843564,1,0.15712218514640086
3560,165741.29417325798,8386.460393295223,69.85943922806072,2,0.4361250193164554
3561,27056.719588644362,8656.52644748916,99.82092415590033,3,0.9337447369439493
3562,12052.053604166656,7371.129846483145,91.02412427012324,3,0.6813697655121006
3563,9049.895387796134,8895.884759360126,97.45343023429679,3,0.4590456578312895
3564,39647.025848184785,5248.966872484729,90.26762948636559,2,0.6637371697772483
3565,38720.96650326709,7318.7813172967,82.08294759619584,3,0.11606170675991778
3566,22151.080995329114,6407.943123369978,99.29796137246473,1,0.12644468245826557
3567,12649.405396824193,7232.718287320614,70.8491344625169,4,0.04782994931011153
3568,9026.449674308536,5777.149481809235,94.52731055722332,5,0.2704114874288035
3569,11343.656920983962,6509.307044421012,98.8597875661979,3,0.20633964211028755
3570,6532.526344452063,6142.42137294386,90.24175240802357,1,0.6415543087822586
3571,59493.73971048959,5221.014468266963,87.53813643900614,4,0.9381441078958918
3572,38104.52072187445,6108.002924777785,76.55188478373084,3,0.29000957061280197
3573,5804.127383534271,6123.715277351797,94.334791840399,2,0.9391337388682758
3574,8456.363174442096,4952.113334508495,96.03501419456657,2,0.944819593391057
3575,221199.34095436873,6766.675008592025,86.522535532751,3,0.876825627528206
3576,21181.01953618227,5403.5240001335915,87.38933704954643,3,0.22502480199748165
3577,43211.15391366072,7034.910785736191,98.83632914944785,3,0.17943027241948606
3578,37035.88796179948,5684.3981613567075,94.37271597646625,4,0.6922963821206817
3579,36950.33515238506,4891.61544697703,72.98367977881475,1,0.3469578752818635
3580,41321.555769024104,7879.2772775456,95.71670834411373,3,0.013554095903839825
3581,5424.50546673985,4444.5211822059655,87.90274124226758,3,0.7350215488411523
3582,50210.58304474696,6295.123235733594,98.04113924261516,3,0.26960769582805033
3583,11144.018830646128,5957.922284549524,91.56014164231489,2,0.526705802495535
3584,11119.73149731474,5820.360891907257,55.56343360565621,2,0.4321374525284304
3585,34378.33241273453,5591.711321905315,98.6155665991299,4,0.29684944575242167
3586,31479.190434993012,8133.832605810185,95.18561491458621,4,0.7853463147550634
3587,11454.590534627281,6251.90868758049,95.97656044699535,4,0.7602871282116911
3588,6874.624817663656,5027.409825131444,94.85859909291212,4,0.9699532019634516
3589,5032.8677616732575,6724.0278914944765,91.82874054438489,4,0.6361635916509856
3590,27360.76612843109,4961.4216486387295,99.51979577352944,3,0.5421662817758615
3591,23625.947863954098,6570.315059897551,93.80002561155594,3,0.2851768626098887
3592,23932.153879235615,5766.414906893275,93.19955819400788,3,0.27492872537654867
3593,46271.22207387747,5802.874563587711,82.82811725086144,3,0.19034607586716235
3594,39129.419094521254,6965.803472008916,97.05953231417138,4,0.5011310016324428
3595,47721.819708475865,6012.644398181055,96.38889728359747,2,0.044299415089612215
3596,27699.78952332192,7068.055454482403,92.1168536649492,2,0.10447371839178043
3597,27424.857175168465,6121.528394820588,92.05991415590074,1,0.5525647570859344
3598,19119.43970090652,5289.3620392714765,63.32280951828043,3,0.24215661540689692
3599,10435.206430151007,5132.475270132743,,3,0.1908751911267491
3600,18964.364144245683,5213.049050229313,96.8698016005452,3,0.43563041282060944
3601,31952.320852719036,,86.03793395935637,2,0.9152679055630265
3602,48594.26204214027,4023.6215890104404,91.54600836953072,2,0.21752983945989268
3603,44230.30340594065,,86.06238765894562,3,0.19429430648188284
3604,69151.29264246285,6990.014335057446,89.10371748004813,4,0.43522640099953147
3605,8794.10734846602,5223.844998818012,77.07851104260156,3,0.09189762491169196
3606,13583.066681646616,5766.7399239022525,96.0190924136372,3,0.9629011400671682
3607,16715.989876989428,6972.146329012045,82.55111263704713,5,0.8755089990578994
3608,6195.250016820303,5729.770465823022,92.17280992419838,3,0.6379454154789803
3609,20282.21246090632,6562.576500509476,78.8658943104267,5,0.5520712849928013
3610,83391.89832302518,7920.883609772149,95.85502714382582,4,0.6341777409391997
3611,78690.007163822,6005.064682147585,86.17912852579951,3,0.5567462239579714
3612,60171.31996546597,5522.149400825648,89.00776373636124,5,0.4712279503667913
3613,22899.325310016688,5944.73573403144,91.26459467520131,2,0.7267398178849062
3614,23490.630209173734,7246.9975719156455,82.47044170327948,3,0.821658881339921
3615,13589.108397296834,5385.05743270778,99.93193066583885,4,0.7246141103179223
3616,7634.289176306186,4828.151976721306,82.03533616012099,3,0.2247516325349025
3617,43267.50703292127,6633.597840793199,98.63791014642908,4,0.10996233349144902
3618,10431.693919735608,5103.49528748191,99.52219980504103,4,0.26595826933076083
3619,36809.710721657,6030.895759477467,98.96146874423677,4,0.14405065837240238
3620,18467.641418939013,8447.86795939971,91.59218754732233,4,0.24101369267917983
3621,24075.474187662094,6666.219537594742,80.87770532796438,2,0.05837876106648088
3622,11680.814044751001,4072.113645334146,88.78095607302566,1,0.7225268218565409
3623,6332.747971219001,6597.995919788819,99.88056930733262,2,0.7662484489584617
3624,31318.879195605226,5593.282733002105,83.31651495065061,2,0.13428681114968377
3625,19531.586564596808,5774.541561463064,78.03318186084662,3,0.3897026715375195
3626,21748.24167799197,7360.19192995363,86.27197603722637,5,0.8845133965576066
3627,6423.575979460103,7061.795221982825,85.29122067630506,4,0.6648772519979327
3628,12491.003179112387,6753.116235814983,74.20323004112615,3,0.1304648694100441
3629,9993.334968699288,4896.051987834877,93.12461342370071,5,0.5126185124805629
3630,41390.831328984415,6654.558359701314,99.81475832185352,5,0.40348180107560294
3631,51655.02243934022,4935.631114210961,85.5806124990881,3,0.8817730012674709
3632,32231.104451302697,5927.187304054462,94.53642285014124,4,0.18095562052105807
3633,29062.640613512347,5934.5678175539515,81.6940942456255,5,0.9331239610877955
3634,7521.397385219164,7681.0050815911145,89.96555464750735,3,0.35599763241225246
3635,48781.86679399588,7022.173460842456,89.38999466985011,3,0.40385369282309713
3636,21336.625141113214,4925.284523010021,99.89961509292029,3,0.15688683285520855
3637,131472.88478376038,4152.307330837752,99.21742365054446,2,0.2565678555387644
3638,12314.846413525582,5414.865933428807,93.13199497942857,1,0.14724468438277394
3639,5082.538916513691,6458.859232662081,92.48264635486674,1,0.5532861031714525
3640,17974.29005022847,7598.895176807802,84.54584634963017,1,0.17378612511320246
3641,20241.275249326703,6508.999715904599,98.91915732432413,2,0.2211503870895939
3642,21609.33636949412,5568.360188511263,77.12440918552855,3,0.852327890010606
3643,50319.57869934589,5711.012040473213,92.64875471103178,3,0.6615030795066329
3644,23993.67339475051,5142.427268500547,96.1472292295056,2,0.8261559799577559
3645,25273.73692817312,8388.743295622544,97.7417507149072,4,0.5784066797559166
3646,58593.296367151546,6763.829292346911,98.56986308043999,3,0.692743111559172
3647,26333.400537389127,7011.699282671548,72.72500519283803,2,0.8554291330199294
3648,36263.370553275316,6119.869182250727,97.07262420020577,3,0.6116646810600511
3649,9313.485220152936,6567.82066800446,89.68670675013703,3,0.8816036587560427
3650,19967.651550018047,6086.031883834105,95.01009560826554,3,0.997286231310608
3651,27719.80412389958,7469.841607448309,98.51645677376773,3,0.8172219667830173
3652,8246.629784830584,4125.689840923655,65.71819262573841,4,0.6745524068818182
3653,7407.522072670796,4958.138546806765,84.69027920115748,4,0.43382957878692363
3654,75321.41461581101,7404.693625828802,93.61140388335893,4,0.5994250805045096
3655,20684.24275845829,6150.91075030649,99.80688725507856,2,0.898643973635416
3656,55632.919085347916,7601.093654078299,70.97379446060191,2,0.7553051191873134
3657,6602.377291969051,,92.76855748031404,3,0.6761904370967563
3658,7682.871560443085,4759.433849411507,71.97487127141567,3,0.3439285145249539
3659,7017.636045102162,4844.514070582518,97.48714365367512,3,0.09861527784018975
3660,10666.444483245054,6260.259229108631,77.79906003404535,3,0.6065782970831336
3661,82942.16521391096,6540.581457307265,99.69442822237052,3,0.8707160466034539
3662,12949.41619288203,6222.300864554851,87.39886938099633,2,0.27540155719233006
3663,19334.60050764771,5489.596068472348,75.00463740374161,4,0.25950530313420395
3664,21350.74552526888,7572.027190620964,91.61736161814409,3,0.8091002743070963
3665,5736.341177665448,7015.860622360293,91.0538078729863,3,0.8523969481118499
3666,19087.9673698572,5800.907076879273,79.82633941932562,3,0.19595283248399908
3667,18901.412280820783,,90.47498925572121,2,0.3549952515908411
3668,42778.57489969701,6090.9721173725,98.82425674875684,3,0.26452751738041336
3669,61408.5679875666,5662.681138699119,99.8980626999773,3,0.24792688182141986
3670,31191.70575415707,4389.663281155985,98.18888120347727,2,0.21772777485326555
3671,8472.992477772788,5799.130220735024,97.01530839596069,3,0.7174208170501102
3672,19009.444852471992,5096.971175725697,69.36439468488521,2,0.8742929022420165
3673,140761.44941294345,7969.200634359555,87.68978273946053,2,0.34316918769047033
3674,5735.237833326433,5134.188441794821,89.91201487821975,3,0.5095133554270853
3675,20469.809764748767,7475.833002930319,97.31098685719853,3,0.48953520358135727
3676,31038.86008599839,6855.2714706698625,95.17036924762583,1,0.7333913849839357
3677,35400.28108951969,6186.054278419401,85.17689494612242,3,0.4625303589246731
3678,26096.617021591286,6331.940715143425,91.75456892688766,2,0.06616060080239783
3679,37341.73786443114,7779.254040848463,61.3245400996946,3,0.9512614506129501
3680,43757.160841320205,6942.007306133807,93.52977141020976,3,0.5460407805382559
3681,88587.25238165591,6724.255425705621,92.78873159674134,3,0.010671383669749734
3682,147907.65779287953,9464.289862333633,89.3834301231246,2,0.11360932946230762
3683,46244.05783352933,6797.881481765709,91.19057440002368,3,0.9139501614134038
3684,25453.366606918353,7050.28654471853,85.80003026395488,2,0.9835634047251753
3685,7713.63691741916,4921.225387954962,97.07323859931233,1,0.5412902289899262
3686,5566.8551424818515,4409.997633192068,99.46846765535369,3,0.25658808470896144
3687,18979.39265627083,6073.81687443165,89.14657328682942,1,0.050525132016694285
3688,9199.708569800665,5061.953427713934,76.56111280086057,1,0.8028433576923855
3689,20438.228723012457,5986.725813595457,95.81467916678602,5,0.9751437657608104
3690,90591.73833978415,4724.067686649881,59.91053517901598,1,0.3771215358767632
3691,17289.937673059005,5621.386568587218,69.57386349578704,3,0.4692012034387766
3692,30989.21764439689,,82.16486947810235,2,0.788950527714287
3693,28112.36029593765,5795.939341362924,87.01267086000796,2,0.19600321051670422
3694,29353.643252851052,5852.179633848235,80.88944008955875,4,0.282623283101225
3695,30576.956482430363,7865.460727095082,99.98383881187263,3,0.5950812981236174
3696,11914.146121293757,6666.9354994007645,92.88664997243693,3,0.5246931777780303
3697,18389.32910683978,7543.205199102191,99.422860737908,3,0.946354800603246
3698,6846.364875867099,5507.643087648783,94.73432074535886,5,0.39812634535824987
3699,10268.265808344477,7560.834462233641,98.94218624256365,3,0.159800037450891
3700,24963.598358300493,7099.797474454021,96.9084761267226,2,0.49071991271698745
3701,6517.559456659433,4395.702364672541,98.9141318681865,2,0.07059108107000855
3702,36480.87162801918,4676.232540442536,95.83802667131776,1,0.9421520060267606
3703,60201.13759268401,5643.017243346648,91.9036335859605,3,0.15757727444446135
3704,8669.289670692515,5687.540595940803,98.7360718142884,4,0.23595151359876654
3705,32732.971558349116,7671.297650719562,99.10200876970976,5,0.7696584176021366
3706,31365.77137389679,6117.587468531535,94.141420249297,1,0.35098341303867686
3707,30666.21695731876,5850.270803608447,98.30250763592039,4,0.925964821749542
3708,12973.410666259431,8230.056440957585,80.00475198943393,1,0.3111850241678539
3709,82216.67969748846,6020.033237282482,97.36081714021884,3,0.78507526802193
3710,52572.54695395285,7470.519211704621,97.77441931528593,3,0.4000769066634876
3711,36151.51215706831,7571.714805449728,98.18596868163178,4,0.8387014839762881
3712,99729.63297273823,5188.878123146307,98.48624694195247,3,0.2425051408836154
3713,5449.287687223913,5871.602117960521,92.67060507531538,4,0.7757960312828214
3714,9031.159694579093,6589.014297549481,91.63060641629123,1,0.8231008844959803
3715,21059.366884750416,4108.256258308093,99.22032587361511,4,0.4893743418952745
3716,7515.635443184215,6579.725821035281,89.7019423401175,4,0.7562216641289904
3717,28653.19007568035,7415.511067183124,90.60684090985923,5,0.5273729568398071
3718,20312.234514347576,6334.709886520446,75.03804089579941,2,0.9127119440578814
3719,12440.987509644445,6488.306719282143,99.38745035192593,1,0.8244344311207253
3720,20489.70707206046,5517.095489358395,,4,0.3132657155240893
3721,11233.129970866672,6898.82843681755,85.3750228903494,1,0.9115217746600996
3722,9039.09208377765,6582.815461001967,95.38893295278093,2,0.4073038390013981
3723,30068.593419830166,7136.623561771169,94.31607394312725,3,0.20032515733608647
3724,16826.641777128418,5614.823593404855,91.96827215702812,4,0.04833622546608107
3725,5123.469724425275,6100.151168166353,95.87942015531358,3,0.3313030333996684
3726,56975.74415717111,4506.088879759943,89.25495330081363,4,0.255138643672835
3727,15523.620645696086,7966.220762937517,96.2822133802916,3,0.7462124156821149
3728,82116.27346795163,,92.41434158575824,2,0.9677057948179594
3729,8299.460850742265,6748.411909489775,82.37672434585666,2,0.579800393472076
3730,78796.06687527949,5966.168193919354,70.82994179032136,4,0.4246805597918354
3731,7289.888295633339,6304.572727306618,98.1828010267064,3,0.8745571850795627
3732,33260.341066398236,5360.363770472434,78.07828642994825,4,0.35196803252312836
3733,46885.056692618185,5202.3798357825635,72.49610422179997,2,0.7146489787593276
3734,53537.736062687145,4125.216114864186,80.83446405287994,4,0.2130072823032424
3735,26281.573158134946,5541.766445174735,85.0987235360876,3,0.34882215908069225
3736,14273.115647980756,5068.6445106795745,86.98922387855598,5,0.3604291174792451
3737,36502.17099428229,6489.941195069446,89.56308126778114,3,0.44206830415334797
3738,9102.856842730496,5211.652051968375,88.32544015255176,1,0.2199548099663996
3739,34309.91354374866,6654.3760879935235,99.81708835752255,3,0.34416904696433936
3740,5966.167517091274,,76.19639947515252,3,0.7702534820734379
3741,31600.765513852053,5524.91197056786,81.10366407918671,3,0.7055674773475119
3742,24903.064948976156,6771.280388282384,80.55055551502055,3,0.6751994330930602
3743,17287.308919462204,6195.604914418755,99.2360205968456,3,0.46386977358745807
3744,92262.43388955109,4286.244852088732,94.9125012990227,1,0.23492258663740828
3745,48929.14302013958,5423.145356294121,71.58506016396505,5,0.2771001501556477
3746,135954.92710664246,5811.641989212487,99.33726058566327,4,0.4872804076086832
3747,21595.80951636978,7691.013533258023,92.41671633120454,1,0.18877704413983398
3748,11793.44217048045,6575.41301994484,82.61027660099646,1,0.17209255862547046
3749,37244.42360774287,6163.505273056133,98.33153877070188,5,0.201166922318621
3750,17718.64828700882,4171.176489148911,84.39591216394446,3,0.7314446618122051
3751,37723.19242430831,5929.866613972074,68.02396325812381,4,0.9460338675323442
3752,24843.41255241172,5588.646422635136,91.44230088837448,4,0.2688936369124484
3753,8595.267955265284,7140.176073579099,86.95634206499378,4,0.38947536541920136
3754,13184.92152669033,5356.238200018261,99.26444461905935,4,0.692273940502935
3755,7416.812438998527,6540.608140643151,92.0186287013258,5,0.17503378507452938
3756,66320.83176517626,5730.27017981933,99.03821015199593,4,0.5072776187096387
3757,16759.53416575437,7672.816132010496,74.00862268219227,4,0.8616702501765499
3758,34051.68865837595,4972.014770097914,66.92512456649068,4,0.7458777112538302
3759,14326.988073228173,6034.458792806837,92.1725448031464,3,0.009784583975525285
3760,118877.43655382824,5876.829705984599,82.68976691154765,1,0.6693690710596336
3761,27827.28836309499,8190.062071491525,88.0223938552996,2,0.7157261707385731
3762,47404.74872984239,5774.174829867916,98.58040601756767,3,0.3369141272646131
3763,71299.22610359787,4570.540269213344,88.66652012108625,1,0.7736855869333893
3764,9278.701880283006,4979.348422447081,58.11156043728203,4,0.35434526833518265
3765,62580.15783523959,5969.9645018210285,86.57514415203138,4,0.12441251935451358
3766,6357.53671055486,6078.912760176422,86.13213326275701,3,0.39208734847468407
3767,43509.07955389234,6841.478671707099,78.84823695378704,2,0.969671021636306
3768,11808.414427792479,4340.026597752567,92.70146974550676,2,0.48050691838667636
3769,17635.29063971926,4967.470323714831,97.5803436327273,3,0.5628727377453797
3770,8001.343728951322,5629.197775444327,98.12209241408627,4,0.7567426891013752
3771,45655.92280921433,7189.692284822872,92.82194011823624,2,0.36386095543988495
3772,14408.014515948522,4709.684893040343,97.83185563206062,3,0.7558509862534363
3773,37761.610299649124,5580.778976987781,84.6050745713586,3,0.428426366519014
3774,16047.819513715158,6908.013290468385,96.72438075182181,4,0.06916132999162294
3775,49761.698745441914,6182.8366820530555,87.15087578755748,3,0.9251892018268115
3776,20640.913789089645,6794.815168579182,87.87923748633449,3,0.6568404003163126
3777,11165.884453494506,7730.4217323109015,96.78753975474741,2,0.7033473145078054
3778,25415.161862943147,6551.300060019471,97.21826853450425,3,0.1575298936343189
3779,10328.472702567902,,89.9393169970518,3,0.6879793520194661
3780,85679.80105735225,4846.203869541729,99.05865174474874,2,0.816244936061248
3781,25093.63003412441,6106.304650710304,89.96308774569415,5,0.978901526704281
3782,31957.587258738575,4154.421757367381,84.54683984381907,3,0.47754824319138245
3783,139725.82700111586,4805.570085456108,65.68665489923904,5,0.5399395599408414
3784,7166.667292811777,5895.027499081019,98.22845623532227,5,0.24534183513945884
3785,43146.7934394555,7010.151719835363,93.66001890315793,3,0.7645168519332904
3786,95282.41787314642,5219.09418518891,98.96626882478056,4,0.12426934322491323
3787,8905.785693556863,7512.599458187982,93.3215437761328,1,0.16491065162374408
3788,5431.699059623614,6885.420953392024,96.50713049033477,1,0.25191507935088975
3789,17385.512162525174,6064.795102160339,76.85332350918164,5,0.6690590719924377
3790,29173.391963359976,6717.062116315527,99.01987005527907,4,0.12135686365633658
3791,23813.514127866376,5590.039882162981,78.79448181765659,5,0.14266638026997736
3792,20183.550333411877,5696.945970216441,79.35309650544039,4,0.2732732372968689
3793,64953.013970053384,6636.81765523962,83.14373563227018,3,0.055714892539787564
3794,11386.731154482786,6492.411598603787,95.22740054144148,3,0.48545482538139484
3795,11579.638779134904,6346.243303368512,89.57341176868835,3,0.9849838490523493
3796,11137.05881468956,8172.93163236217,80.40232525138016,2,0.2735814145680261
3797,74960.59158567543,6083.888365711101,96.50533505101295,3,0.9171313563658053
3798,16052.127744307765,5996.829162426983,87.1477906184771,5,0.600714315199436
3799,52348.279260904645,5883.440583522927,91.29448057019938,3,0.4334213623758575
3800,86642.34395959703,4940.702349300698,87.46115022983565,3,0.7729206462175241
3801,11349.917200283044,5182.123956626199,96.28998524789145,4,0.45151027431931146
3802,14331.193169210477,7118.458863823517,84.02083932905582,3,0.4538555007135675
3803,59517.796265542005,7349.137358348212,94.41886039795533,3,0.03468889941599129
3804,20927.307890820433,5770.890301045396,95.05566216471864,2,0.3489078849882715
3805,6836.015774532307,4059.344028442387,83.14468951546792,3,0.04500985794852708
3806,17821.69448138112,5619.116455742707,99.44302085005103,3,0.8165902324747424
3807,54592.78611986509,5732.27118566527,94.21589196928062,3,0.4861316056190448
3808,6102.075532481936,6432.005131774239,90.55566400392256,4,0.9173469518045725
3809,26744.154106683298,8166.057375802662,70.53275152684836,5,0.8600349163217217
3810,66888.97694087235,8686.188451933624,64.40923292766175,1,0.8552678459922267
3811,17116.140069871664,6823.922059715602,92.41013209269775,2,0.23337143150161466
3812,16424.317981030035,5568.178319723094,81.37914654644109,2,0.9829581638066531
3813,54947.61543639246,4069.5182149229295,86.77723689232519,3,0.925178487995082
3814,33759.53437285438,5998.012692909737,98.04211360132796,5,0.35315979664784436
3815,55674.546569359256,5304.7884676962,90.46095362605385,4,0.8445828425051589
3816,31738.8010724962,7424.301592696214,90.63878980637196,3,0.009330503186649852
3817,153695.14374575063,5626.420792572044,70.85630629450041,3,0.4437165198834391
3818,16894.541431912854,5298.664954538198,91.72225542959768,3,0.6913056916533624
3819,5004.949137523404,5676.274757088009,88.94493381140187,3,0.6578470750336026
3820,20904.47470917933,,86.92901359947929,4,0.7487844483733326
3821,11282.021681633749,6739.891609395746,98.07642694958088,3,0.5502240458076467
3822,35459.33759232267,5215.1198119154515,99.18830144161488,2,0.8151450018137899
3823,44445.311433976116,5599.750460040524,71.34376360137747,1,0.2791338674685713
3824,32124.018340376406,6528.330451633257,71.45321677206915,2,0.6895169563999338
3825,42146.74103948871,5375.065028119915,99.65882438157543,3,0.16797176506064615
3826,26511.723945965306,4397.096037799124,72.15923225542257,4,0.736920174441102
3827,29173.17306468825,5549.520851819735,86.86669442991432,4,0.6825422523148074
3828,16947.43499812322,6019.564706425309,68.37082674201214,4,0.32599747928624556
3829,38306.210361563375,5986.304375373085,93.36144623441159,3,0.321276315543375
3830,17443.437978912574,6422.616291183875,93.35271004368178,4,0.8338482043556956
3831,11555.995668980715,4258.633153767238,99.73987826736654,2,0.48284926957728325
3832,37599.19457671326,6858.140922632536,88.82255673753586,2,0.7439269391849135
3833,21507.831404942182,6321.043931520484,88.13324991206912,2,0.19395365270542897
3834,72707.70173980028,5656.7224552583075,94.6305594658916,4,0.6884986548980208
3835,12989.888789667773,4400.001253359485,92.1858014446457,4,0.8423784418215157
3836,10913.08537550742,8413.373408259014,72.00558582931778,3,0.9935561267518848
3837,45731.95020154549,6290.273796939404,85.82461882142273,5,0.013198675259057047
3838,35344.586137872764,6118.411104692743,83.62084183211238,4,0.22851349804327414
3839,10001.024568471767,5773.66806975595,96.030875108151,4,0.9237812339235855
3840,58935.32775138605,6038.428389813002,88.73092394756702,3,0.2275883627848876
3841,16142.453786433856,5900.40156312869,94.10090105858583,3,0.6234271703994835
3842,8101.66305819278,7154.9011272528405,92.96264010439612,2,0.03909077179992437
3843,29940.544228269515,5217.155043029167,84.67734120500587,5,0.4402029162930524
3844,10711.663598405488,5758.84034802025,91.25238261346475,3,0.1153091139916842
3845,17416.175357472028,8777.971733553326,98.53378454821586,4,0.6877065089621774
3846,201791.9501177913,,98.10767190332082,3,0.6204630988955162
3847,37235.97802122937,6713.964391173223,86.7771541855781,3,0.2584408462694474
3848,29879.946099125038,6025.098625767114,81.30967765600118,3,0.844891655828006
3849,24910.520432092184,5378.843348523895,89.71808545683564,2,0.7867110831795998
3850,32722.592772592525,6723.182677486381,81.46855401126133,2,0.6562724536961714
3851,32269.920252607382,8086.479550688273,83.29844567425631,2,0.4777522835419299
3852,16236.64414570412,7643.316845783688,92.56583883274531,2,0.32453420913877273
3853,87418.56003103874,5318.303445014379,98.97506117941482,3,0.9008993718296742
3854,83710.2212632804,5536.494414929198,89.16011320388517,3,0.18740643432020432
3855,141675.0347535013,6546.726548744273,99.6705838217673,1,0.45124439076546885
3856,22506.39445704477,7889.59925707923,96.998502765155,5,0.2881857703184124
3857,15565.196139727443,6340.525684163703,85.72044479749803,4,0.33943002091702323
3858,18707.065961598484,6968.444847109231,91.93667077093332,4,0.6316443418834841
3859,71390.34047454862,5276.824609471388,73.98174443373541,3,0.11523919017125461
3860,31713.25138457462,5889.932894074562,99.63759475836065,3,0.007629223414674313
3861,33816.03188084667,6708.740400881148,94.40069138527751,3,0.8091761711100757
3862,5447.461548957287,5525.280142457095,92.95017421313968,3,0.28529548437747176
3863,33663.55208757149,5089.965450838045,70.13731293655923,3,0.8605683086385973
3864,46259.48687500414,5679.132165965875,96.78722787116173,3,0.29971402330627805
3865,28349.360931848318,5546.651016459647,94.27795304077027,5,0.7836490542424689
3866,22565.46504295999,4943.071742211133,86.8550729442484,2,0.06988174220951682
3867,13578.382268646179,5493.885520117123,95.5605665163531,3,0.34589771140690195
3868,65563.28313431129,5170.781179516616,97.92476014176691,4,0.5466273730074973
3869,27333.492185166233,7156.204395325451,99.53275550344654,3,0.649600342723669
3870,14768.086265607031,6036.280217748999,96.17460440596072,3,0.3901330894559675
3871,11159.27026285967,7547.045004862895,95.72174722360556,3,0.6847146794689339
3872,8521.40613878558,4611.516076704786,96.01704481460442,4,0.15884900629348053
3873,30464.214460114,8316.61309827012,81.97617817536063,4,0.27594297696314507
3874,25154.448024687106,6521.121063299366,87.23024631960715,3,0.48494213189866897
3875,13808.95429258587,4537.282877852656,86.78881633054127,3,0.3753311271185793
3876,17317.42163653919,6285.546281966283,68.92460189798093,3,0.6161803796880829
3877,13866.637166287222,5181.9957770316,88.36800274711736,3,0.9558117510112687
3878,49793.927222983046,6043.374390122693,98.11534860870742,3,0.05709623779446604
3879,41331.25294177605,4725.756646058685,66.69044389657502,2,0.12444887590604792
3880,16166.166549164514,8688.017905063847,95.8423869399664,3,0.058667979786446556
3881,8866.369360735507,5260.474165166727,96.0087444238568,3,0.8879785165039398
3882,30440.507405213975,7450.204905708503,88.31792197291786,3,0.22028114175527735
3883,15556.90922669287,6871.277090713802,98.30745683786604,1,0.8977447028241318
3884,10115.039566507287,4947.677971809564,66.71195366314475,4,0.3430974188870829
3885,18178.718379075766,5996.435326128356,94.60051461095824,3,0.9777483461071291
3886,5394.2989170309565,6634.81973971158,75.4865593489669,4,0.9518153840418243
3887,25142.62770089334,7707.9126879476125,98.60397501116702,3,0.7210728208756831
3888,6132.365814954232,6982.376360098745,94.80388966736632,3,0.7705467922979682
3889,25748.41910214217,,80.11877944631368,4,0.9936942039229437
3890,44106.58626429194,5982.266890943766,70.2387836388585,3,0.4437464316773868
3891,64067.77449516685,5135.99510126662,75.54882768506248,3,0.29905846864600605
3892,34905.84849521096,6264.2711158939,72.31443843313372,3,0.6379158833694566
3893,23180.01542437837,,99.58334518274258,5,0.4626181549862579
3894,21634.4661819947,7037.201602467759,99.3066339216234,5,0.5202557703977743
3895,10398.667732537167,7292.383985076886,97.9333323803898,3,0.6358512894533082
3896,6342.702733608337,4713.297147670344,83.69982658374491,3,0.9674902698876445
3897,40216.84372935319,4605.375861614253,91.21473663896693,3,0.00781030100877711
3898,168719.79290738647,,86.64210602201624,5,0.9547233552749523
3899,23965.285370030906,5847.300581312207,79.61082716885664,1,0.365882295251968
3900,52315.862348537616,,70.59337951317508,2,0.8359448011448183
3901,20732.899788609422,7036.709414288839,91.53472709439559,3,0.11503552057693378
3902,55731.16880394777,,99.248305342846,3,0.8953277510630975
3903,71496.53308369388,5709.357398695901,94.68826485598814,5,0.36581483104240087
3904,10919.893451897442,4446.751711638409,92.37564405686875,3,0.1914902413095534
3905,39125.48942548933,4319.395745722181,84.35774300495027,4,0.8505716565740016
3906,13367.654776183888,4643.581144987518,89.70997735951988,3,0.17495340603570775
3907,34415.829947956496,6990.15849462071,89.23851700110367,2,0.028493370449555022
3908,25460.172704908266,,96.46612603511566,2,0.5704960070210153
3909,13913.299707835798,6898.105970242569,84.467463734862,3,0.506328675814106
3910,85389.4969400259,7118.410677205382,90.16016086095682,2,0.4116547600177066
3911,8065.0714240899,5426.869891800599,81.10217213439736,4,0.7102945707191552
3912,10810.854728383392,6181.331905268768,99.24873496512315,3,0.3779667233122257
3913,33414.31737977049,6016.106417043396,99.71242305234334,2,0.271134927742509
3914,9493.329451753676,6659.54563180858,97.4491871877976,4,0.05432211971174461
3915,14581.239812969367,5893.953660751884,93.5970490670902,2,0.2425481852946545
3916,30400.311872565733,6819.1460493591585,96.59587014428249,3,0.8430245161786669
3917,22106.323471739135,5822.699939108819,87.43975510117572,4,0.976837466363146
3918,77413.92007053726,7935.3640481788625,79.21754847161198,2,0.688588658948123
3919,43607.1411201533,7252.004132430122,90.6165962686997,2,0.9184616218869854
3920,29880.747948075084,,82.49960489586002,3,0.04599683853249159
3921,11257.719203566165,7069.6938152223565,88.82825194147273,3,0.751108744821476
3922,15679.023952735462,6245.934625048871,73.76790895617263,2,0.4615340061500959
3923,9806.409529429393,5305.641444576565,92.59661437816266,3,0.3766995137376058
3924,32498.497196580458,4912.319907959891,90.68572868810571,3,0.8141328032170315
3925,13837.39580088976,,95.28635818037765,3,0.25731755433710624
3926,15612.276235341122,6796.088214775134,88.38999778653205,3,0.7226643678163868
3927,21329.58363714027,6043.532099166516,93.77972582745454,3,0.9762975893912867
3928,23332.65193623786,8769.263307676567,94.21109191202484,3,0.9793945669601455
3929,29741.238779495907,6547.992740088774,77.32769921591678,3,0.1416010223496581
3930,53720.92391099558,4867.710011989595,77.14641762521848,1,0.9642362310711667
3931,33633.4302285871,6500.734939070891,99.61748959730475,2,0.3949277688696573
3932,41587.3726395668,7715.993910933152,85.9696019530658,1,0.43338605429126864
3933,35628.43568200435,5305.027251414609,66.60785583405325,4,0.200954628614061
3934,5303.456221875295,5958.0259094084495,92.80628942592472,2,0.14057909226618082
3935,17792.77308327237,6184.562201657712,84.40540610563491,5,0.4163286787202266
3936,54809.27741496928,7278.135583242904,87.64937395269648,2,0.7712677644487862
3937,95144.6646155394,7681.7742039077475,87.03352537363689,3,0.2611109066876105
3938,16785.566453359846,6591.010471169951,93.54581412809875,4,0.20400198427453864
3939,20047.0740415709,8250.500362693841,77.63329772054378,1,0.09385568903538188
3940,34376.901160318754,6499.830928313793,94.42033101366825,5,0.6466133319947959
3941,11451.730635066711,5055.745288539225,91.24406106781659,3,0.6784484526169746
3942,12776.211607049314,6144.8369976669055,91.93482927675888,3,0.45091000179773233
3943,18058.37747817132,6680.978449323665,93.335915540814,3,0.41604954809094374
3944,10549.02137258608,,87.93036246671693,1,0.12902452486071703
3945,26120.84317229444,7120.377255115337,78.87552638192385,3,0.2265205150089502
3946,12323.078091150779,5751.084539484842,90.27545823715371,4,0.3120421925307407
3947,17013.06064359399,5563.2885011406415,97.7162972562304,2,0.2556212629189759
3948,9907.496675932121,6538.8106332922625,88.90800423080098,4,0.7327919875896293
3949,38688.50682689044,7599.958617560441,85.79219552661912,3,0.023347891249552277
3950,17350.24567178156,4281.470096912435,88.5637188599103,4,0.9309213635104331
3951,38742.83056034047,6544.246288479895,83.7314812618579,4,0.7759600879092581
3952,98062.64192059833,6482.172544880885,97.44587129692073,3,0.24051113875771646
3953,87191.59977514128,5017.676504494729,99.45390832656653,3,0.6107590618453814
3954,36810.61536143527,5407.134765054914,99.19904997692764,4,0.4141127843293968
3955,25769.61450401727,4962.955007457707,90.81813672199621,3,0.8072409523369941
3956,36925.358248479184,4737.098208433081,88.54434915120214,1,0.6345990910205092
3957,88548.59375938619,6364.968317071363,96.51656119234048,3,0.42736825126414313
3958,20752.912506474288,4820.465143765841,99.0469142667731,4,0.7215025545397848
3959,17198.088200370803,6700.345669150269,79.44680148267271,3,0.19981571882865024
3960,5143.438782336457,6231.498717802381,85.3469577127969,3,0.8165173863922995
3961,17281.220956802943,7544.742797235886,87.79047505313578,2,0.14686085210694821
3962,27173.091355545097,,71.95139081478963,1,0.3725898259560789
3963,8500.097815237148,6733.5849381223225,89.71739429145053,4,0.19498970062956056
3964,5941.44183739523,,91.00881485942907,3,0.06305605552949345
3965,16910.905573172102,7265.091910300367,96.79709060957387,3,0.6103493911527296
3966,32240.542283317376,7520.383467746104,71.13369446330046,5,0.10123849219688996
3967,14057.2812870854,7708.30922021694,98.37176598320467,3,0.952956480554737
3968,36743.45850251892,6315.751918472624,89.6766244332195,3,0.6739479529901926
3969,44635.35805991787,5217.31911179633,96.32441205941376,4,0.9397873378404359
3970,39687.03677384388,5264.65393549733,89.56074577723881,2,0.8563942276075724
3971,10506.297240495505,6160.783226507044,94.90321961421618,5,0.7534391450028133
3972,51296.67665379616,5979.309587720691,67.50810173146486,4,0.5590524584065502
3973,5690.69361651388,5275.768737503012,96.93162314754255,3,0.04193666161150433
3974,57542.17595495333,5766.139532157333,99.17685881800409,4,0.583453393656493
3975,9989.572658086376,6966.57185360234,68.65852086879305,4,0.9399572429454097
3976,15830.870966417759,6720.982444723257,93.57492578321956,3,0.23050928625638922
3977,5357.182806797875,5237.518725426358,70.1834513916153,3,0.21731246816557692
3978,6163.0795340468485,6433.922666323494,93.66385834576792,5,0.07669765856399358
3979,31025.397514668846,5399.403520821232,87.99312662931543,5,0.8194682803973292
3980,26025.611588429714,4148.858069297194,96.67179756244343,1,0.36523653742853646
3981,17714.06574853877,,96.14293832992395,1,0.04104540931250267
3982,23806.886764779072,5160.97656668671,93.31914989400846,3,0.6674872811079315
3983,27014.873539687105,7404.4718182639335,87.7224155721779,3,0.4034641329744473
3984,9749.66074885854,6364.395893078259,98.1233511044609,5,0.1732335651711987
3985,5562.878499551471,5372.713849883304,83.28415492618313,4,0.22651767213580054
3986,12980.881699704481,4447.593808809224,98.92769754685304,5,0.570221806329185
3987,22969.543885815932,4838.280290123039,96.9675636326717,4,0.03838765617007012
3988,39518.165873761136,8511.466203464523,96.8682023300498,1,0.20316558203861146
3989,43773.57385353538,5882.104748993321,95.55714067025922,5,0.02315285267265177
3990,13174.835072970585,4842.300668799108,82.3770866850711,5,0.8870961372830166
3991,65887.89622756833,6360.369619598284,99.74513811100297,3,0.3165133159672733
3992,36034.63081163335,6615.233588216519,96.37981352977421,3,0.6928151426015418
3993,7682.964728126306,4079.1713606773687,89.92861758161547,4,0.24995289633450524
3994,89624.00353375444,4573.232725880023,89.37883707237084,5,0.9596484237498853
3995,24355.092647585272,6133.458181833728,92.9990005333987,3,0.25138265741831234
3996,54146.52558413043,5891.138480654837,98.40067483708683,2,0.1991726067153755
3997,16685.895243378927,4569.123644183721,89.83786350594227,3,0.36216615971620514
3998,56336.25896193841,6956.276971210904,98.88477941952144,1,0.3191680156062384
3999,8350.50617228192,,83.03515044567627,2,0.4037904016775248
4000,38368.15638628816,6562.018822755821,96.4978495383475,3,0.8575057259723823
4001,8460.14133383605,6763.994949796871,55.508826753306295,4,0.459759752420445
4002,18305.57677431852,5288.492588685362,96.15138634675213,3,0.7209604662195921
4003,8453.76971092824,6565.285685088627,99.58989201088669,1,0.6019406869030846
4004,14428.984457277205,5492.533642426258,96.96737393863403,5,0.31229502570882917
4005,21653.82104999518,6995.9026532519865,79.39044462657245,2,0.23429849334807873
4006,26346.576264841246,6432.785725484365,99.20886341271236,2,0.6910427474303789
4007,35328.04841842188,8214.826989371464,70.41364962117407,3,0.4775592454202554
4008,12196.315664330356,,70.15753431409615,3,0.02476876328546118
4009,89666.14988648766,5531.570953279329,90.57001368205759,5,0.18983539898311386
4010,11162.937158544766,5972.846157494267,95.30299673620873,2,0.5717813242597636
4011,14668.96220506657,7118.699614077876,84.86516491870539,4,0.7032957837194246
4012,44562.20694472329,4247.687830867792,95.95093958787506,4,0.17211922192600027
4013,39475.67474574623,5675.026727978026,87.19577053551326,4,0.7213960404479014
4014,48777.479721004165,,99.2242334912969,4,0.3008602987996699
4015,17845.95568893297,4269.4265615614395,91.67049757022559,4,0.5253115841835857
4016,16673.07826748449,7374.162877737869,79.93599189790469,4,0.02538489944946798
4017,6281.29144837549,4599.75872430024,94.76512402268732,4,0.3173520197178278
4018,13126.885269538087,5482.591944318902,82.76125338253749,4,0.07654673205286378
4019,25333.530684195615,6500.912064544435,94.48654032659793,5,0.35103911854971037
4020,12763.271378733207,4367.114060788851,79.24689758906322,4,0.7843096713192595
4021,37329.92689195441,6728.085031520904,77.12192856825271,1,0.6397189568784926
4022,43400.50397479147,7567.624667858384,89.5975040448148,2,0.03465273121522838
4023,43991.85913808095,6197.963216533126,78.18106522171118,2,0.9845947470002232
4024,47104.91315384697,7240.8896878509295,87.94302777965682,5,0.20225951171588963
4025,8046.449232597881,6763.46091441841,97.0758499919158,2,0.9676505938117851
4026,17831.664997449905,7393.024596453887,96.1221186439434,4,0.39132947343557933
4027,28761.003182225886,7850.195257729545,89.95766328391058,1,0.32788389811574115
4028,48269.85495626111,7345.985956063203,92.66842314593188,3,0.8731928649170687
4029,57615.30461680866,5900.773442146697,93.81862027912071,1,0.9637986000119226
4030,7473.242334248742,4798.85311040241,94.48393399335137,3,0.04682065058491336
4031,45936.71158209606,,71.72138607353926,3,0.6099505221327901
4032,7697.973350298378,5034.543859564174,68.77334192561982,2,0.7928032457972116
4033,9054.189822724804,6175.2776554137545,94.95232959017476,3,0.3652191935660719
4034,20559.821422549485,5024.8190143262,91.68625461299122,4,0.3967254415439615
4035,15547.367389521534,,93.97571126401864,2,0.8480265716185544
4036,43819.6031556295,6192.327319147327,92.10363829954453,2,0.9627298618195357
4037,25689.27689758781,5033.27543555619,97.28437406040597,3,0.8910934737631907
4038,133364.06658162185,6673.702468504359,85.03111011849276,4,0.3748406608490147
4039,14534.719843598323,6715.111064404771,79.10572480143904,1,0.313301596252776
4040,24991.203944593402,6980.743025730447,99.81051751984324,4,0.7609593788343991
4041,26675.39778022321,4781.1276757665955,98.81987810677377,4,0.13635742339402568
4042,24015.26826924092,4919.1700674042095,94.83281482492973,3,0.4328397898709535
4043,135709.71824892104,6014.091514786149,93.54331138335242,2,0.1571698617684506
4044,59691.76684683528,,70.36662182087976,4,0.3956497808712577
4045,31219.78910959133,5988.555876069511,91.41314260869127,2,0.7575885882521887
4046,31736.4872875273,7815.646333817116,82.63725339194366,5,0.2226593683205681
4047,21449.601822923752,6808.706360986301,96.57352696407064,2,0.8846136749361313
4048,38307.808851321424,6267.045689341087,92.37292850020637,2,0.42930796310330854
4049,92365.71496997096,5903.97387301404,95.83407280783372,2,0.8310126718178099
4050,21957.766300633008,5118.200494361978,74.82118671096352,4,0.15258173254694074
4051,15502.80115880298,9846.620107605806,93.30099215952879,4,0.696224808707352
4052,27207.494792277535,6250.923387008456,72.1784548922962,4,0.915370528306186
4053,33763.09209220204,6017.171962590149,92.0474266837654,2,0.21990225994330892
4054,28163.76591353789,6258.10339683247,80.82372960030146,4,0.042795589861610805
4055,30021.485475046444,6124.391149555846,94.70886982903936,3,0.06371807725331546
4056,17636.173573209453,6261.226606463809,97.39812760038222,2,0.7027365139676026
4057,9820.180447456496,5500.805816646453,87.81736569041426,5,0.13601832248658974
4058,7314.097757680677,5442.643460886045,77.6442532306678,3,0.9912850566095848
4059,31138.57167660828,6682.145950856413,92.44898207242979,4,0.9954074914108534
4060,7703.327282988215,6780.536393914178,98.39523560413242,3,0.49945488924156356
4061,8388.735107538227,5701.363605299497,83.44910583884746,2,0.05119037106497826
4062,30250.88412275432,6855.739815999411,97.30233631288299,3,0.44045748658933304
4063,28815.245229385655,6138.759262359117,98.91091338653347,3,0.9281366794255674
4064,19153.63851388183,6185.610398326637,89.33318581291478,4,0.0041232505679820175
4065,17212.876734383317,6042.087657264035,82.95480058248839,2,0.8900181829227399
4066,7576.874590979896,4881.012134872051,91.35727206402659,2,0.33115114790743516
4067,17050.224028156554,4666.016650113966,85.18224699321456,2,0.8840916928320359
4068,5269.382052585289,4926.32693155979,97.84928031665828,2,0.36055062034728913
4069,23282.170109019826,4586.628728566102,79.16100660278312,4,0.36639571690682105
4070,29247.240352908702,,64.18370598295103,2,0.09893401563220283
4071,14481.85759616614,5911.84949066646,94.19778246024421,2,0.41486197406070835
4072,16151.836907983416,5750.239991779816,64.80312565697605,2,0.6014080113194884
4073,25715.710886092453,4668.788161528024,85.76736289996578,1,0.8509675191258621
4074,35998.256451754685,6333.378119211552,95.49935529053714,4,0.9409748563902217
4075,19433.341450700438,5084.158218176519,95.27745502526874,1,0.6183466488095366
4076,18498.04377900169,5571.156546599971,73.57464901809252,4,0.15884186716933513
4077,91348.918329534,7821.236152786665,97.82356113960579,3,0.21196951697471256
4078,33038.74971658331,7120.208891275928,71.05973446643384,3,0.5533976274078675
4079,6213.714245740319,6338.47095775429,95.9965254760916,3,0.654522733435061
4080,50944.200901976204,6512.714273704227,78.85015497657739,5,0.26651973187293454
4081,19155.574796219844,6746.491747856331,77.79018416092926,3,0.2628874823714783
4082,40553.52556426371,6611.812874363046,99.33654318912227,3,0.173700666696872
4083,38048.68141293304,4831.8041842229295,83.25048063085035,4,0.4689048182048372
4084,11476.1163808948,5604.809693954335,79.10994657685806,5,0.5257546304792258
4085,61292.12228122417,,91.19822559932608,2,0.8417318414966841
4086,12579.282483444378,6100.521821563932,96.87832222499875,3,0.14448810505187615
4087,45781.33450671396,7096.661608647994,91.03580888192732,2,0.494121379676138
4088,28541.814328030712,7095.262686344514,99.94728885688585,2,0.5460627378774556
4089,29311.13891938788,4738.64659519095,99.65480961831614,1,0.027795538251196183
4090,90429.01701909605,5416.511641095221,81.09638367761144,1,0.5820142999492187
4091,43165.33143386439,5631.254179348005,98.6686144158543,1,0.9032955966587545
4092,18318.39567953693,4288.164484908492,79.3956446328943,3,0.6864619473035443
4093,5791.423297868453,6246.172134871398,84.3964541781954,4,0.11022068487334613
4094,9330.582205511048,4187.864038346904,95.96895043012876,1,0.12378623247351395
4095,22177.972607613672,7993.908608536979,95.33673086049144,3,0.1761574892653608
4096,39565.32933978466,6861.793338220876,86.53466561511276,3,0.49251149793948934
4097,8632.9794755636,8811.34216673465,97.97450112548461,2,0.18663774410369716
4098,5572.190405828429,6804.435275083037,81.25680514824461,4,0.33231228817268577
4099,50211.05598732255,,67.12979834085084,4,0.5760401920952891
4100,150910.87114095336,7183.40120586598,96.39352637325001,3,0.266639706406109
4101,13101.002921420648,4907.959197212474,97.35334740428094,2,0.9646990632604359
4102,25694.709090047887,7015.859347351501,68.8196406055664,4,0.9581243398857902
4103,31049.15838344197,5210.6444914725,92.40500647073223,3,0.16875686842517557
4104,29687.46066882814,6103.604748433318,93.88472374381375,3,0.20003809041023068
4105,38597.622992636825,5863.011116183714,95.0163656699202,2,0.013796056454300931
4106,12496.910505234577,5795.532718976299,97.0387896493539,3,0.0443629616967508
4107,29593.789143675018,6374.216065877268,99.55112868733245,3,0.5470994484941547
4108,71127.34312157113,6416.5065446631315,96.56008786460664,1,0.6338385631936371
4109,42166.85027602572,6553.67623943543,93.84308924327084,3,0.8263079863503123
4110,22491.403150263905,5946.48027217049,97.94777154388794,5,0.1377173980628562
4111,6071.617384410367,5984.29577548994,98.04346431195384,3,0.6889631721548208
4112,38844.72030214823,6731.716857620027,80.56182363751569,1,0.12569601573257372
4113,15541.634688000093,7196.22393667639,99.07131763515251,2,0.13304569132818111
4114,11662.673926084044,5625.802984675689,90.92598349064748,3,0.5014526384129672
4115,10277.642946735032,5599.6474175908,74.93809980039727,3,0.679577585935586
4116,21762.405870077,5239.888281417137,69.15324652565906,2,0.6263858836975862
4117,6925.100214862475,6918.4786440964845,92.40239319951488,2,0.9031342159002468
4118,29706.229512602287,5751.309150004105,86.48600293904373,2,0.19915734851267575
4119,9151.295181591115,6191.958429952658,97.11850209149716,3,0.6518977359174882
4120,17022.764126845897,6406.933250217839,93.15668067311167,2,0.18186868362485964
4121,79469.82651691271,6403.093931443388,94.24503682018054,2,0.44536752734369267
4122,7015.933900039124,8376.116437444554,96.34397796883371,3,0.7553345104389386
4123,16389.212128698746,5963.074600658952,97.4741090715124,4,0.24540740330286692
4124,6809.43937979451,7921.561443449312,96.01197506158485,2,0.8925512466782853
4125,15048.727434831426,,63.159436641056665,5,0.16699991703100248
4126,85256.89875618946,6555.132387312937,95.28883372476064,4,0.2434364443685021
4127,26594.633406340963,6792.492830780436,87.10855108487029,3,0.5503899740616662
4128,21170.203297973134,7282.486825494943,88.70070468074573,4,0.1987970142906822
4129,78578.6832823624,4792.588792647367,92.46205259059529,4,0.5974619312880548
4130,53826.622853632725,8086.666087601096,98.02991197589087,1,0.35314828230838957
4131,28739.601167244306,6843.839069821152,83.64411855919019,4,0.4114322057906682
4132,50634.94448417763,5021.6735069466495,95.21077385282449,1,0.17708871108492097
4133,14843.166867860926,,94.09420397796168,2,0.698213072542706
4134,35470.567140887055,4277.02230624416,95.29667499338716,4,0.11634522755300203
4135,15848.882010209092,7485.39460566211,83.91059540760935,3,0.13124038046848974
4136,15807.77738300483,6259.086558850944,70.22391779790819,3,0.48559351147101704
4137,38653.214437513154,7204.366113229701,97.14096534476845,4,0.0068421384791549356
4138,5141.654935499599,4452.735002332898,95.92314273602652,5,0.1983217019581892
4139,33713.237481164615,7658.203166828664,85.8715418259997,1,0.33932398807560016
4140,7760.6937767929485,7145.711763702268,95.27369454574541,4,0.500987392947734
4141,14973.043333537167,6920.197969380935,93.48830281555615,4,0.14349527779075633
4142,58603.97491879974,6470.620667637727,97.31648135495793,2,0.7045195374377397
4143,32740.02318607038,6434.00451200943,85.24740651276115,1,0.15021195626263584
4144,80248.15672929937,6596.484043465207,84.94540252052727,3,0.82194299330442
4145,67396.5398059168,7898.002104367564,81.10539395968203,3,0.9072487801799651
4146,15879.046673795943,5084.652039682573,93.37376021557526,3,0.0721110561960584
4147,16621.731554063757,6022.096584857185,84.24523283945913,2,0.7116487978942333
4148,26959.531483564897,8859.289306025814,95.97452982407046,4,0.16318986130355362
4149,12247.31110529347,7569.942688206843,96.25592934723834,3,0.09731922253725611
4150,23074.793422706756,5018.702845556294,94.84635349575748,2,0.8899763624945949
4151,36784.75666255646,5499.856312664548,77.84787023886724,3,0.6201427926471641
4152,36984.15639015642,7798.169213054294,95.1973640443004,3,0.20248489828252236
4153,27284.305996809348,5253.405844373981,80.44690879341492,3,0.72818903298434
4154,10869.332135374565,4996.667667103624,96.35059379749144,3,0.00212181533240019
4155,26321.63800574276,5804.361004998639,79.02823160202475,3,0.12364043048203566
4156,8549.96707532261,6324.278409253682,96.11808239025416,4,0.4299392805696163
4157,41659.32542294823,5455.742135683178,89.23853677656152,3,0.45799404477714467
4158,15306.589263338752,5682.304676968922,90.59547760659564,3,0.09894313683600109
4159,70000.92758694106,6115.704605735365,98.64282793054778,2,0.5331474682498104
4160,23618.143706618986,5693.848424995761,87.70682355227373,3,0.86413620084334
4161,62488.265835391714,7677.176860402938,65.691503523428,5,0.5614958794503286
4162,29197.31587931535,5642.12282479673,86.10454713377351,4,0.6812177326813319
4163,32443.304274730683,7099.678331375848,80.33824715400306,3,0.06508143842800185
4164,62281.60324093102,7217.864298732201,65.17197010267371,4,0.9564231019555071
4165,17069.991015019557,4650.937574643852,93.571916816432,4,0.8910764288413205
4166,11758.252951071689,5625.33612957771,92.53398440593675,2,0.15528465729949792
4167,33314.815016868844,6809.100560801668,84.32560202850937,2,0.44891403848556044
4168,7102.056189971183,7274.213977072741,79.88175080738475,2,0.4135434060252958
4169,14424.81315448214,8581.468535612667,64.79119877037752,2,0.9108659161957203
4170,22847.056751543318,7162.243613721518,83.68919988860588,5,0.7324101846803308
4171,25772.787257780717,7113.7096521345775,91.94688726050664,1,0.24214810048641877
4172,48745.974561398885,4250.587971353547,98.55869946561813,3,0.875154544103478
4173,37655.009626432264,7261.695909848182,83.35258670146924,4,0.44974083132324305
4174,14102.994884531618,5831.65977523145,80.06949880787893,2,0.5116440421897426
4175,32647.59923343113,4775.358651414087,98.20746199355843,3,0.23039425961636095
4176,10476.054450537187,5957.632782283211,98.59723723448894,3,0.24450375237252275
4177,74711.40831471804,4992.565377546751,94.5518801738434,3,0.7861925911743445
4178,37208.09400827547,7594.610331311078,84.34532258188052,5,0.9171816237214584
4179,40408.01866141149,5356.025294155106,89.97186478870177,3,0.5696215949740442
4180,33795.91471339882,4637.553276145143,87.88638521674834,5,0.03283755665631505
4181,14011.755148833116,5953.6536264975075,99.39266316412845,4,0.8343448950893527
4182,15344.421782811365,5758.581540982687,91.2815617537705,2,0.6804218109642918
4183,48856.81537023056,6724.001896406547,96.62786488928771,4,0.6383741635583603
4184,5811.501302455201,4868.892814753804,87.94485969822983,4,0.5830402145045376
4185,16678.023244559743,7164.029561166976,95.75990590489253,2,0.855178507707827
4186,48956.68646049303,6803.9139894733025,75.2906695116701,3,0.8052658063356083
4187,48560.857096145715,5963.0336400491315,98.4543975855667,3,0.6877960810616784
4188,8693.82065087745,6892.026515273233,86.20057582389606,1,0.12787218539032952
4189,10182.273550631013,6718.121696287689,97.50955407547058,5,0.08166758315975198
4190,12447.488011444213,7434.796166462793,71.18655235035006,3,0.8814551736007024
4191,7750.139714379299,7336.426633577721,80.29960718790645,3,0.8969754765688803
4192,19748.71624810468,8116.2103152922155,97.55708554849491,2,0.6508316713443282
4193,26161.474489231416,6128.828223490536,87.5915815292776,3,0.1401478784469642
4194,8919.859563341444,6200.991444443133,87.46612274678215,3,0.816538941995258
4195,53823.55108766301,6215.738273313056,99.85602274685928,2,0.1216754943704692
4196,32313.95674638225,5187.288659929985,95.25152938547947,4,0.13575439082734864
4197,36428.79456321802,5970.394634779587,96.08169298660391,2,0.711220844332302
4198,35217.55810408941,,87.28088647860874,1,0.1936863848967163
4199,14690.141491540542,5088.170602330845,82.31022308285539,3,0.7945300950696657
4200,10310.644789538124,4339.2537422403575,92.16159030190279,3,0.1564614842016745
4201,22255.085082190955,4839.078736240117,97.04733790624613,3,0.39942615766562783
4202,46088.366287838006,6093.91819023313,97.96272173557267,4,0.5383724799509609
4203,12129.685801516302,6050.358010621842,92.64609569819604,3,0.22959077519101412
4204,37004.464107671076,4963.157055134239,95.33161971627155,4,0.3871468015505549
4205,5120.056405319993,7021.937590830523,89.78252748068917,3,0.36859478614945496
4206,20450.072371775008,4688.244087355586,97.79159055259976,4,0.8493840749788606
4207,65626.625267369,9570.761839647146,92.51773207359756,3,0.9551644070756091
4208,8673.663269718945,5208.450031077494,93.68700092764433,3,0.4792045970998524
4209,51687.2200593956,6773.305256659859,99.96481246957345,4,0.04368382473904897
4210,19816.99320511607,8546.92209854586,59.474316456975714,3,0.7667515335493583
4211,45602.36637444872,5249.782457981464,95.74343367193056,5,0.18987105662302894
4212,93304.45667240053,5167.682822066706,93.96772288727887,2,0.5415432768210007
4213,33780.98177014431,,89.80528077891323,3,0.937790572644722
4214,12030.887693044526,7300.033329529931,78.76328583856831,5,0.0966547055495438
4215,5267.155072078528,9292.928468486172,84.6744682515066,2,0.9527281764664933
4216,6652.688044939259,6106.304545560987,97.9426025156132,2,0.9996645808606714
4217,20504.860030912252,6387.038060317343,82.17986227964677,5,0.5173604412818199
4218,7616.938973416691,5527.408228931229,96.29100521079512,2,0.24049062046918634
4219,64638.698621940086,4952.741193618707,98.1305391503673,4,0.8472937360814672
4220,28505.542654887508,5975.6522161931,86.70236506119119,4,0.7153721551548384
4221,24383.24849426219,4712.5785159384195,96.57607089815095,3,0.029736182633338437
4222,58681.49265311881,6752.269247585612,90.56260217572213,3,0.9633965361438155
4223,9474.744044456496,5729.096701845829,99.82444355392946,3,0.4714499007436551
4224,8008.4936129724765,7736.562494243542,86.97623295110192,4,0.5271637956665934
4225,48179.75088979945,6198.87301963444,87.74198309809515,1,0.9920555436238364
4226,29174.835320912407,6543.343826475953,95.88925621404238,4,0.6407618368355786
4227,20279.889178817546,4303.152149163876,87.47221110407355,1,0.8059362631563165
4228,19052.68566245852,7206.520869356618,97.9777992939457,2,0.41169658251052
4229,34116.895080915274,4319.34466634331,95.04103459841738,5,0.023819443902681536
4230,17875.998425091715,7042.064731757035,99.93045362300641,1,0.6449590713257947
4231,9637.748589042458,6836.615390920431,90.20816171132483,1,0.48147217389101016
4232,20688.81380646018,5379.086419662626,95.8435578786729,3,0.024075985835577685
4233,31053.92140086425,6205.860029478073,96.23406669971503,3,0.3371925900286523
4234,95473.12356746505,5108.515127467306,99.70664746916844,3,0.8634730367529577
4235,46599.71992822053,7586.465172155876,57.074020228074,1,0.8859527356282066
4236,38522.889051410646,7554.574841952559,98.91762537636257,3,0.5837267859976927
4237,12610.445046265286,7728.567317823288,58.391834861823135,2,0.5321430713907772
4238,83863.62162932138,6774.208471988659,82.75369220348207,5,0.622209655091136
4239,11445.808062104952,5377.069172442114,83.55701974456854,1,0.37935372698906045
4240,47827.35812070482,,93.90037527454236,3,0.5710524433726709
4241,33572.205978757294,5693.409205256395,83.7917449930064,3,0.42975322618716927
4242,15059.731137314537,5054.584662320083,94.56352611414201,3,0.1166687191804624
4243,20471.13904717649,,91.61582634662557,2,0.3857614231063835
4244,79447.62210032866,6943.6535518146,81.42213845756712,2,0.08133371503934395
4245,11582.684508470415,6259.188260989043,94.62835314227138,3,0.6251678572813659
4246,32772.89806299045,5165.205428297145,91.70153021204408,2,0.7056338272490541
4247,71524.56061095562,5113.750234444356,84.91590068904158,3,0.3597719864243272
4248,29684.069897729434,6270.808561088017,64.55949297205778,5,0.596365209380228
4249,66479.53054686182,6004.48356425237,59.94169341276604,3,0.8147849288160773
4250,13992.069620511851,6721.328812346474,99.04215985289736,1,0.9463712873956082
4251,44266.35676171485,6224.633419211675,97.64337456231513,3,0.6119376024405487
4252,10979.612202436756,4057.0240885373896,78.23041325647921,1,0.43976044685316207
4253,5904.375060475111,6535.968305585079,97.94685360199549,5,0.08864229301672677
4254,10900.461659411383,5296.907240968469,93.36362606132369,2,0.4664321385885696
4255,23648.82729050747,5340.664969267836,98.8350229449963,5,0.6023485663677639
4256,37135.62533456979,6713.360853997122,87.25501910864642,3,0.3256935410898484
4257,21622.392222623046,5734.858603582503,97.59260922552959,2,0.3094446300466539
4258,18300.474607985387,6097.910475827389,94.87010506995556,2,0.5738258822444791
4259,35936.3724331955,6038.442612209725,81.31343781965526,2,0.1927217959983354
4260,9035.972372010616,7130.285066579629,99.12905574717182,3,0.09508977218242043
4261,36952.40532751114,6665.073590966291,77.24587159820902,4,0.2786551395124579
4262,61039.68062992428,6759.4698254909445,89.00531738472695,3,0.12493022970093248
4263,18899.128644039323,5168.37002546681,90.34661343381526,3,0.4287005405072548
4264,8593.323119456318,7163.450550658332,87.21765256503787,2,0.5219874694945081
4265,5612.927693944065,6973.9109862826335,98.29295697855723,3,0.9610043283537621
4266,44651.73004985531,6472.922574959267,96.60948834423742,1,0.04278665371884227
4267,46286.0651515853,4608.925423196773,97.70403817371567,1,0.04572574163028198
4268,55159.460798808075,4970.546119528852,95.62477494290175,3,0.591338984619353
4269,20801.642489101625,4660.71031564576,94.50788720643472,4,0.7081617517411029
4270,20256.484170231422,7274.555660378655,76.24326691083562,2,0.6382208197467389
4271,21488.723747004937,6721.244094377885,87.16031808968755,3,0.894172609200629
4272,38998.64508909315,6357.962217715266,68.20081131131947,3,0.7060622161839519
4273,49407.94637256274,4790.130848913097,86.65536718904151,3,0.5000467757135114
4274,54159.003334152636,8594.915199064853,89.1198434174434,2,0.8672461757576292
4275,26549.763034868683,6461.409516572132,82.24082356811715,3,0.9454121843410758
4276,61054.14786096877,4989.473093184138,83.47729904304802,2,0.8966696360863451
4277,15300.39257486573,5908.32828140194,94.14635241053792,3,0.9793261454771353
4278,13386.829690943658,6503.33462471324,87.2631367557379,4,0.8892012978715328
4279,8416.226422346816,4816.825398308418,94.66133464417702,4,0.4183716940152503
4280,28186.172640006407,,98.9135751578693,3,0.7430126125547917
4281,23467.435877678996,5215.843694043686,69.21557853800367,3,0.7505057862049729
4282,21627.865353785044,5113.500100201613,96.5825669798538,3,0.7617702044551172
4283,22059.552877364637,6431.649795026748,96.15830232147408,2,0.5555753022460858
4284,13356.343574993363,5318.337889564365,96.1203601543918,4,0.8786840752229029
4285,9855.220217775797,6858.736708675558,88.11836376389411,2,0.1464008232023155
4286,6699.693589584669,6371.904254801331,94.13222917046815,3,0.03743486521445327
4287,6035.301809693982,7171.773803561811,92.55316104242794,3,0.17025402781965704
4288,19901.8689679405,6128.426570300792,90.93555179695004,2,0.5264094400481151
4289,37468.738151623314,6716.495655262914,99.90623224994563,1,0.17486018180974794
4290,45088.22918269375,7021.724000645444,96.34179594899655,2,0.2515427577537275
4291,51086.91446213731,7498.704575212321,95.71935937355909,4,0.6028040447726984
4292,12783.181475797575,6693.494201266067,98.35762514574826,4,0.82085015760574
4293,19465.45503564293,6797.036809857313,64.04382409378279,2,0.9377583319111277
4294,14038.807184333878,6138.075969799112,98.35347806577907,4,0.07227856622029605
4295,10769.35136772035,8398.68333599565,99.7347634513375,5,0.4417953467602812
4296,9835.373644800036,8121.15474441216,51.84612382990969,1,0.024901651767290534
4297,42689.19425109321,5563.906965131811,64.91453325694056,3,0.3685788010258473
4298,17380.25272494523,6090.206574839856,98.18893249804754,3,0.44659743333745094
4299,32104.343273991566,5243.145214352004,79.91828661447975,3,0.14830386931655648
4300,23258.31916635007,5996.989379739424,72.4102122248222,3,0.531288746140069
4301,15145.659085751931,6153.440580246558,99.84600689575208,3,0.3095394632943247
4302,9923.847692236493,5272.452840355594,98.41632234435113,2,0.7637154255981246
4303,14161.12482451128,5739.4502633022985,79.59962931360529,4,0.14774013615086012
4304,12239.743222491428,7044.48854309864,95.65116564094865,2,0.0869660524825161
4305,35067.075490574396,5510.997849399841,87.407271405166,4,0.9682430800555224
4306,42155.77066042475,9534.013028649428,91.87123601356278,2,0.13960766010569636
4307,15015.524926425653,5643.921509104651,94.17838888814622,3,0.9736313508138059
4308,24500.143581446362,5857.043814590408,99.17496831939293,3,0.14818015718556365
4309,55340.054928123114,5804.664455588413,93.47695088061329,3,0.6213748011232967
4310,7150.471535459219,6638.187801704862,97.98828192513892,3,0.1163656999659044
4311,33790.76981425687,7726.149692915881,96.94182699048984,4,0.6808640662740011
4312,86445.76127480676,5405.836610593828,97.95381305961178,3,0.7479346721073193
4313,22123.500566594998,6320.302472138732,83.50330607270801,1,0.27599319644568754
4314,28746.678263049696,6066.13804065517,87.13531950230572,2,0.5666948931735111
4315,46942.26771740803,5289.804162920004,82.34949119674474,5,0.1330649341687793
4316,9726.32576912675,6139.486295783051,84.93190661055885,3,0.27796701146758596
4317,16159.245640232488,5220.135320272996,98.74262782054114,5,0.10896953736525228
4318,7212.26341765582,5020.1909124195945,89.66291520722565,3,0.6326506129812194
4319,48802.734455021186,7479.787879446538,90.18297918034925,5,0.20413234702198813
4320,127611.38302522677,,85.85429348356132,4,0.40648587427874805
4321,12054.816618326495,5264.497995439806,91.92913564908187,4,0.7354383838423956
4322,5083.146949153579,4306.755984303701,66.31132945307814,4,0.712848571142186
4323,8118.019443044448,5256.307925230317,74.3023525481793,2,0.44132645515797286
4324,63991.54469563221,5728.600728070402,99.44413156015516,3,0.9752021067202514
4325,78283.80318434341,6859.884537202619,89.00999532643274,5,0.28096142008789005
4326,47637.30477284385,5323.384965581878,98.07617570459838,4,0.004460085541341363
4327,16317.647341428648,5675.607105847189,99.45786497444547,1,0.5557594969917034
4328,15920.44314020722,4936.39839190074,85.47353836348616,4,0.7053224175566869
4329,42124.80401706271,7162.373834036759,96.43531576751685,3,0.43808787277986105
4330,22709.646575911003,,73.32568198066691,1,0.737892967718031
4331,26905.92612851188,6131.833799469849,96.65009610011622,3,0.09486066077553346
4332,7964.952875140825,8212.476850938641,70.79597879241723,2,0.3114057374715453
4333,34544.24529775962,9466.275568361674,91.87586106379402,1,0.670546965138013
4334,79869.1438081376,5413.449471247946,93.52603273762672,2,0.6883574437727551
4335,19556.977347470303,6408.430613359544,91.43000519770985,3,0.1956891326368374
4336,14107.740788241987,,79.55242560535594,3,0.6309169451828882
4337,25322.999983095575,6469.141523815155,95.75013722440002,3,0.9648466556439186
4338,22736.521052821347,7091.147328682962,94.37419711367042,3,0.070552809573585
4339,31129.954393747856,5351.304907528793,97.0194189582685,1,0.16339793380210887
4340,15955.44947252623,4228.617245096622,65.51541750188274,5,0.20384512762703344
4341,6942.163626539651,5743.012166055224,79.89514944283246,4,0.12568084694780668
4342,73616.60072371105,6544.6133687238635,81.16841603208802,2,0.11113167266863422
4343,30650.089073554987,5109.245589193302,88.342227588018,2,0.5217401893623981
4344,11244.114397936053,5706.2712314908285,98.62253139362042,3,0.6928881368845164
4345,30114.84818204649,5177.098890388091,98.17333937862074,2,0.6028139702630819
4346,14335.682416644771,7608.708502286787,92.9235975562206,4,0.7472111616419266
4347,29510.5487582158,6984.290377382689,88.58356211878444,2,0.4234126783234776
4348,59539.205805432655,8616.050841222577,95.62265705906037,2,0.2570496910227277
4349,6266.706797296471,5199.133780956833,96.4259239467858,5,0.05668067768358187
4350,14885.741147248393,4674.044549681294,85.57223332476566,5,0.9185719262013603
4351,10727.60538384808,6969.144668603642,91.28595237791059,5,0.6791273260649313
4352,11746.982618883463,,86.74696752100718,3,0.36292135247528534
4353,73367.86681713701,6128.413682446295,94.63470362901046,2,0.3633826256909414
4354,16984.701008734963,4419.072619917122,92.25910363040765,3,0.13565067935806763
4355,16512.441751129707,4500.226393140227,89.39007639407772,5,0.530872980048972
4356,14438.520016270702,6331.57523496718,89.00172176681548,2,0.5897235212452763
4357,9418.107597820563,4352.879645702965,88.67044420401594,1,0.5002250223423892
4358,8832.341970543222,5773.748366349493,98.95638267098656,3,0.1446384269703579
4359,51093.409841894136,5926.312665304688,87.62107588665171,4,0.44780694307991176
4360,32814.70114421227,5150.597988302651,96.49645390254793,3,0.6450859807400292
4361,57383.09906302546,6036.663773578775,97.62248234464876,3,0.624397904663722
4362,18249.954650959924,6721.76607996791,87.16670827826555,4,0.06928898210995837
4363,5433.041423612908,5744.058375249939,68.89414545128517,3,0.8415983161602049
4364,48673.38256043657,5061.251058577244,98.60720845751186,4,0.8337450669144527
4365,17256.59212127725,4948.7909600239345,92.18204518934351,3,0.4574292925263641
4366,22217.422426541594,5628.777134195454,94.89855480619386,3,0.10329742831741495
4367,9974.731999873804,5579.018128313055,82.72358691579086,4,0.7236531272221391
4368,11667.916762366007,5054.45256560983,98.9412843372562,5,0.2805292916397579
4369,6370.272288910787,6825.204384506083,97.67484349117782,5,0.9926527402576406
4370,31123.860130455447,6761.778816838971,92.71532176727027,4,0.8931362994912689
4371,12982.135363170853,7222.234203241252,85.7298705838728,4,0.19950326357765602
4372,41611.31500099337,5683.963844806247,87.02660315113332,1,0.4954357505369802
4373,19300.509136111425,4929.677381367334,91.85447240022026,3,0.05158190303427235
4374,22362.876383377366,5847.693930342743,81.30806178980444,2,0.19068853768500982
4375,12125.326339616426,5763.068124100487,83.554211702971,3,0.022935578171848325
4376,33026.38088072834,6046.105301299441,88.7092753043018,3,0.7038328161623006
4377,49034.384694385866,7871.683085356535,97.31164509997396,2,0.2169490717355569
4378,20708.391043732678,7013.682783000479,93.33796232949256,3,0.1460701064056843
4379,35943.960550008174,6789.288548957073,79.72995025763471,4,0.36349840355186647
4380,13634.992120230036,5664.95606547959,97.57183677953132,3,0.45099854585237686
4381,24816.12573640053,9811.906718385402,80.7700452989743,5,0.17301518181575104
4382,99148.51063762003,6775.709447522172,84.48480080860725,3,0.975717340132416
4383,5751.271053424933,7169.16887353436,91.99830372105512,1,0.6537291250990317
4384,63842.57567892732,9750.61526864726,83.73456203280196,3,0.10295322053461375
4385,40754.2378623955,7625.991620341699,99.43647484402925,3,0.46350128821377257
4386,9230.535219395828,6305.659771415357,91.22459337209915,4,0.36212898919360303
4387,22468.39229666633,6917.570580178615,98.78319320752308,3,0.005487672304848368
4388,26696.116002627994,6697.5107436548105,79.54079369592587,3,0.8271504904237263
4389,19019.75184758352,6629.781139295709,88.31481459713024,2,0.3857655214491632
4390,21411.130661763043,6573.961325488802,83.16962735237749,3,0.45113339549115217
4391,6568.551830858052,6078.591364170681,89.02447272444277,2,0.7167978588945324
4392,71897.90257781997,6427.417710327219,92.4479288845023,3,0.7522126732061345
4393,40277.87573010448,8815.333567149526,95.40650412680252,1,0.05126730062388951
4394,12367.732495662794,5872.250590573187,93.30967899637817,3,0.3498568337743565
4395,22554.144861918965,6457.474202130792,89.4807254823415,3,0.22602341551476013
4396,36667.85312549546,,93.2775673225462,3,0.9410744612724217
4397,32731.332256782243,,92.3013529389484,1,0.5675899929942345
4398,8815.468752046629,7439.433952514888,97.30490004072084,1,0.4741703779614903
4399,7066.805560251244,,83.7540168369932,1,0.44036813427009736
4400,83518.8289100909,7887.510594489029,89.1489674168391,4,0.8497922485736384
4401,6203.407415713144,6973.416362107047,90.78992042459718,4,0.27367840066999316
4402,45025.911289480806,4902.048051219526,99.97817804764787,5,0.33297437146387765
4403,34445.85409312742,5063.480930674601,96.96321899361033,3,0.5501584592321607
4404,34289.135159375626,5110.228633297616,97.07190977779302,2,0.0502245748441803
4405,23099.238334260433,,81.88576517625235,3,0.24837356835059377
4406,28318.569021848118,5078.00654741988,97.50741614921226,2,0.307775015185349
4407,14815.909870919895,6243.31957637155,96.44367275030622,2,0.728001677795229
4408,14749.659022805967,6071.3001833897015,85.25761057905866,1,0.8535378158112455
4409,16789.44263796157,6227.4156777215685,92.30437253643301,4,0.46410256998515065
4410,10257.47583135428,4989.497831774034,90.48239549277496,3,0.4588314346030159
4411,34349.652137927886,6265.546571400892,87.82632260278417,5,0.8451194146779071
4412,75146.41237210645,6791.777967832891,96.64921148377705,3,0.7201913401197819
4413,50958.66594085781,6860.79887452456,87.703930724982,5,0.592073890104597
4414,42035.88617134057,4745.568137725877,63.14187528053805,2,0.13091156439495322
4415,27118.448267314274,5013.341147665221,89.63911121456499,3,0.97771105918981
4416,65896.52555135582,7094.27126159642,78.98678837761182,3,0.07920747705727715
4417,50046.55649550831,4577.481238942766,99.386792027685,1,0.9492130349083272
4418,7865.58569259021,6419.338618212957,95.04252674880166,3,0.9274146773192965
4419,16555.311277047753,7129.147220458959,98.4320341082492,3,0.45553754064539587
4420,10878.906320733735,6945.570734922721,95.11474654578113,1,0.00040251995576301436
4421,25845.246602082592,7120.477684292862,94.50634030114595,1,0.46790750545442217
4422,16006.06041372055,5038.142133317518,67.08133051995111,3,0.9218547884775136
4423,48550.94722714955,7663.74710182452,80.25559848552481,3,0.8140591805491278
4424,19027.247999259485,4493.2869248584375,99.33473736213114,5,0.38004942017035537
4425,16931.863535764787,4650.526036801901,99.31182501645048,3,0.0679601409356907
4426,38945.23066502637,6405.178057679454,94.44270852316733,1,0.48150611450056346
4427,40315.6724422445,7401.892336688411,94.62335179245153,3,0.8466895289758297
4428,6696.726896611027,5827.456651670154,88.54838261750963,2,0.8218476118038919
4429,11141.321494833996,6363.94649828768,72.31951427431093,1,0.4429501966354499
4430,36993.193671274996,4012.4417080110893,72.46103751499622,3,0.657121441036244
4431,26041.200153033005,4577.585563765333,94.3636882580608,1,0.20032502047949186
4432,29865.48044833793,7736.031997853175,71.73459470874263,3,0.10640319445615787
4433,31553.727859477378,,85.1182975274339,5,0.8858264416345846
4434,26657.691422172265,6551.012444986056,69.70160298313213,3,0.2851923808788178
4435,11646.246995950096,7275.342447396892,80.07192591943843,2,0.5752953154840055
4436,87113.62096992976,4602.526478753962,96.71658644966624,3,0.33070889991940366
4437,46251.59054534457,7230.255133687408,83.88242208222445,3,0.4754425815228619
4438,13771.419108118906,6468.692494487968,93.13424319750459,2,0.7616611793638619
4439,39075.746091936824,6970.968206770599,60.87298948358087,3,0.41036207962277027
4440,23820.972721264396,4692.252148842361,71.35811354469249,3,0.15592020895185743
4441,82415.02297561875,5730.256261144149,90.62419020943733,1,0.11348736556083594
4442,12005.043802282564,6983.871255473832,77.38619243461203,3,0.24777556378302756
4443,9170.994252368715,5491.523046033877,93.5219980373198,4,0.6024935016204714
4444,34291.75577936078,5246.133436720385,90.72212798094581,2,0.9408556366038857
4445,21214.071352885734,6480.783895064628,97.17484224134039,2,0.3728464988419019
4446,22476.635908193468,5470.849231009572,84.48657430753991,4,0.2930800182254808
4447,17291.567827482915,4813.811638144334,78.5174411993584,3,0.15428712370978548
4448,54303.11490176594,5981.6528275566425,86.67950112007058,3,0.3267306018724969
4449,37877.269628374466,7205.636280262042,81.35793065929897,3,0.5065919612322386
4450,17731.95632792697,5884.519220297519,93.27467528308226,5,0.1851448911364959
4451,18338.580889824018,7485.707357436024,92.97888552960978,2,0.8564918994081121
4452,36205.66325869305,6571.463692405455,93.50979833298652,3,0.15061761657268125
4453,9713.468506992143,5541.882006635203,79.67529241298313,3,0.8554174138004053
4454,9034.68703494665,8177.61685627592,90.72891566547784,5,0.9180680758504248
4455,18164.972548911006,5399.295737297081,97.0899234161616,3,0.08654097435997221
4456,12957.963968210921,6339.567907953125,95.39773809048334,1,0.708706071129141
4457,14127.875675655196,5656.433781567295,99.93754968067682,3,0.07276752749405135
4458,10589.32134821421,6596.413757990142,78.33984081660536,2,0.4235320112398324
4459,12155.3349193639,6944.317449715741,90.09537505552726,3,0.23550237762936432
4460,26595.043473721784,5192.45729066301,94.80133862509196,3,0.4627184075447379
4461,23562.749992956324,7237.660834461078,95.33449293969257,3,0.12846520058210864
4462,8411.632553754587,5387.151923605092,83.92239214242633,1,0.2354331736285713
4463,20919.811738644,8596.612449352542,99.39168872628782,3,0.5634158392670509
4464,16163.386824980302,4052.879486202898,98.47987906659704,3,0.9533148086365182
4465,16324.340926241253,4321.929148122761,95.86033331386201,1,0.4947277165906435
4466,43938.488795796104,5959.231308403123,98.54893193866165,3,0.003590802161788753
4467,23124.397068415175,5559.491439596,,1,0.2601340886153354
4468,8857.791883865557,7164.168508383519,98.24992164866046,3,0.484296910019652
4469,12864.328290383994,5302.612261053727,97.5628942242368,5,0.9059988622709662
4470,17642.69314907434,5717.496121323471,86.30488799764667,4,0.6096824485116095
4471,34440.7425467469,7919.593432384123,87.91846184845272,3,0.8511441767252741
4472,9966.81359183365,5400.785294132895,91.43695408629038,2,0.9110169465999798
4473,15417.224979672601,6961.066249536764,84.18273447963254,2,0.5489906060094693
4474,28160.224032918984,5025.679910413578,87.60692833888963,3,0.9698792654916544
4475,15518.54809906234,5909.48779854281,96.18438295613167,2,0.9936726389420867
4476,6164.353590359905,6470.715355323436,99.21607239758352,5,0.8282569723633925
4477,27947.23533077095,4280.330564192212,90.56777427562697,3,0.918641191734265
4478,5559.28219119345,4664.696593259924,98.69943708605126,4,0.24294491825667164
4479,9452.54379589007,4812.4338756654,69.14743298123317,3,0.11231735561013578
4480,23608.657309659553,5382.859062916112,99.42110131496395,4,0.857442177392368
4481,13453.28496903784,7968.415536197009,79.69138434503287,5,0.806777474193713
4482,38545.83607483759,7070.996516335924,90.12418149931128,1,0.917331899582049
4483,35941.54562410235,4838.65327195838,74.67961158677612,5,0.7869133337915912
4484,24684.706565550663,5441.347044645229,86.97799343809808,4,0.9419008418177512
4485,44409.25412264943,5054.247370809481,97.595480877618,4,0.9906198799922918
4486,42407.53658781354,5715.752344064955,83.24768973709305,3,0.5022634966948247
4487,39812.20290659764,7780.474206562667,81.59881090573361,2,0.618147184941858
4488,5768.312856039483,5470.129891849996,79.60237831605455,3,0.783794833621668
4489,29916.270461418848,6641.791988647771,93.07073954030227,4,0.99102640655242
4490,91181.86736554909,5738.913657182096,98.66939050559007,4,0.3394575748719427
4491,13775.873225002983,5814.141391713106,97.11526875125853,4,0.874829244420774
4492,40140.99357749732,6984.646276717927,99.36608090649021,4,0.2513025351524536
4493,16911.749115179497,4037.1544126146428,97.89890365638307,4,0.5195291912293101
4494,14482.305242701896,6129.5134229105315,96.76720925329886,5,0.5825084189370671
4495,14538.575389134732,5314.4256087877875,98.99354793596241,2,0.4073004539823716
4496,19223.280551847893,6405.673725430495,98.79378615320442,3,0.5029804163955662
4497,47572.45541293932,5952.748934510214,67.19277350208756,1,0.495740887370257
4498,14209.854834886533,6355.001562041432,98.32306420890995,3,0.37631179712118246
4499,31281.40874491356,6466.7165366331765,73.95497263098041,3,0.6815681669142954
4500,14479.39912967224,,70.78782495234512,3,0.7537729804747871
4501,7774.485094235766,4289.6221112363255,90.55459593512673,1,0.8821061783223462
4502,23824.30842348511,4459.673330813807,95.55716490812863,2,0.6271507243018882
4503,13073.65805367428,7596.041425307019,54.67042531792467,2,0.8705957106676364
4504,77051.73783595493,6587.603177688538,99.56366344239069,4,0.9785179457652455
4505,11524.321227009383,6252.37811521652,96.06963029302624,4,0.2665832908240586
4506,23070.357969464083,6024.469318227329,92.37215200891605,3,0.47671605044542664
4507,45914.20019068969,6313.040292114586,75.75479071573821,3,0.2100279141471395
4508,58710.49720167011,4789.195024950596,96.11060433669759,2,0.1080848586906138
4509,11467.47053910013,6129.779474127849,90.59418394825174,1,0.11528595949381237
4510,30328.241144379565,6198.521958669701,95.18770774076876,2,0.9072898643158887
4511,16830.80046555462,5544.468632645415,86.18998065863362,1,0.14390118584159972
4512,15689.88100442021,6451.794764097194,91.82883926653747,2,0.3916189286229893
4513,6010.845085853771,5936.4034812454265,73.91571966997762,3,0.12527850051389566
4514,38537.04638113422,4500.133703626442,98.8348786460082,1,0.45971035235094504
4515,25497.407052231683,6891.785285371343,90.05817780942131,1,0.7810836717747748
4516,16653.646412527447,7359.647225107197,94.79126425630166,3,0.3273085372448701
4517,45855.411682183505,6881.11192669236,84.66453724374227,3,0.4826749656182413
4518,20829.46958651256,5956.249133994385,95.15865491897563,3,0.8482704455675848
4519,11695.758870302037,9251.644163785377,83.5539909037946,2,0.5468782369909313
4520,48951.19242405996,7478.4548736717825,98.82425814730881,4,0.44512080710218815
4521,7471.115630373293,5503.575500407991,88.93944338206136,2,0.5077334040627328
4522,52597.02307943341,7574.960491550713,93.33698242637529,2,0.7783137524799613
4523,25125.599992399635,5434.93815512798,97.88610452406652,3,0.06110226558067988
4524,15177.871617248598,4601.380417243048,89.40948754019715,4,0.9449189532848927
4525,33401.30535121275,4751.018118046277,94.52956843474468,5,0.6746078916017503
4526,62070.76508137032,,94.02414093190362,3,0.28275247647002133
4527,33784.53110201035,4842.998237559902,89.6480678363732,4,0.14412847285622743
4528,25827.736616503582,,98.83583443208975,5,0.1659646459299391
4529,14845.799206627342,6090.92515646382,88.6918725371778,4,0.873175073959224
4530,39855.62302269639,4468.402086142204,98.65982913853495,2,0.001350947088734289
4531,44808.26919345365,5057.405063552693,93.51577735250795,2,0.4266882514972853
4532,6523.752439864499,5482.086134176868,95.58702014990182,3,0.03480691332723018
4533,67909.38408707362,6536.62451709003,86.57966037074193,3,0.22547333346597342
4534,10804.21859625023,5937.777085535724,97.39696378835177,3,0.9942170664097237
4535,5210.403503832458,6472.190215324816,90.66926082661692,3,0.4366741750953046
4536,12320.451158843058,4754.983011094708,67.93540847863562,4,0.6164955772354707
4537,14892.41882469045,5939.841737169821,83.19533309569282,2,0.8057372462574663
4538,39119.661821829555,4659.780523366482,99.12102531830571,3,0.1295474902772623
4539,16865.965231099024,8010.106163564433,96.6479426676838,5,0.9222103322252597
4540,6677.70407395679,4776.92286113972,96.75493126710762,4,0.5305405140766087
4541,27458.094868808916,4724.589359404294,96.77235506552387,3,0.38839527101738325
4542,42847.097843210606,4386.515476310375,96.82117900372243,2,0.2275050690870084
4543,31948.077680995753,5953.951280515646,99.68321398523354,4,0.7196065005308121
4544,20584.425083954076,4486.0656906446075,93.67689769471018,5,0.6822660941222879
4545,16703.584869325503,6736.320586697405,87.98933138307461,4,0.7793302248090286
4546,60000.21837431477,5549.946013682809,93.82117029782286,4,0.688876816781493
4547,13639.0965227645,6101.398754841244,87.12794471114928,3,0.2832098641580676
4548,5827.54472908514,6237.022153603233,97.93120207757195,5,0.720227967618793
4549,30550.363074138833,5724.742604550882,97.81882175394982,2,0.17235044546749956
4550,57406.26477789517,5306.313823172199,92.27820428914967,2,0.5212025753933542
4551,6702.702847429551,6888.480245108647,93.88975178250472,2,0.7880513943680196
4552,23838.575274812967,5281.025611698303,85.27642927621427,3,0.6037151371367552
4553,74453.48953145488,4747.727394511332,73.8903343074063,4,0.11146332963382932
4554,5267.086447858654,6642.348218008827,95.83260908896783,3,0.043893141067088415
4555,48677.00559874495,5751.940162042925,78.86004439077449,5,0.3655127343480199
4556,40297.878668195044,6587.61656960041,90.71099193616506,2,0.3722975326642566
4557,19099.113545873974,5464.357811603487,87.16423383639862,2,0.8088984450907811
4558,29180.291999426987,7188.737653949586,89.07592699753835,3,0.053534095268480186
4559,57535.180665053405,6749.234921196654,76.8326471334122,2,0.7889297041009183
4560,25493.736506040445,4322.0214702258145,73.36510063257249,3,0.9685803809670367
4561,13161.455445716809,6477.562663000262,96.289232329275,3,0.5021624561372487
4562,32840.428131453446,7046.434203583114,50.14469200578016,3,0.30874662893152305
4563,59673.41239980213,5612.503272470313,97.75099060924065,2,0.7099354518138125
4564,23388.75785417737,5896.583277621999,98.4652678836972,4,0.42241992858228317
4565,38709.5341049852,4732.10166967793,99.27632314343585,3,0.8782561932354515
4566,23324.869104177094,5730.82244550915,97.90651691504819,3,0.858540010097543
4567,62399.91223679614,6231.451383100615,91.09150195500574,3,0.42841429897134464
4568,58430.10199702779,5697.951130945813,75.44604270447381,4,0.843051459215128
4569,11982.509464430123,5921.215204836895,99.66636287806905,3,0.444859756370209
4570,12853.418611217765,5188.20260144054,98.00895560574754,1,0.9332088476233219
4571,38576.52412414521,5122.555754379929,79.54916088698913,3,0.9426850539774516
4572,44753.76544611689,4680.63319371618,91.46311471643027,4,0.640274921379024
4573,82693.44720139711,5875.601848404103,73.38652718317763,2,0.4208940127848463
4574,24639.70983170185,5406.390242766017,93.67447004371525,3,0.8158865020835356
4575,52603.518560497854,5173.022844811572,99.51460967928107,3,0.011033312056414779
4576,9917.883260050963,5595.045824210982,96.37379449850046,2,0.9195139084495209
4577,6005.724493435663,4927.852147044222,98.35216108148902,4,0.25001358180171673
4578,12262.136873207723,7441.362340482681,75.44617743617921,4,0.28987031593738255
4579,28370.082286403067,5913.729896446648,99.07670347655554,5,0.7145235634280508
4580,17432.263300545204,6579.578560998972,90.96187694156838,2,0.5801814442489291
4581,30872.621528676704,4337.2327652293425,99.4940677233789,2,0.6233596364211047
4582,10202.781774646948,6675.106872868777,89.4824820395738,1,0.7141967353915418
4583,16277.241333253369,6053.588549883576,98.38266904280476,2,0.30633063485567846
4584,5945.689608521601,7674.180093674565,80.85893546841555,4,0.4796092432087449
4585,79302.85983779152,5886.0569430793485,99.71343774107221,1,0.37895628155697303
4586,11530.817445821689,4864.308853340754,99.32523118754524,2,0.9682493015800291
4587,24513.218332551987,5976.088168188148,99.50828284887979,2,0.9149758713496592
4588,24215.55483800674,6124.701479496698,88.3830474005711,2,0.6354443424370582
4589,14057.473033074375,6748.133279324272,90.60247923366968,3,0.8672359269341029
4590,7234.843008664135,6082.147171319687,75.59157526171789,3,0.6266065625990119
4591,44326.00270069318,,96.46725648184903,4,0.31417474154652647
4592,5449.990032286311,6103.1451795927505,98.1965905691967,2,0.39221494676042834
4593,15521.218550775493,7761.123870544487,99.4330628029041,3,0.7317679983716867
4594,39619.765707673614,4792.456768448857,98.93263412156261,4,0.2563003777185786
4595,20373.03219379831,7623.76055735597,86.26172622000526,4,0.9732999575519568
4596,16845.98624420503,6625.73514403266,95.68537272327563,2,0.9852599550336135
4597,30791.46356510243,5438.624433925308,99.6834894612364,3,0.9049229748156743
4598,20142.89494817974,5063.380690280345,88.4470534299093,4,0.2209685144027409
4599,33073.768803698105,4602.388210966891,98.13713026180075,3,0.2969478193281643
4600,13497.315402145477,4978.505700996654,79.72278246425618,1,0.7806499942585368
4601,32401.24828397318,6876.324503934349,70.66927884156932,3,0.3860728357060498
4602,20890.083645364502,6902.984792228637,91.78871820294088,3,0.7378970022632366
4603,30547.774924065965,6063.020893524183,91.71719538853237,3,0.8655620264471747
4604,31547.0598166838,8172.46180322588,99.17268048890953,3,0.10815974478619139
4605,9476.570236730735,6068.137980206203,92.68837098628994,3,0.2577416350930408
4606,43841.07052783783,5469.6316001749665,93.70582493404979,4,0.1520837030263945
4607,25578.87336904335,5223.228023844523,91.73272905786366,3,0.06194884058616146
4608,16378.175956076793,,98.31309352032187,4,0.5231638023331188
4609,54380.54109432715,5559.430350473945,59.69895175613761,3,0.10122265280890608
4610,33820.28549151456,6086.806640161616,90.18743790207301,2,0.837283895475804
4611,32673.782434825738,6060.859318750947,95.27465762840679,4,0.27332398904903965
4612,5202.577030901346,8204.087016809724,95.71910443103486,4,0.5201894688851636
4613,18976.085032412084,5196.979169262872,85.86469085939765,4,0.6526623009882809
4614,34166.27268303721,8335.69020531168,69.5821535834128,3,0.1844807722293178
4615,35682.57004964632,7396.369070362681,86.59833405978345,5,0.6066190363305922
4616,99036.63517101444,4694.097565745841,88.95264206674331,5,0.026151940435048537
4617,9283.409958586471,5337.757706449414,91.21136009463764,5,0.34344148178504286
4618,47657.608776110435,5291.981324715433,96.43698979643845,2,0.17657973845078812
4619,92628.53373741238,5917.601263687175,98.0869319330915,3,0.41289685696696865
4620,26660.881051937973,7571.9782437374715,80.37388656496067,4,0.5675521789507156
4621,19424.12489527226,4079.825028258915,93.89965665143022,4,0.6171670113783372
4622,8048.853373899142,5877.063761732353,96.01545122844746,3,0.30477681257443756
4623,25138.046536356134,4951.165705208145,97.91870549798874,2,0.09344348255711443
4624,6764.83414203335,6534.131154546965,87.09293903617844,2,0.446235747794248
4625,17388.745685528967,4960.3521573587395,96.01837907365868,1,0.0024811912591795604
4626,35868.863758760315,6104.385480751531,96.7990650667805,4,0.14091110778333638
4627,40313.06872633219,7214.959249758417,97.28749941512388,3,0.9511261186086936
4628,27746.134081556665,6438.928157769243,91.19481206830321,3,0.19511786876537018
4629,11529.130593381116,4890.735338971509,96.68811031336995,1,0.9349010954692533
4630,24127.39037333771,5934.224607484198,97.45793216058377,3,0.9809667852159889
4631,11882.519213924974,5243.187723922795,90.42631941771819,3,0.42381840466039744
4632,64744.02078639276,6848.353220408423,98.34438643620686,4,0.16859395587172188
4633,22268.785203655163,6679.917254322852,94.03907553221232,4,0.5256956426594249
4634,15316.693931195325,5138.925003608536,99.68326838280952,2,0.4113454253514609
4635,58235.44658852802,6338.307331169359,92.84442149321822,3,0.30404707491402483
4636,90689.7197626157,4847.6001924118555,88.87655529125902,3,0.9850101119789743
4637,51525.73997944103,8184.801324663575,96.84892062024734,4,0.3206466077774275
4638,50811.59370191753,,80.70507466591059,1,0.6548350394947565
4639,7291.552969454738,4124.435217735534,78.93843074124311,3,0.9039462164902267
4640,87694.72153100476,7794.980206132337,91.45979691053648,2,0.8762971481012276
4641,146028.21503787645,6725.029318737851,97.43816972834574,3,0.4804384002087554
4642,28480.94766213699,4811.255350653109,98.87566155864819,5,0.9288849613577201
4643,6758.885947791001,4376.557268697814,90.87216481880665,3,0.8873044558324066
4644,23680.229282953132,5564.5517731942855,89.690548529583,5,0.16440785008733416
4645,16512.09678978776,5355.509780243306,87.61301270314222,3,0.18027368091881102
4646,52733.023034097125,,93.18366367154495,3,0.3244188398264245
4647,30491.961844442096,5754.026708022201,77.54875998849303,3,0.10833950357569366
4648,68846.44767286672,6158.056968607566,89.79835314819839,4,0.2301924938179034
4649,36873.10091890321,5508.049668797221,99.52553598213575,3,0.8396558279325622
4650,16094.570206668983,7220.801857523091,77.15703657231775,4,0.25396085461375784
4651,25908.65503414691,5080.896012911152,97.51423293942663,3,0.8941754317436911
4652,45180.39868947495,6178.466509725802,84.29926706220866,5,0.4060805725316933
4653,6832.507408925103,5956.267063426924,99.98366573121007,2,0.5653426680789031
4654,10196.493931527202,6799.14110815886,81.62566304563028,4,0.348311673171523
4655,25212.912563481907,4890.847037018824,91.55783813971082,1,0.15587956501135747
4656,25088.97553617535,5229.477279170024,67.12273154753329,2,0.714402670131999
4657,5482.6268761859565,5224.488609275301,94.41918441292783,4,0.7509561088507637
4658,5658.192632118502,5073.478304023463,65.64375156746355,4,0.6875940648790656
4659,52481.708715073626,4125.4658833633575,96.85192816906218,4,0.2807230374939106
4660,49161.57883167228,6942.677504768136,82.42693156307551,1,0.25125960083814336
4661,17957.028830095653,4927.594507659993,66.01902935527994,2,0.9830934113928903
4662,5055.728406304601,6576.934229962117,98.29327646400512,2,0.8597790721212951
4663,12536.345893730715,4915.467454847749,81.47591857871511,3,0.17518345811216274
4664,69137.02853626962,7285.96723405153,78.89734240590019,5,0.36085938010212215
4665,34471.58929983803,4864.079794483382,79.76012319191874,5,0.3946367113974423
4666,21352.752974521158,5045.363836779306,92.04024903786214,3,0.5714114439437022
4667,21162.92662952088,4615.25760211681,92.01321926420792,1,0.8741575606126106
4668,8130.571499799208,6447.660352047883,98.85490017442626,4,0.2242932097835798
4669,9153.240896475712,4014.78793316922,89.74823815429332,3,0.8292822566170246
4670,19800.46862442472,6544.247532898766,85.50719394798611,3,0.04931894120373026
4671,38991.36057801649,7900.957832216652,96.19167674788312,3,0.8844968885771135
4672,13340.311446358994,6684.788548150862,89.49644882540419,3,0.008375140219251898
4673,8187.084763202005,5910.722048783057,89.00013310385727,5,0.14961938683127085
4674,34930.6661166344,6429.531835539159,99.92583089715643,2,0.94065964385724
4675,67312.179259787,4274.790265304706,99.8824485711755,3,0.8102623345824029
4676,17626.81175131903,5714.200674206455,91.79193440729016,3,0.5462910431924844
4677,18570.195107618125,6078.528889024972,96.83385353481208,2,0.40211148725370416
4678,32030.833572972766,7450.358490757556,90.54958185352378,2,0.017964885577717804
4679,60383.00488555523,7699.08560246561,86.68841809318107,3,0.8305469726555814
4680,101828.54174115483,,61.20803117463357,3,0.41381171789163973
4681,13245.92981715392,6154.447162983822,96.11998870783765,5,0.5688843102206044
4682,82375.64141741586,7085.415595381001,85.8205099599561,3,0.6802362215671026
4683,30523.849875763244,5255.520707406631,99.52295167715381,2,0.6462414003822021
4684,14133.562822068383,6889.792866042195,90.94670372617279,1,0.9600698898119223
4685,45782.11243352442,6182.140721141731,99.97035561688844,4,0.5265215425636469
4686,13886.02568633295,6866.947518758524,74.01985580931873,4,0.15543661979177825
4687,5983.0300319482385,6223.098410103934,80.33968852227432,2,0.37543395435316873
4688,13250.128566039399,,91.91835380955146,4,0.24770530549903658
4689,65464.9060806988,5862.030142048393,55.5318526200428,1,0.7541918501394757
4690,9818.393752370965,4654.062470912264,92.10488422643944,3,0.3127214306824597
4691,13543.888039153127,6536.902937895118,93.64274839223216,4,0.027440214254244366
4692,15136.715681204949,6530.430763409123,98.64013704943963,5,0.5169887189614094
4693,38312.7360108529,6791.018093210806,86.3638206968971,5,0.6973665027672226
4694,16412.41909726799,6712.983580912005,91.25345569877207,1,0.26781742135376396
4695,24799.887442602118,5637.638730070345,99.72521258821818,1,0.413875618994095
4696,34949.96272640528,4968.46027914015,75.5019487481464,3,0.5767175994999065
4697,43489.460353502,6941.212032840806,93.77746910717906,2,0.7824184010632893
4698,10152.37538567424,7831.2789443953825,92.2196900259071,3,0.16959804261275058
4699,17069.494485587857,6526.059084676881,76.88493982905464,3,0.3642614494752655
4700,51953.446543982776,6945.812338960126,81.15444316168339,2,0.6467097684462395
4701,82106.11153555501,7842.698392410465,99.08334669742003,3,0.6384370270231103
4702,10712.657742488107,6451.533010381566,75.94635598235577,3,0.4941344047429602
4703,6243.414071290557,6374.767385655937,72.24430334522161,3,0.5733542515053084
4704,7331.38187993354,6414.786707740865,99.50738557432874,1,0.4191176536666332
4705,71182.57262515384,4134.408806781398,70.54716018503436,2,0.5310133976540408
4706,22850.07101127379,8136.530501390114,78.69035672738885,1,0.5340258574186959
4707,21394.28484799456,6987.966948516515,83.52917329942964,5,0.1956423223127235
4708,80636.00013911162,6812.731921473969,98.09309644134764,3,0.4387812643574658
4709,20872.360415032505,6233.835568890082,96.68961772601176,4,0.1597781494769558
4710,50309.781570257706,4429.234108887375,99.55986764666086,3,0.1208333899722106
4711,29712.895265011004,5369.428678159944,94.25169291697985,4,0.8708801458404403
4712,22146.81256522483,4670.943010061437,68.90565004133495,3,0.4355051332148352
4713,69741.26775611693,6128.222428429673,99.88755254851885,2,0.47482045402378414
4714,35250.674584005596,5388.176983728954,83.72876008729439,4,0.17730135827107485
4715,32336.673922502698,6469.929624166595,95.21319281214531,4,0.22505657264484702
4716,22949.823433513226,5958.543669003178,95.86246083986353,2,0.8215173204201779
4717,33483.46816816697,4948.349241911396,,2,0.8676235783600897
4718,12054.404567011528,4498.30373484141,85.93445214837247,4,0.16321636599251688
4719,11785.653547218055,4738.482675180198,68.50037640295191,2,0.11712661390166301
4720,28009.278286386452,6776.308692276411,81.37219915945695,3,0.838433700884755
4721,18443.66633634461,6029.6239514794015,80.05549332200272,4,0.24172964788093698
4722,6512.450835098511,6258.16536927177,,3,0.9707966223007081
4723,7695.030993975399,5602.991966449794,55.00974929484269,3,0.06054544442353316
4724,13048.89351010328,7338.386444759632,94.6238339116838,3,0.14911948506635408
4725,27218.483649335318,5147.3101730923045,91.4013867391698,3,0.26765133024570664
4726,21688.446068250203,6064.958422210588,93.26877700885362,2,0.37887700318673534
4727,5228.504094392344,9510.142822266507,91.49662841321103,3,0.19843424619000005
4728,20275.958032228973,7192.089167916813,93.79948791783612,3,0.6975440222364876
4729,7427.191746648017,6461.846027737779,72.56202297019952,1,0.4493350558859718
4730,52970.85535796377,5226.80031085846,96.28422447618622,3,0.6194839215678247
4731,13551.255784331252,5633.616439612678,69.01632367104324,1,0.9275580005031296
4732,18579.661759809875,4652.1831846834375,90.44464163982101,3,0.49629180682997187
4733,32543.251482032156,6254.132604764377,97.82517101326319,4,0.35187711718803694
4734,45170.43204208121,4831.2599907914455,99.92670146732952,4,0.3688249752494278
4735,15375.916729565746,6656.138994108112,99.27511124174787,3,0.5747865096071955
4736,8652.761649296144,5717.576294631245,91.58916486917367,5,0.5976497666727779
4737,16210.605801689166,6632.36250585546,94.0677806289763,3,0.5523064236723835
4738,15744.195188184729,,92.99225876138524,5,0.9077017668664157
4739,14826.286533945426,5919.45710726527,93.34413957647179,3,0.26352061615084665
4740,5303.492081982876,4336.752306288624,77.29558986998191,3,0.4445631875664616
4741,31617.838537108102,5025.888351570491,99.16660743179156,4,0.5942551165687102
4742,13217.058413791909,5245.024725882643,90.15517695574046,1,0.06641015765385694
4743,68097.9078564423,6613.59290637833,93.46584578616303,3,0.8740837701270384
4744,65876.82443115549,6048.4407621061255,96.94193852332799,1,0.17058915908924088
4745,23177.709714894158,4984.63686259134,88.58483602354616,2,0.9647710187906648
4746,11301.31344102502,6602.609060813541,81.53169860137153,1,0.18750529577255937
4747,16738.222665174835,6723.099318200001,87.36927213175886,4,0.4739629263105044
4748,19055.397139155553,6409.091632772821,87.23389037477776,3,0.053113800496759955
4749,41778.871854497644,5061.098886860548,98.40502046030845,3,0.4664012502393401
4750,35858.207699966195,6285.83027689058,87.61194118193265,3,0.33229340861794743
4751,19340.737213230233,6603.607474250246,92.70257416881248,5,0.7011678508325172
4752,41029.31433646412,6528.849231549758,93.70113196410101,3,0.7814957535380535
4753,32508.837980046606,6131.791909452424,93.85257613801625,4,0.7551520626830808
4754,7691.286392550526,5981.784396696134,92.43297304481439,3,0.5387122118750998
4755,39697.37750105164,7215.613578993272,87.3460590342887,4,0.29794015042848354
4756,23544.827104918157,7371.406866910191,93.11280672023264,1,0.3109985221393077
4757,12271.44132608495,5839.585193450154,80.59946050190511,3,0.5400888279429847
4758,28440.774963197866,6988.710004088603,66.22519768433179,4,0.7246768794494404
4759,35648.88049999342,5930.959555822591,98.52690363594355,3,0.1835704118030952
4760,36810.82672106237,7131.319045671025,90.04147720689002,5,0.14622278328955118
4761,127278.27421424509,6503.37281116667,83.27909739791653,2,0.2778850380915544
4762,22018.49522094212,6863.2566651734915,74.17394067437968,2,0.41669581245874776
4763,27013.188345898776,6736.48286977752,98.37900988065464,3,0.02458443646293129
4764,27381.246401366938,6270.340671467218,93.30996947047284,1,0.32931435409057797
4765,68780.52398643005,4329.558256476494,96.82397778995231,2,0.5760189820040932
4766,7754.598894015166,6561.250559539861,98.33756179956842,3,0.08972678909379228
4767,26988.099342893816,7437.900106640282,86.67728712081568,3,0.5744652709044304
4768,20023.54981385309,5369.4012385121305,97.78639474635831,2,0.008129287126714568
4769,5721.875704022404,,97.49978355510966,3,0.9768079783297922
4770,29362.69583997577,7642.48109424241,97.74242454765746,1,0.6316726095137857
4771,61039.593444840284,6707.768172645359,90.61597954948373,2,0.5817185848970721
4772,78127.88641888021,7269.338584459447,81.41543740669238,1,0.5856285600808547
4773,17203.6151504617,6851.637979260202,59.74776469780218,4,0.5944932151672647
4774,59584.24163493605,6347.907047638961,92.74507047513096,4,0.13374441750674326
4775,38857.515634121715,6601.900850955072,83.23767741085739,1,0.33560043296368003
4776,8075.680540013065,6757.030188576583,99.93938941462945,5,0.752257017451002
4777,40644.95979851963,5913.121053677741,99.44984930910307,1,0.3287390382959473
4778,22306.150675845853,,89.22511368021244,4,0.15868669080467357
4779,46211.50861763917,6355.232827990095,95.76552768907945,3,0.58519332867662
4780,22163.1989551498,7146.611610120343,88.92610797315011,1,0.11021102859460996
4781,14807.817610361375,5158.079759613029,93.08769301378163,4,0.8843951678842362
4782,24816.980935167798,5081.036674816772,94.3110172622863,4,0.544235286481935
4783,16700.608369862326,5506.230731806425,99.70338224741774,4,0.1497224726448264
4784,22475.393928328027,5104.113506528365,72.94934892751883,4,0.22839064706694845
4785,69127.91501566506,,76.72621099110546,4,0.15361981544796577
4786,17849.26466033884,,83.39414451410111,5,0.8030819588475046
4787,86688.27746379618,5288.523332450469,83.5694416554246,3,0.16246463540825817
4788,64343.34956753029,7324.291206879648,73.97428655438267,3,0.14884469919128251
4789,37389.46771145606,4466.908958404245,91.31193629473825,4,0.9509179815383626
4790,61424.16550615717,4043.022211232267,98.64124647082484,3,0.9929326798547649
4791,21800.48250828092,5529.442321636366,86.70248722003831,1,0.28841808430363414
4792,51409.07941864954,7124.237792092618,86.17608054057217,2,0.06711918429753938
4793,12209.961170474706,,99.67577470658351,2,0.8198707302940175
4794,45334.41483847212,4276.703980939347,91.091319502862,5,0.10333676032802586
4795,29246.442661794943,6825.477462545198,68.42117838226469,5,0.9014501623035587
4796,108821.43994654279,7494.178348841803,92.87647620447679,3,0.0783885522719584
4797,54439.85090616119,5702.067932606362,97.8532669967166,2,0.819806933093182
4798,14835.581007531568,,77.32508050764271,3,0.451899038253487
4799,18417.815447508983,5314.513138441756,98.09156292026134,3,0.21673586981744952
4800,6126.4110781245345,5439.279828404518,96.6684590856564,3,0.9655442468860159
4801,6070.013243372293,,99.04690456130861,3,0.2657859650735164
4802,38228.46118765094,6887.584509372397,89.43223300952565,2,0.8923881017091422
4803,13876.036431480055,5977.603386458321,95.80232962051508,2,0.46527361557229774
4804,33330.027500294585,5536.888745905242,99.54715474860039,2,0.4419535734794632
4805,5829.082363639783,6556.16708600156,71.07886686350989,3,0.741742393239284
4806,11435.346782612869,5386.54198851409,99.8697822193787,3,0.9545606185272976
4807,20571.604609820708,5748.118629541043,81.71647803718851,4,0.5624885937333626
4808,7838.005205717632,6205.132055276148,98.49289963776266,2,0.9984717881274862
4809,23747.983013634897,,84.01228903362714,2,0.031311041505873716
4810,23709.47682905533,6197.135739225699,69.62773725247658,2,0.3155767166689979
4811,9163.720640428806,5370.455169542552,91.67855502298504,3,0.9380091113740052
4812,11636.296413219294,5735.082634154961,98.31940984763226,5,0.37567646102794083
4813,36550.58097180512,7812.02825415298,88.00646144198862,4,0.36700998041217736
4814,13662.054236865228,5049.636598681641,97.05412001700199,4,0.4028242247550604
4815,7315.767371307949,5733.040651429058,82.67201170648582,3,0.2994294226556934
4816,43051.571282041805,,86.49937954782692,3,0.7594012816609851
4817,20330.170748793473,6838.496258452464,97.19428864939374,3,0.2299538886645187
4818,14338.846181665029,6096.469466261227,99.2353059749824,2,0.7032035659262543
4819,36632.79111783979,5792.799639432575,90.59111202292898,3,0.3707047059602031
4820,24219.75528261896,,97.46757435895562,3,0.4951581832081918
4821,33759.39406232771,6392.522684299339,77.89404923092658,4,0.14421704724918583
4822,39270.34764751479,6593.56393882292,94.21664054755006,2,0.6071505385309256
4823,48141.98353641143,5622.669442174451,79.13722074841463,2,0.9718608202465968
4824,17675.421811369495,4743.895940553105,69.77082846350538,3,0.4224827135252417
4825,10943.795265813173,5582.927062033223,94.60963677768723,3,0.7656385434740469
4826,122670.49834911278,4486.697531787358,77.17849360027604,2,0.2830133394039296
4827,28590.42606974104,6539.015099934908,95.4966438659939,1,0.41194555038845815
4828,50413.45230319998,6291.764537912125,91.84659965165301,4,0.2796965584287918
4829,24760.74761734472,8558.357347269795,98.33924001214717,3,0.7718171914536003
4830,28212.41506970306,4058.189960193721,98.2942000301686,3,0.8435832694407562
4831,13224.069296013247,5593.133827309305,89.62150942531687,3,0.5897746583383923
4832,45375.35297222122,5093.770488145543,94.9725320120971,3,0.15785793195522901
4833,11998.710537108163,6266.589215212844,96.63303373215906,3,0.37702669947160006
4834,69776.29091490337,8304.159351138287,96.95144258404217,4,0.32222716771197235
4835,25584.549457338737,6559.31141975566,99.11522155225784,2,0.7750925219222291
4836,8081.375675676318,5405.635914969408,91.68236586761998,3,0.1969756167284299
4837,34291.44551206086,6285.915242721505,96.85443144443907,3,0.9427898071254246
4838,12221.993920624067,6310.396433753839,90.65183134001057,2,0.5133606646086885
4839,5616.717100304089,6985.939214686959,81.92017599679038,3,0.8034082496797409
4840,21601.53776870873,6845.553315432355,82.01706762680138,2,0.5591294015558509
4841,21298.475733945874,5611.206485120877,70.28789534293695,3,0.40365605262525794
4842,17877.397140170993,5060.0264556832,77.2908838392213,3,0.3308344179886711
4843,41266.3601295788,6260.790472768383,64.18410452376978,3,0.5738774525869264
4844,6885.717573363179,7226.64856217345,76.75901098567994,2,0.5729418441240852
4845,5937.402656077903,8183.771394413611,94.96726688530315,4,0.0003662875600328741
4846,7647.901943282629,5284.024504689651,92.33343243089709,1,0.38313614020479936
4847,8514.728009972412,7900.032204887827,76.71868280783339,3,0.7302598504457946
4848,33670.623279237145,5377.381487825807,96.95612025168427,3,0.9254029184582399
4849,43360.29329902022,4168.422006419177,98.80557635768201,4,0.1255222483157754
4850,12466.242513620007,7307.44357649466,82.57232092488648,4,0.5594093907993961
4851,5273.658693595311,7357.720226699599,93.60769121355686,3,0.4420238329856272
4852,21475.271607105464,5290.410771506112,84.29790225504624,4,0.026992894906982534
4853,11854.816681101187,5472.579961317751,91.31204294612672,3,0.3996254551585334
4854,6729.261705963416,5144.601079839015,99.17870554656636,4,0.4538428985472913
4855,26864.43735637916,,98.36466719129281,2,0.6099645874387728
4856,13448.30166514974,6326.407892113142,98.50973125814836,4,0.25695089088858536
4857,29731.05327265483,5307.657264259043,54.11901387901419,3,0.04560669303703557
4858,44893.28262864181,4621.948692394653,57.146794155384804,4,0.4573629680060527
4859,22325.562906591167,6444.318925607306,89.1806948778968,5,0.28147713575358224
4860,20276.905064680854,6582.004069628038,,1,0.7741778611300847
4861,72854.13255395864,7434.716099634128,94.99495842374928,4,0.6331561000625182
4862,20847.214411338122,4484.632341068813,84.33506711595294,3,0.9006994539099638
4863,14626.955007240676,5579.7078565722595,88.85695143629555,2,0.8392388062193529
4864,67245.6020635334,4881.0722933701945,99.33799176359986,3,0.7579552325440203
4865,14117.403075929382,4717.822913513846,92.1487016077765,2,0.044760532725774405
4866,72697.75199017367,4839.971073292993,90.12027372024576,3,0.9897728968862883
4867,7624.838488486521,5885.054561155009,92.6139418326174,1,0.2335700777259574
4868,15705.071803358363,5239.926701823448,96.49812752121326,5,0.30425326509248996
4869,5546.421067931219,4503.496434586932,96.00783115551373,4,0.1814853854963876
4870,7339.987650452193,8527.080371571978,92.55232094308552,2,0.6558521776000591
4871,12685.477097572888,6220.750217447763,97.67132138761434,3,0.3747821725960747
4872,39414.49272105001,4857.476864495161,96.00449514527809,4,0.33098360286238304
4873,41905.00054802531,5789.351056498667,77.92631153308557,4,0.9079348715722221
4874,12622.650250627043,4217.052922138137,96.19526263181078,1,0.11601766112949397
4875,11852.92855380052,5160.713971071556,99.90199991129583,4,0.3291770012950992
4876,45555.07747956881,4640.3082553537815,97.62788431374192,4,0.5416092552142123
4877,46097.0889524225,5895.902405121598,97.95390202989336,1,0.9826653156128666
4878,12515.270810749696,5126.874049136287,98.38737320327753,4,0.97305319883939
4879,38502.985170194566,4780.53697256113,98.43950610063783,3,0.3144008171436804
4880,25604.135082596054,5022.296086012255,95.05154838594407,2,0.7621074104301613
4881,17418.330780931403,7303.76245333086,89.53412844230985,4,0.7546512932736875
4882,27214.798755065385,4794.292034936623,71.84824763690999,2,0.5848352097739238
4883,16257.014417104754,6309.689787998959,73.89218768461049,3,0.07129030412965143
4884,15966.289599485477,6927.042826253944,90.76509157457228,2,0.11190273389476679
4885,27704.237263219573,5987.392375193138,68.88820984466722,1,0.1219801901802463
4886,24760.033062567913,6309.488528767772,94.13392622920973,4,0.653364097013193
4887,22329.317829582767,5361.028932513389,77.90904487977218,2,0.6133965079700092
4888,18865.942130433512,6921.029753000142,73.84032825140649,4,0.1707631790616374
4889,7019.18057593002,6363.057321865193,98.54883581395106,3,0.7460205242230653
4890,8425.931053024386,6279.182960891736,87.99101798152279,5,0.9653945666342587
4891,36173.58394428296,5280.940250127382,77.76947318543891,2,0.5053066932204299
4892,12923.960898420064,7380.639860401118,63.97765255141768,2,0.511082823589953
4893,30454.106353688032,6418.982275029795,90.00189444789471,2,0.712320039307829
4894,19232.557228168487,7529.329907441376,82.88631078363564,3,0.8723717558487271
4895,53755.5751186275,6313.197406449544,96.0537500750361,3,0.735769977765286
4896,14082.31599087559,4781.684472584461,91.03240176438247,3,0.02464881644436434
4897,6477.455020255474,6856.982892159805,91.1875813350851,1,0.42308085334794776
4898,115356.95723994737,6262.169776494492,65.37534177127817,2,0.48701844846790776
4899,14126.89665395792,6239.670575548922,87.14809872691819,4,0.6433395200969096
4900,20982.087885527155,4424.784401268353,98.73920386473324,1,0.7193198093922761
4901,10555.280697098467,7090.925628512688,98.59138691795812,3,0.26903566115021527
4902,37597.427312585234,7006.008220486194,96.0560173577546,4,0.2463399408541016
4903,10526.970340596567,4727.620966058896,99.30540072081688,1,0.33379064989805496
4904,5235.1693013537915,8189.071498242556,87.18687256010473,3,0.29550619512734566
4905,100745.13569160814,6305.3187374772315,58.20325150209411,4,0.2818685657978012
4906,13544.555415402589,4252.606594728457,95.92359919111048,3,0.24973803993253263
4907,17783.6159481273,6024.8686690720915,79.29021560713846,3,0.6126165609477552
4908,24965.26166253296,7530.146190477841,99.89970788512873,3,0.8207180956005058
4909,16812.11125227413,4555.36403051896,92.66466618593645,2,0.1568120875781206
4910,48256.99512569439,7127.838704066062,95.15112643177375,3,0.7879979085061808
4911,10444.634833287215,5855.113347411242,94.42883026092413,3,0.9523093901123282
4912,10697.598179565492,6063.303371876164,93.03896469769933,3,0.3722966044737962
4913,22999.07188660889,6221.603449125616,91.79436448396595,3,0.4404974566253349
4914,14427.217710075309,4169.5836290252955,86.4162003715819,3,0.7585874985166844
4915,26310.83316129718,6225.715380011856,98.877653557313,1,0.6360584632422853
4916,39996.946437959086,6359.943623994163,90.72385694799785,1,0.08317389160868571
4917,14144.58007197966,4857.691356244942,98.5117772838908,3,0.946480292609937
4918,39329.063399006955,6364.16042746056,90.43179939722592,4,0.9943144092839064
4919,26605.59241593,6014.698993959743,97.59902259753129,3,0.36246504638089405
4920,125887.77661305152,,92.65726908854428,2,0.9222004328090095
4921,37829.359527962275,5515.790372970877,98.9149927401053,3,0.40467780698855493
4922,24192.745823543715,6754.852943826707,94.88010670121042,2,0.417573235076635
4923,7764.909148282614,6869.35020166667,86.52606893343086,2,0.999404848673279
4924,9518.65835309435,5837.909116281369,97.5533316610976,4,0.7960050312072265
4925,7498.393955519632,5794.83729970983,83.78459237567252,4,0.6447760165589839
4926,15419.31057795402,6877.341990322702,75.84665087534925,5,0.8674972459578145
4927,29763.57627504238,7373.725335633907,95.7618136957833,3,0.5550384843149765
4928,32136.2517895284,4837.9366228284625,98.45758441569708,3,0.5946037423923733
4929,21764.124943834842,6236.704542971888,98.67385196924397,4,0.9342066951356405
4930,87532.36359209297,6489.812550921636,99.49350662510851,2,0.9160986224746844
4931,72011.62967857141,6604.86664977474,75.23531012340712,3,0.7253858017771964
4932,14135.999188293934,6087.205753750009,58.19125651471728,2,0.917556230742354
4933,11290.584831280245,4637.027052273059,89.52612306271315,3,0.48569205175022223
4934,13439.763978370167,5574.545706473168,94.47803775194326,1,0.04273664058727367
4935,25634.486904839883,4160.392115026643,99.36412083646918,4,0.3819026295103827
4936,75096.632963637,6172.387802823727,57.55291471112726,4,0.2512418192825564
4937,16555.998765275854,5356.089796069235,99.78284833254712,5,0.49240546701205323
4938,58549.24248082743,5291.719945941468,94.71798220324243,3,0.7811570332507092
4939,15338.981360633468,5185.752546371222,99.47255725139598,2,0.6059160107819402
4940,20018.36387848646,6784.556179979843,89.18202078710425,1,0.2533006222710854
4941,21479.794415812292,5100.018511610895,,3,0.8606514917756999
4942,72035.81425025711,5957.53882232091,89.10093272507869,5,0.5862071286693336
4943,12616.88250572915,4491.52106033992,86.28680208044712,3,0.40166223314007443
4944,43070.641848132596,5365.525208917898,98.93693268895076,2,0.06384673430848808
4945,10708.463248364646,4942.860015655066,84.56900919784017,2,0.6772384455811088
4946,20793.698595312308,7206.939747511241,97.67433917491057,2,0.744350899672412
4947,32933.527728413916,7031.622138966995,93.19798815606481,4,0.9501939532577183
4948,58879.180509808,6129.559295214553,74.10839146328244,3,0.6759773105500037
4949,19112.655928565324,5040.930568864531,96.2546818534674,2,0.7698655046972261
4950,40431.89121460384,,99.06389777664421,3,0.9683851710189362
4951,17678.310489579846,8874.635440642222,62.47097683780406,4,0.13072562213063876
4952,70763.89138355615,6849.560523822105,92.28731433432166,4,0.1232019712652066
4953,10198.553311501235,4462.316741601688,99.47042310644642,2,0.5438022472871403
4954,29543.097122572035,5961.772831429153,85.03176885110902,2,0.4424543264765257
4955,6161.031501855987,6193.999793039737,86.22014791461793,1,0.9768048497770874
4956,11438.98750596926,5651.842007049745,99.27919631748759,2,0.7491807555129733
4957,19034.005900676962,7838.021626635131,97.4028817005562,1,0.42578308448592284
4958,29519.505493022538,6925.88400160261,93.9166022700199,3,0.16315679279485518
4959,64363.06527973661,4847.943096578541,93.78973045880252,2,0.08563317920762259
4960,48667.348033366805,8870.104874170585,85.36597377841133,3,0.17406935552642866
4961,19710.389702260876,5289.411178736145,63.39971916719696,1,0.9765710477240416
4962,51352.9296483077,6344.6984854479515,90.35319808934085,3,0.9742086207668491
4963,5123.655043469264,6128.074307513563,93.1792320037076,5,0.9036611754295243
4964,32934.24334467582,6443.712143685735,89.54552831082022,3,0.13491754341503592
4965,45881.93696718515,6729.821184429247,98.96563959623423,2,0.9174000378992194
4966,16301.051255366941,,84.02051425550272,3,0.9278453846166255
4967,6875.458272855494,6027.978189434781,91.71735444757428,2,0.5901072064042749
4968,20002.80964284621,6505.782259654813,89.78361973125783,5,0.7187844526106298
4969,27512.03811234558,5581.392448020822,98.92946395161827,2,0.75321562669712
4970,26355.343455591406,5773.301934673173,84.80427109786407,3,0.3293247445593961
4971,23545.223093189863,5957.384900845334,89.55356588139021,3,0.1487045281238728
4972,33920.638235960156,5733.1353995889385,96.73508775506794,4,0.5546925407253432
4973,26570.019864316244,5276.995372425921,88.99726691511913,2,0.563431926172633
4974,23052.63435617515,6043.823443680457,99.64869606582863,5,0.5207981932293814
4975,25373.034455924066,7574.598352144632,97.79281297534968,4,0.04095857452928975
4976,18773.280605888125,,99.8141464203671,5,0.8252716679241927
4977,27162.105069413217,6701.085087773138,83.79891161257851,3,0.9177933661659443
4978,37188.877533730774,6926.736670267706,73.85207067290096,5,0.3757991151726022
4979,7728.273044190625,5094.467323485673,87.55034376827899,5,0.38494094567943005
4980,9809.278979384088,6943.697615278204,96.53130027340846,1,0.7267429770041769
4981,87695.83868109921,5738.660967758269,82.6242880519398,4,0.20611562231467961
4982,40395.368036521824,7959.795283105932,89.27038363186563,3,0.4375954150660526
4983,41587.35979668909,6255.103095268185,99.67460403571457,3,0.23054899397745943
4984,11643.732003536632,7543.21644196979,92.24045007053458,2,0.4529236561220057
4985,28394.059206667054,6529.4541263705205,83.29443604039724,1,0.4771979640892188
4986,55751.0030611646,7360.161220326036,81.14530557372919,3,0.5689161550882872
4987,23724.42845259443,7249.685397632189,97.65019568507367,4,0.852462634741253
4988,58798.32985773488,4710.782888760199,81.74534757376121,3,0.2822947780700503
4989,9531.450068510734,4759.185185064128,74.3820383655935,5,0.7929771775531107
4990,24573.073494609584,6711.64118311561,86.34870442935632,4,0.5761113133374471
4991,11122.053038185059,6922.661925479027,82.46140732833133,2,0.49314255446883193
4992,23519.78656846394,7251.631446569718,95.65786851478484,4,0.15386607571015531
4993,31783.91751844308,5514.158419182037,75.44372720427565,4,0.3208873807969673
4994,74363.8932114101,4730.926502827855,99.62700536522783,3,0.4414814573584732
4995,8045.6617008267995,7503.036263469078,92.28096893360326,3,0.026527294299217408
4996,25964.1556830355,5794.22446774184,93.26822404765053,4,0.8446706703887359
4997,42476.28983913802,6310.736317733134,91.53616901667979,4,0.5850551136735337
4998,31375.1599760584,6086.654093765874,84.91945948260303,4,0.4354588474486779
4999,85425.89748136388,4720.366979574286,93.48937753390375,4,0.5972871909597445
5000,5804.383844801461,5713.211183431397,86.05636760592755,4,0.7790991440343129
